/**
 * *****************************************************************************
 *  @file       Projects/HAL_examples/I2S/I2S_Slave_TX_NormalModeIT/wav/wav_data.c
 *  @author     Baikal electronics SDK team
 *  @brief      HAL example source file
 *  @version    2.3.0
 *  @date       20260703
 * *****************************************************************************
 *  @copyright Copyright (c) 2025 Baikal Electronics JSC
 *
 *  This software is licensed under terms that can be found in the LICENSE file
 *  in the root directory of this software component.
 *  If no LICENSE file comes with this software, it is provided AS-IS.
 * *****************************************************************************
 */
#include "wav_data.h"

const uint16_t wav_massive[] = {
0x4952, 0x4646, 0x4024, 0x0002, 0x4157, 0x4556, 0x6d66, 0x2074, 
0x0010, 0x0000, 0x0001, 0x0002, 0x1f40, 0x0000, 0x7d00, 0x0000, 
0x0004, 0x0010, 0x6164, 0x6174, 0x4000, 0x0002, 0xffff, 0xfffe, 
0xfffe, 0xffff, 0xfffe, 0xffff, 0x0003, 0x0002, 0x0004, 0x0003, 
0xfffb, 0x0000, 0xfff7, 0xfffc, 0xfffb, 0xfffb, 0xfffc, 0x0000, 
0xfff6, 0xfffe, 0xfffe, 0x0003, 0x000c, 0x000d, 0x000c, 0x000f, 
0xfffa, 0xfffd, 0xffea, 0xffeb, 0xffe0, 0xffe0, 0xffdb, 0xffd9, 
0xffe2, 0xffdd, 0x0006, 0xfffd, 0x0027, 0x0020, 0x0017, 0x0018, 
0xfff0, 0xfff1, 0xffec, 0xffe8, 0x0011, 0x000a, 0x0028, 0x0021, 
0x001b, 0x0016, 0x0011, 0x000d, 0x001d, 0x001b, 0x0013, 0x0015, 
0xfff2, 0xfff5, 0xffe5, 0xffe4, 0xffed, 0xffeb, 0xffdc, 0xffd8, 
0xffb4, 0xffaf, 0xffbe, 0xffbe, 0xfffb, 0x0000, 0x0019, 0x001d, 
0xffeb, 0xffed, 0xffc6, 0xffc7, 0xffe5, 0xffe5, 0x001c, 0x001d, 
0x002c, 0x002c, 0x0030, 0x0031, 0x004d, 0x0051, 0x0068, 0x0067, 
0x0055, 0x0051, 0x002b, 0x0029, 0x0005, 0x0007, 0xffda, 0xffde, 
0xffbb, 0xffc0, 0xffd1, 0xffd3, 0x0016, 0x0012, 0x001f, 0x0018, 
0xffe4, 0xffdc, 0xffb6, 0xffb0, 0xffbf, 0xffbe, 0xffce, 0xffd1, 
0xffc2, 0xffc5, 0xffc7, 0xffc9, 0xffeb, 0xffee, 0x0004, 0x0009, 
0x0003, 0x000e, 0x0014, 0x0021, 0x0036, 0x003b, 0x0025, 0x0023, 
0xffdf, 0xffdf, 0xffe3, 0xffe4, 0x0036, 0x0037, 0x004c, 0x004e, 
0xfff0, 0xfff2, 0xffa6, 0xffa7, 0xffd7, 0xffd7, 0x001f, 0x0022, 
0x0005, 0x000b, 0xffaa, 0xffb2, 0xff90, 0xff95, 0xffbd, 0xffbc, 
0xfff9, 0xfff4, 0x002b, 0x0024, 0x0054, 0x0051, 0x004c, 0x0050, 
0x0014, 0x0019, 0x0010, 0x0015, 0x0063, 0x0067, 0x00a6, 0x00a6, 
0x0073, 0x0070, 0x0021, 0x001f, 0x0004, 0x0002, 0x0014, 0x0013, 
0xffee, 0xffeb, 0xffbe, 0xffbd, 0xffc5, 0xffc5, 0xffec, 0xffe8, 
0x0014, 0x000e, 0x002c, 0x002a, 0x0031, 0x0033, 0xffee, 0xfff1, 
0xff98, 0xff99, 0xff8e, 0xff8b, 0xffcc, 0xffcc, 0xffd9, 0xffdf, 
0xffe7, 0xffea, 0x005a, 0x005d, 0x00f5, 0x00fb, 0x00ff, 0x00fe, 
0x006e, 0x0064, 0xfff5, 0xffec, 0xffb9, 0xffb7, 0xff59, 0xff59, 
0xfef9, 0xfef5, 0xff3d, 0xff3b, 0xffd6, 0xffd9, 0xfffe, 0x0001, 
0xff8c, 0xff8a, 0xff42, 0xff3d, 0xff2f, 0xff29, 0xff04, 0xff01, 
0xff27, 0xff29, 0x0041, 0x0044, 0x0177, 0x0177, 0x0184, 0x0183, 
0x00ca, 0x00c8, 0x00a7, 0x00a3, 0x0120, 0x011d, 0x00e1, 0x00e2, 
0x002f, 0x002f, 0x0003, 0x0003, 0x005d, 0x005f, 0xffe0, 0xffdf, 
0xfeb3, 0xfeb0, 0xfe3a, 0xfe37, 0xfec9, 0xfec8, 0xff1e, 0xff1f, 
0xfeef, 0xfef0, 0xff54, 0xff56, 0x0043, 0x0045, 0x00b9, 0x00b7, 
0x006f, 0x0070, 0x0091, 0x0094, 0x0125, 0x0125, 0x014d, 0x014a, 
0x00fb, 0x00f8, 0x0141, 0x0139, 0x01a1, 0x0196, 0x00d8, 0x00cf, 
0xff30, 0xff30, 0xfe89, 0xfe8f, 0xff3c, 0xff40, 0xff85, 0xff88, 
0xfecc, 0xfece, 0xfe43, 0xfe41, 0xfec4, 0xfebc, 0xff7e, 0xff76, 
0xffec, 0xffec, 0x002c, 0x002d, 0x0041, 0x003d, 0xffa4, 0xff9f, 
0xff55, 0xff55, 0x0059, 0x005a, 0x01a0, 0x01a1, 0x0115, 0x0118, 
0xff2f, 0xff32, 0xfe8b, 0xfe8c, 0xffd8, 0xffd5, 0x013e, 0x013c, 
0x013d, 0x013f, 0x00d5, 0x00d5, 0x00a3, 0x00a1, 0x007f, 0x0080, 
0x003d, 0x003f, 0x0082, 0x0082, 0x00e6, 0x00e7, 0x0074, 0x007a, 
0xffac, 0xffb7, 0xfff2, 0xfffa, 0x00e1, 0x00e0, 0x007d, 0x0078, 
0xfebf, 0xfeb9, 0xfdab, 0xfda2, 0xfe81, 0xfe79, 0xff97, 0xff90, 
0xff9d, 0xff9c, 0xff38, 0xff39, 0xff80, 0xff82, 0x000c, 0x0010, 
0x0040, 0x0045, 0x0087, 0x008d, 0x0152, 0x015b, 0x01cc, 0x01d4, 
0x0124, 0x0126, 0x0014, 0x0013, 0xffc3, 0xffc2, 0x0015, 0x0018, 
0xffb7, 0xffb8, 0xfe7f, 0xfe80, 0xfd9e, 0xfda1, 0xfe11, 0xfe10, 
0xff0c, 0xff0b, 0xff9a, 0xff9f, 0xff9c, 0xffa2, 0xffba, 0xffbd, 
0x0031, 0x0033, 0x00bb, 0x00bb, 0x0163, 0x015e, 0x01fa, 0x01f7, 
0x0247, 0x0247, 0x021d, 0x021f, 0x01ee, 0x01f4, 0x01a9, 0x01af, 
0x00b9, 0x00bd, 0xfef6, 0xfef5, 0xfdbc, 0xfdbe, 0xfe15, 0xfe1e, 
0xff0b, 0xff15, 0xff01, 0xff04, 0xfde1, 0xfde0, 0xfd86, 0xfd8a, 
0xfec6, 0xfeca, 0x0096, 0x0098, 0x017c, 0x017c, 0x0157, 0x0154, 
0x00eb, 0x00e8, 0x00f4, 0x00f5, 0x0175, 0x0179, 0x01ab, 0x01ae, 
0x00f5, 0x00f3, 0xffb3, 0xffac, 0xff1e, 0xff18, 0xff88, 0xff8a, 
0xfff4, 0xfffa, 0xff7e, 0xff80, 0xfeab, 0xfeab, 0xfe82, 0xfe80, 
0xff3b, 0xff38, 0x000e, 0x000b, 0x0055, 0x0054, 0xffd9, 0xffd4, 
0xff15, 0xff0d, 0xff22, 0xff20, 0x0063, 0x0069, 0x018a, 0x018e, 
0x00dd, 0x00e0, 0xff07, 0xff0d, 0xfe6e, 0xfe75, 0xffde, 0xffe2, 
0x00da, 0x00dd, 0xffa8, 0xffac, 0xfdc3, 0xfdc7, 0xfded, 0xfdf0, 
0x002a, 0x002e, 0x01eb, 0x01ef, 0x01c6, 0x01c5, 0x00ae, 0x00ab, 
0x0095, 0x0090, 0x019b, 0x0193, 0x0290, 0x028e, 0x021d, 0x0223, 
0x0099, 0x009e, 0xff33, 0xff37, 0xff17, 0xff1a, 0x0011, 0x0013, 
0x00bd, 0x00bd, 0x0041, 0x003d, 0xfef8, 0xfef4, 0xfe77, 0xfe77, 
0xff9d, 0xff9d, 0x018a, 0x0185, 0x01e3, 0x01dd, 0x001c, 0x0018, 
0xfe2c, 0xfe2a, 0xfe6a, 0xfe6c, 0xfffb, 0xfffe, 0x001c, 0x0018, 
0xfe19, 0xfe0f, 0xfc46, 0xfc40, 0xfcaa, 0xfcac, 0xfe63, 0xfe65, 
0xffb7, 0xffb8, 0x0033, 0x0039, 0x005e, 0x006a, 0x0051, 0x0056, 
0x00d4, 0x00d3, 0x0232, 0x0232, 0x0363, 0x0363, 0x0278, 0x027b, 
0x0053, 0x005a, 0xffe4, 0xffeb, 0x01c7, 0x01cf, 0x02dd, 0x02e4, 
0x010e, 0x0112, 0xfeaf, 0xfeb1, 0xfe7d, 0xfe7f, 0x0015, 0x0019, 
0x0090, 0x0092, 0xff6d, 0xff6c, 0xfde8, 0xfde3, 0xfd7e, 0xfd7c, 
0xfe8c, 0xfe8b, 0x00ac, 0x00a6, 0x024e, 0x024a, 0x021e, 0x021e, 
0x00f8, 0x00f9, 0x00d8, 0x00dd, 0x020a, 0x0215, 0x0263, 0x026f, 
0x012d, 0x0131, 0xff9b, 0xff9a, 0xff25, 0xff25, 0xff3d, 0xff3f, 
0xff29, 0xff29, 0xfebd, 0xfebb, 0xfe38, 0xfe3b, 0xfd97, 0xfd9f, 
0xfd85, 0xfd88, 0xfe68, 0xfe65, 0xff2f, 0xff2a, 0xfeba, 0xfeb9, 
0xfdbf, 0xfdbf, 0xfe2f, 0xfe2d, 0xffcf, 0xffd1, 0x0111, 0x0111, 
0x00ff, 0x00f6, 0x0090, 0x0088, 0x0034, 0x0030, 0x001a, 0x0017, 
0x0019, 0x0018, 0x0079, 0x007d, 0x00cc, 0x00d0, 0x0074, 0x0076, 
0x000e, 0x000a, 0x0061, 0x005a, 0x0153, 0x014e, 0x0194, 0x0192, 
0x0122, 0x011f, 0x00a2, 0x009c, 0x00d4, 0x00d3, 0x0129, 0x0130, 
0x0138, 0x013f, 0x00ad, 0x00ae, 0xffa0, 0xff9f, 0xfe7a, 0xfe7d, 
0xfddf, 0xfde6, 0xfe8c, 0xfe8f, 0xfff6, 0xfff0, 0x00c4, 0x00b9, 
0x0017, 0x000e, 0xff6c, 0xff67, 0x003d, 0x003d, 0x01f2, 0x01f5, 
0x01eb, 0x01ed, 0xffdc, 0xffde, 0xfec5, 0xfec5, 0x00df, 0x00dd, 
0x03ba, 0x03b6, 0x034b, 0x0345, 0xffa2, 0xffa0, 0xfcc6, 0xfcc6, 
0xfd37, 0xfd37, 0xff1a, 0xff1d, 0xffdc, 0xffdf, 0xfea5, 0xfea8, 
0xfcc3, 0xfcc4, 0xfbbe, 0xfbbc, 0xfd20, 0xfd22, 0x0058, 0x005d, 
0x0280, 0x0280, 0x0161, 0x0161, 0xff21, 0xff26, 0xff9c, 0xffa2, 
0x025e, 0x0263, 0x032f, 0x0333, 0x0017, 0x0018, 0xfcfc, 0xfcf9, 
0xfd88, 0xfd83, 0x00b8, 0x00b4, 0x0276, 0x0277, 0x014b, 0x014f, 
0xff0c, 0xff0f, 0xfe79, 0xfe7a, 0x0088, 0x0088, 0x035d, 0x035e, 
0x041b, 0x041d, 0x01d7, 0x01d9, 0xff72, 0xff70, 0xff85, 0xff7f, 
0x012b, 0x0124, 0x0111, 0x010e, 0xfec6, 0xfec9, 0xfd10, 0xfd15, 
0xfda7, 0xfdaa, 0xff1d, 0xff20, 0xff98, 0xff99, 0xfeee, 0xfeeb, 
0xfdde, 0xfdde, 0xfda4, 0xfda5, 0xff20, 0xff22, 0x01ae, 0x01ae, 
0x02b0, 0x02ad, 0x016d, 0x016a, 0x0089, 0x0088, 0x0278, 0x027a, 
0x04c6, 0x04c7, 0x0371, 0x0371, 0xff0f, 0xff0c, 0xfc88, 0xfc84, 
0xfe08, 0xfe07, 0x0027, 0x002b, 0xff52, 0xff59, 0xfc11, 0xfc1c, 
0xfa08, 0xfa15, 0xfb1e, 0xfb25, 0xfe96, 0xfe99, 0x01c7, 0x01c8, 
0x02d9, 0x02d9, 0x01a5, 0x01a1, 0x002e, 0x002b, 0x0072, 0x0075, 
0x0224, 0x0226, 0x02ee, 0x02f0, 0x0118, 0x011b, 0xfec5, 0xfec4, 
0xff16, 0xff12, 0x021c, 0x0219, 0x03af, 0x03a9, 0x017e, 0x017b, 
0xfe12, 0xfe14, 0xfd88, 0xfd8d, 0xff98, 0xff9e, 0x00da, 0x00e3, 
0x0005, 0x000c, 0xfeb2, 0xfeb3, 0xfe38, 0xfe36, 0xfe5c, 0xfe5e, 
0xff9e, 0xff9c, 0x019f, 0x0197, 0x0255, 0x0250, 0x0091, 0x0092, 
0xff7e, 0xff7c, 0x0171, 0x016c, 0x03ce, 0x03c9, 0x02d5, 0x02d4, 
0x0002, 0x0005, 0xff2c, 0xff32, 0xfff7, 0xfff9, 0xff9e, 0xff9c, 
0xfe9e, 0xfe9b, 0xffa5, 0xffa3, 0x015d, 0x015f, 0x0120, 0x0126, 
0xfff0, 0xfff4, 0x00dd, 0x00db, 0x0230, 0x022f, 0x011b, 0x011f, 
0xff24, 0xff26, 0xff67, 0xff64, 0x000f, 0x000d, 0xfdfe, 0xfdfc, 
0xfb80, 0xfb7d, 0xfc46, 0xfc41, 0xfea4, 0xfea1, 0xfe32, 0xfe30, 
0xfc74, 0xfc74, 0xfd46, 0xfd47, 0xffce, 0xffd1, 0xffe8, 0xffea, 
0xfea6, 0xfea3, 0xffac, 0xffa4, 0x0207, 0x0203, 0x0246, 0x0244, 
0x016b, 0x0168, 0x02a8, 0x02a5, 0x041b, 0x041a, 0x029c, 0x029b, 
0xfff1, 0xfff1, 0x001c, 0x001e, 0x0134, 0x0134, 0xffaf, 0xffa9, 
0xfd61, 0xfd5a, 0xfec1, 0xfebe, 0x0212, 0x0213, 0x0269, 0x026e, 
0x004d, 0x0053, 0xfff2, 0xfff5, 0x0133, 0x0133, 0x0097, 0x0094, 
0xfef7, 0xfef5, 0xff25, 0xff25, 0x0032, 0x0035, 0xff20, 0xff23, 
0xfdc8, 0xfdc8, 0xff0b, 0xff0b, 0x013f, 0x0140, 0x00c0, 0x00bf, 
0xff12, 0xff0c, 0xfff4, 0xffef, 0x0277, 0x0274, 0x02c7, 0x02c6, 
0x007c, 0x0081, 0xfecf, 0xfed5, 0xfe74, 0xfe75, 0xfe4f, 0xfe4c, 
0xfe16, 0xfe15, 0xfe5f, 0xfe5f, 0xfdc9, 0xfdca, 0xfc2c, 0xfc2f, 
0xfbb5, 0xfbbc, 0xfda2, 0xfda8, 0xffb3, 0xffb0, 0xff9b, 0xff95, 
0xfe74, 0xfe75, 0xfe26, 0xfe28, 0xff45, 0xff3f, 0x00c0, 0x00b7, 
0x01dd, 0x01d4, 0x0193, 0x018a, 0x0069, 0x0066, 0x004d, 0x004f, 
0x0261, 0x0266, 0x0459, 0x045d, 0x03e8, 0x03e9, 0x0243, 0x0244, 
0x01ab, 0x01ae, 0x01f7, 0x01f9, 0x01c1, 0x01c0, 0x019c, 0x0195, 
0x013b, 0x0136, 0xff7b, 0xff7c, 0xfd15, 0xfd15, 0xfd6b, 0xfd67, 
0x0010, 0x000c, 0x00ff, 0x00fe, 0xff32, 0xff33, 0xfeab, 0xfeac, 
0x0104, 0x0104, 0x025f, 0x0260, 0x00ec, 0x00ef, 0xffc6, 0xffc6, 
0x00ed, 0x00ea, 0x0123, 0x011c, 0xff61, 0xff57, 0xfeb2, 0xfeae, 
0x000b, 0x000e, 0xffa5, 0xffa7, 0xfd56, 0xfd54, 0xfdb6, 0xfdb5, 
0x0161, 0x0163, 0x02ec, 0x02ee, 0x005d, 0x005b, 0xfea7, 0xfea3, 
0xffe1, 0xffdd, 0x0012, 0x0010, 0xfd0c, 0xfd0e, 0xfb57, 0xfb5c, 
0xfcf9, 0xfcfe, 0xfe5f, 0xfe64, 0xfd63, 0xfd6a, 0xfda9, 0xfdb0, 
0x0062, 0x0065, 0x018f, 0x0190, 0x001a, 0x0019, 0x0037, 0x0036, 
0x032c, 0x032b, 0x0424, 0x0422, 0x021f, 0x021e, 0x019a, 0x019a, 
0x0468, 0x0467, 0x0553, 0x0552, 0x0261, 0x0264, 0xffeb, 0xfff1, 
0x00b4, 0x00ba, 0x0101, 0x0102, 0xfeab, 0xfea6, 0xfd5e, 0xfd5d, 
0xfef3, 0xfef6, 0x000c, 0x000e, 0xfe9d, 0xfea0, 0xfe52, 0xfe55, 
0x006e, 0x0072, 0x01b0, 0x01b6, 0x0075, 0x007d, 0x0004, 0x000b, 
0x00fe, 0x0104, 0xfff8, 0xfffb, 0xfc77, 0xfc76, 0xfb3f, 0xfb3c, 
0xfe36, 0xfe31, 0x00a4, 0x00a2, 0xff44, 0xff49, 0xfd0b, 0xfd10, 
0xfdf2, 0xfdf3, 0x007c, 0x007d, 0x0215, 0x0217, 0x0248, 0x0248, 
0x01ad, 0x01ab, 0xfff3, 0xfff3, 0xfede, 0xfedf, 0x0084, 0x0083, 
0x0334, 0x0332, 0x0284, 0x0282, 0xfe0f, 0xfe0a, 0xfb2a, 0xfb28, 
0xfd36, 0xfd3a, 0x0134, 0x013b, 0x019e, 0x01a1, 0xfe88, 0xfe86, 
0xfc12, 0xfc11, 0xfd1c, 0xfd1c, 0xff65, 0xff62, 0xffc6, 0xffc1, 
0xfdc8, 0xfdc8, 0xfc1c, 0xfc1e, 0xfd92, 0xfd8d, 0x01ef, 0x01ec, 
0x06a8, 0x06b1, 0x0827, 0x0832, 0x0563, 0x0567, 0x00ed, 0x00eb, 
0xffc7, 0xffc6, 0x02be, 0x02c0, 0x04d8, 0x04de, 0x014e, 0x0155, 
0xfb23, 0xfb27, 0xf93c, 0xf941, 0xfc79, 0xfc82, 0xff37, 0xff3d, 
0xfdf8, 0xfdfa, 0xfc25, 0xfc29, 0xfd93, 0xfd96, 0x013e, 0x0141, 
0x0365, 0x0368, 0x0315, 0x031a, 0x018d, 0x018d, 0x0098, 0x008e, 
0x014f, 0x0144, 0x0372, 0x036e, 0x0451, 0x044c, 0x01d0, 0x01c9, 
0xfe70, 0xfe6c, 0xfe48, 0xfe47, 0x00b9, 0x00b9, 0x00d1, 0x00d4, 
0xfd38, 0xfd38, 0xf9ce, 0xf9c9, 0xfae9, 0xfae4, 0xff2e, 0xff2e, 
0x0251, 0x0251, 0x0172, 0x0170, 0xfe02, 0xfdff, 0xfc38, 0xfc33, 
0xfee9, 0xfee4, 0x03d7, 0x03d4, 0x04af, 0x04b3, 0xffd6, 0xffda, 
0xfafe, 0xfafc, 0xfc45, 0xfc3f, 0x0099, 0x0097, 0x015b, 0x015a, 
0xfdd0, 0xfdd0, 0xfc03, 0xfc02, 0xff6e, 0xff6b, 0x049c, 0x0498, 
0x06d9, 0x06da, 0x0534, 0x0535, 0x022f, 0x022a, 0x003b, 0x0036, 
0x0172, 0x0172, 0x048c, 0x048e, 0x054b, 0x054a, 0x009b, 0x009a, 
0xfa91, 0xfa91, 0xf9d3, 0xf9d1, 0xfe8e, 0xfe8d, 0x020c, 0x020c, 
0x0037, 0x0038, 0xfcc2, 0xfcc0, 0xfcb5, 0xfcb2, 0xff98, 0xff97, 
0x0101, 0x00fe, 0xffe3, 0xffdd, 0xfeba, 0xfeb6, 0x0013, 0x0012, 
0x027a, 0x027a, 0x03a9, 0x03a4, 0x02a4, 0x029d, 0x00a8, 0x00a6, 
0xfecd, 0xfed1, 0xfdcf, 0xfdd3, 0xfdec, 0xfdec, 0xfe8c, 0xfe89, 
0xfee5, 0xfee6, 0xfdfa, 0xfdfd, 0xfd30, 0xfd2f, 0xfda4, 0xfda4, 
0xff55, 0xff56, 0xffe7, 0xffe8, 0xff29, 0xff28, 0xfe8c, 0xfe84, 
0xff23, 0xff1b, 0xffd1, 0xffd0, 0xffd0, 0xffd3, 0xff9e, 0xffa3, 
0xfefb, 0xfefe, 0xfe2d, 0xfe27, 0xfe02, 0xfdfd, 0x0058, 0x0059, 
0x036c, 0x036b, 0x043f, 0x043b, 0x026c, 0x0269, 0x0190, 0x0192, 
0x030b, 0x030b, 0x04bc, 0x04b5, 0x049e, 0x0496, 0x0370, 0x036d, 
0x0273, 0x0273, 0x019f, 0x01a2, 0x0177, 0x017b, 0x01a9, 0x01ac, 
0x00c6, 0x00c6, 0xfda5, 0xfda2, 0xfb38, 0xfb35, 0xfbe4, 0xfbe6, 
0xfe49, 0xfe4e, 0xfe0a, 0xfe0c, 0xfbbb, 0xfbbb, 0xfb5c, 0xfb5c, 
0xfea5, 0xfea7, 0x02f2, 0x02f7, 0x051f, 0x0521, 0x0451, 0x0451, 
0x012a, 0x012e, 0xfed0, 0xfed6, 0xffcb, 0xffd1, 0x031e, 0x0323, 
0x02bc, 0x02c0, 0xfdc0, 0xfdc2, 0xf9eb, 0xf9ed, 0xfc31, 0xfc35, 
0x0030, 0x0034, 0xff43, 0xff45, 0xfab2, 0xfab2, 0xf8b4, 0xf8b1, 
0xfb42, 0xfb41, 0xfe30, 0xfe36, 0xff40, 0xff48, 0xff21, 0xff24, 
0xff87, 0xff86, 0x00a0, 0x009d, 0x0390, 0x038d, 0x0768, 0x076a, 
0x0856, 0x085d, 0x044b, 0x0450, 0xffbe, 0xffc3, 0x0003, 0x0005, 
0x0395, 0x0394, 0x042f, 0x042a, 0xffc3, 0xffbe, 0xfbae, 0xfbaf, 
0xfc74, 0xfc75, 0x00e2, 0x00dd, 0x0397, 0x0391, 0x0270, 0x026c, 
0xff6b, 0xff67, 0xfe41, 0xfe3f, 0xffd2, 0xffd0, 0x0225, 0x0223, 
0x01e1, 0x01de, 0xfe8a, 0xfe88, 0xfae0, 0xfadf, 0xf9d2, 0xf9d0, 
0xfc1f, 0xfc20, 0xfe96, 0xfe99, 0xfe57, 0xfe56, 0xfb9f, 0xfb9e, 
0xfb38, 0xfb36, 0xff94, 0xff8f, 0x052a, 0x0526, 0x0595, 0x0591, 
0x00da, 0x00d8, 0xfdd2, 0xfdd5, 0x004d, 0x004f, 0x03f4, 0x03f1, 
0x027a, 0x0274, 0xfdc2, 0xfdbe, 0xfbfe, 0xfbfe, 0xfef6, 0xfef8, 
0x0246, 0x0243, 0x0275, 0x026f, 0x006c, 0x0062, 0xff23, 0xff1b, 
0xffdd, 0xffdc, 0x020d, 0x020c, 0x0404, 0x03fc, 0x0399, 0x038e, 
0x015e, 0x0155, 0x001c, 0x0015, 0x0147, 0x0145, 0x0274, 0x0275, 
0x00da, 0x00dd, 0xfd54, 0xfd57, 0xfb51, 0xfb55, 0xfbe0, 0xfbe5, 
0xfd4c, 0xfd4f, 0xfd6b, 0xfd69, 0xfc30, 0xfc30, 0xfbc0, 0xfbc0, 
0xfe4a, 0xfe4a, 0x037f, 0x037e, 0x0727, 0x0726, 0x062c, 0x0630, 
0x02dd, 0x02e2, 0x02bd, 0x02bf, 0x059e, 0x05a2, 0x06b7, 0x06bd, 
0x031a, 0x031a, 0xfdca, 0xfdc6, 0xfaf1, 0xfaee, 0xfa19, 0xfa16, 
0xf98c, 0xf988, 0xf903, 0xf900, 0xf9eb, 0xf9eb, 0xfbb6, 0xfbb7, 
0xfdb4, 0xfdb2, 0xff61, 0xff5e, 0x00d3, 0x00d3, 0x012e, 0x012f, 
0x013c, 0x013d, 0x030d, 0x0311, 0x0634, 0x0639, 0x07ab, 0x07ad, 
0x04e1, 0x04e1, 0x00ea, 0x00ea, 0xffb4, 0xffb1, 0x00ce, 0x00c8, 
0xffb9, 0xffba, 0xfc28, 0xfc28, 0xf9e2, 0xf9e0, 0xfb7c, 0xfb79, 
0xfe29, 0xfe2a, 0xff1b, 0xff1c, 0xffcb, 0xffca, 0x01b7, 0x01b8, 
0x02b1, 0x02b4, 0x015a, 0x015e, 0x017d, 0x0181, 0x0558, 0x055b, 
0x0857, 0x0859, 0x0481, 0x0484, 0xfe42, 0xfe44, 0xfcc8, 0xfcca, 
0x001e, 0x0021, 0x011e, 0x011e, 0xfe48, 0xfe4b, 0xfca4, 0xfca7, 
0xfe16, 0xfe14, 0xff15, 0xff14, 0xfe19, 0xfe1b, 0xfd95, 0xfd94, 
0xfccf, 0xfccb, 0xfb38, 0xfb35, 0xfb34, 0xfb35, 0x009b, 0x0099, 
0x05b3, 0x05b0, 0x0332, 0x0331, 0xfba7, 0xfba5, 0xf97b, 0xf97a, 
0xfe95, 0xfe95, 0x02b2, 0x02b2, 0x0181, 0x0180, 0xfef7, 0xfef7, 
0xff42, 0xff41, 0x0053, 0x0054, 0x022d, 0x0230, 0x0544, 0x0544, 
0x0764, 0x0761, 0x0520, 0x051d, 0x020a, 0x0208, 0x0346, 0x0345, 
0x065a, 0x065c, 0x038f, 0x0394, 0xfc52, 0xfc59, 0xf8c9, 0xf8cb, 
0xfa69, 0xfa67, 0xfb8e, 0xfb8a, 0xfa15, 0xfa0e, 0xfabb, 0xfab3, 
0xfd57, 0xfd52, 0xfdf6, 0xfdf7, 0xfc92, 0xfc95, 0xfeb7, 0xfeb7, 
0x032e, 0x032b, 0x051e, 0x051a, 0x0446, 0x0444, 0x05ee, 0x05ef, 
0x08c3, 0x08c7, 0x0679, 0x067c, 0x009f, 0x009e, 0xfe22, 0xfe22, 
0xffeb, 0xffea, 0xff0f, 0xff0d, 0xfb6e, 0xfb6f, 0xfa26, 0xfa28, 
0xfc94, 0xfc97, 0xfbcc, 0xfbd3, 0xf7dd, 0xf7e1, 0xf814, 0xf80f, 
0xfe92, 0xfe8d, 0x049f, 0x04a1, 0x0577, 0x0578, 0x049b, 0x0498, 
0x043a, 0x043c, 0x028b, 0x0292, 0xfff5, 0xfffe, 0x00e6, 0x00ec, 
0x0473, 0x0476, 0x0613, 0x0611, 0x03dc, 0x03da, 0x01ae, 0x01aa, 
0x0062, 0x005c, 0xfd78, 0xfd73, 0xf9d3, 0xf9ce, 0xf9f4, 0xf9ed, 
0xfdc2, 0xfdbe, 0x008d, 0x008e, 0x00e6, 0x00e9, 0x014e, 0x0153, 
0x02e8, 0x02f0, 0x02a2, 0x02a9, 0x006d, 0x006f, 0xfea6, 0xfea8, 
0xfed9, 0xfed8, 0xff8b, 0xff89, 0x0090, 0x0091, 0x0199, 0x019a, 
0x01d8, 0x01d6, 0x008a, 0x008a, 0xff6a, 0xff69, 0xffdf, 0xffdb, 
0xff0a, 0xff07, 0xfc98, 0xfc98, 0xfafb, 0xfafb, 0xfce1, 0xfce1, 
0xff70, 0xff70, 0xff44, 0xff40, 0xfd8b, 0xfd84, 0xfd5b, 0xfd57, 
0xfeb6, 0xfeb7, 0x0043, 0x0046, 0x0230, 0x0236, 0x039c, 0x03a0, 
0x02be, 0x02be, 0xffb4, 0xffb4, 0xfed8, 0xfed7, 0x0172, 0x0170, 
0x0336, 0x0332, 0x008e, 0x0088, 0xfd20, 0xfd18, 0xfdea, 0xfde4, 
0x010e, 0x010f, 0x013a, 0x0140, 0xfe84, 0xfe8c, 0xfdac, 0xfdb1, 
0xfee3, 0xfee3, 0xffa7, 0xffa6, 0xffba, 0xffb8, 0x00ca, 0x00c9, 
0x0266, 0x0268, 0x02a5, 0x02a6, 0x0225, 0x0222, 0x0301, 0x02fa, 
0x038f, 0x0386, 0x017f, 0x017b, 0xfe9e, 0xfe9e, 0xfeef, 0xfeef, 
0x0238, 0x0238, 0x0366, 0x0366, 0x01d6, 0x01d4, 0xffa2, 0xff9f, 
0xfdc3, 0xfdbf, 0xfb4d, 0xfb4a, 0xfa07, 0xfa09, 0xfb51, 0xfb54, 
0xfd05, 0xfd04, 0xfd46, 0xfd44, 0xfe22, 0xfe23, 0x01b7, 0x01be, 
0x03c2, 0x03cc, 0x0149, 0x0150, 0xfdfe, 0xfdff, 0x001e, 0x0022, 
0x04e4, 0x04e5, 0x05f6, 0x05f1, 0x02e5, 0x02e2, 0x0188, 0x0188, 
0x023d, 0x023f, 0x00e9, 0x00f2, 0xfe2d, 0xfe3a, 0xfd5b, 0xfd63, 
0xfe87, 0xfe8b, 0xfd76, 0xfd7e, 0xfc2d, 0xfc35, 0xfe61, 0xfe63, 
0x0264, 0x0262, 0x01b7, 0x01b0, 0xfd07, 0xfcfd, 0xfb4c, 0xfb46, 
0xffa9, 0xffa9, 0x0485, 0x048a, 0x05d0, 0x05d6, 0x0529, 0x052b, 
0x039f, 0x039c, 0x00a4, 0x009e, 0xfd11, 0xfd0f, 0xfd2c, 0xfd2e, 
0xff9e, 0xffa0, 0x0150, 0x0153, 0x00cc, 0x00cb, 0x014b, 0x0146, 
0x023f, 0x023d, 0x00f6, 0x00f5, 0xfdc0, 0xfdbd, 0xfd10, 0xfd0e, 
0x0016, 0x0014, 0x0269, 0x0266, 0x0218, 0x0212, 0x0073, 0x0071, 
0xfe7c, 0xfe7e, 0xfa6e, 0xfa71, 0xf801, 0xf801, 0xf9fd, 0xf9f9, 
0xfee5, 0xfee3, 0x0041, 0x0041, 0xfe71, 0xfe70, 0xfd76, 0xfd78, 
0xfeba, 0xfeba, 0x000e, 0x000a, 0x0041, 0x003f, 0x01e7, 0x01e8, 
0x04aa, 0x04aa, 0x0653, 0x0650, 0x055f, 0x055b, 0x044f, 0x044d, 
0x0230, 0x0231, 0xfe96, 0xfe96, 0xfab1, 0xfaaf, 0xfb1c, 0xfb13, 
0xfe0e, 0xfe05, 0x0001, 0xfff9, 0x0036, 0x002e, 0xffe5, 0xffe0, 
0x0028, 0x0027, 0x007d, 0x007f, 0x0230, 0x0233, 0x0392, 0x0391, 
0x041e, 0x0419, 0x02fc, 0x02f7, 0x0207, 0x0206, 0xffee, 0xfff1, 
0xfbf1, 0xfbf6, 0xf7e7, 0xf7f0, 0xf861, 0xf86a, 0xfc55, 0xfc5a, 
0xfe48, 0xfe47, 0xfcca, 0xfcc7, 0xfc34, 0xfc32, 0xfe91, 0xfe90, 
0xff51, 0xff54, 0xff03, 0xff09, 0x006c, 0x006d, 0x04f7, 0x04f8, 
0x0749, 0x074c, 0x0581, 0x0584, 0x0297, 0x029a, 0x01c2, 0x01c3, 
0x0170, 0x016c, 0x0100, 0x00fd, 0x0192, 0x0191, 0x031c, 0x031d, 
0x0319, 0x031c, 0x0049, 0x004c, 0xfeef, 0xfef4, 0xfe8b, 0xfe96, 
0xfddb, 0xfde1, 0xfc30, 0xfc2e, 0xfd8a, 0xfd89, 0x00da, 0x00dd, 
0x034f, 0x034f, 0x0316, 0x0312, 0x013f, 0x013a, 0xff4a, 0xff49, 
0xfced, 0xfcf0, 0xfcb9, 0xfcb9, 0xfead, 0xfea9, 0x01f4, 0x01f1, 
0x031e, 0x031f, 0x019f, 0x01a4, 0xffbb, 0xffbb, 0xff09, 0xff02, 
0xfd0c, 0xfd06, 0xfbbe, 0xfbbc, 0xfdc6, 0xfdc4, 0x018f, 0x018a, 
0x03c5, 0x03c1, 0x02f6, 0x02f3, 0x01a1, 0x019d, 0xffa8, 0xffa6, 
0xfd72, 0xfd71, 0xfc37, 0xfc32, 0xfc8c, 0xfc89, 0xfea4, 0xfea5, 
0x0211, 0x0213, 0x0315, 0x031a, 0x01b8, 0x01bb, 0xfee6, 0xfee3, 
0xfca2, 0xfc9d, 0xfd0c, 0xfd09, 0x0101, 0x0101, 0x05d7, 0x05d5, 
0x0868, 0x0865, 0x092f, 0x092a, 0x06d6, 0x06d0, 0x0318, 0x0315, 
0xfe35, 0xfe36, 0xfca1, 0xfca2, 0xfce0, 0xfce5, 0xfc87, 0xfc8b, 
0xfcb2, 0xfcb4, 0xfcce, 0xfccf, 0xfdc6, 0xfdc4, 0xfe26, 0xfe1f, 
0xfd91, 0xfd87, 0xfca5, 0xfc9f, 0xfdc1, 0xfdbe, 0xff90, 0xff8d, 
0x035b, 0x035b, 0x0571, 0x0572, 0x0359, 0x0358, 0xfe13, 0xfe0f, 
0xf933, 0xf931, 0xfb53, 0xfb55, 0x0072, 0x007b, 0x039d, 0x03a8, 
0x03b2, 0x03b7, 0x01f1, 0x01f2, 0xfec3, 0xfec5, 0xfcbb, 0xfcbe, 
0xfd23, 0xfd23, 0xfe8e, 0xfe8c, 0xff1f, 0xff1f, 0xfec2, 0xfec1, 
0x005b, 0x0057, 0x048c, 0x0486, 0x051f, 0x051c, 0x00e5, 0x00e0, 
0xfa7f, 0xfa79, 0xfb52, 0xfb4f, 0x0269, 0x026a, 0x0387, 0x0388, 
0x034c, 0x034e, 0x0240, 0x0244, 0x016a, 0x016b, 0x002d, 0x0027, 
0xff44, 0xff40, 0xfd96, 0xfd98, 0xfe59, 0xfe5a, 0x0044, 0x0043, 
0x014c, 0x0148, 0x0217, 0x0213, 0x019b, 0x0199, 0x024a, 0x0247, 
0xfc93, 0xfc92, 0xfc60, 0xfc65, 0x000d, 0x0014, 0x0138, 0x013d, 
0x0049, 0x004b, 0xff7b, 0xff7d, 0xfe41, 0xfe3e, 0xfc4e, 0xfc48, 
0xfb45, 0xfb44, 0xf66f, 0xf673, 0xf89e, 0xf8a2, 0xfe3c, 0xfe3a, 
0x0305, 0x0303, 0x048b, 0x048a, 0x0207, 0x0203, 0x0431, 0x042b, 
0x0243, 0x0240, 0xfdf1, 0xfdf2, 0x01da, 0x01dc, 0x0339, 0x0338, 
0x04ed, 0x04ea, 0x026d, 0x026d, 0xfd67, 0xfd6c, 0xfc1e, 0xfc22, 
0xfc40, 0xfc3c, 0xfb31, 0xfb2d, 0xfbcf, 0xfbd0, 0xfd6e, 0xfd70, 
0x008a, 0x008c, 0x0773, 0x0773, 0x00c5, 0x00c5, 0x0526, 0x052b, 
0x00b0, 0x00b8, 0xfd28, 0xfd2d, 0x0450, 0x0451, 0x069e, 0x069d, 
0x0385, 0x0384, 0x0082, 0x007f, 0x0382, 0x0383, 0xfc1c, 0xfc23, 
0x05c9, 0x05cf, 0xfc8a, 0xfc8a, 0xfe14, 0xfe12, 0xf9fd, 0xf9ff, 
0x01ea, 0x01eb, 0x0731, 0x072f, 0xf0fc, 0xf0fc, 0x0db3, 0x0db2, 
0xf522, 0xf51f, 0xee8f, 0xee8d, 0x0cc0, 0x0cc2, 0xf637, 0xf63a, 
0xfac8, 0xfaca, 0x0f02, 0x0f04, 0xfc6c, 0xfc70, 0x03ae, 0x03b4, 
0x0c44, 0x0c4b, 0xfa34, 0xfa3c, 0xfd5f, 0xfd66, 0x01ee, 0x01f2, 
0x0ae7, 0x0ae5, 0xfa72, 0xfa6e, 0x0680, 0x0680, 0x037e, 0x0382, 
0xefaa, 0xefa8, 0x03d4, 0x03cb, 0xff98, 0xff8c, 0xf709, 0xf706, 
0xfaac, 0xfaad, 0x0612, 0x0611, 0x0030, 0x002b, 0x0754, 0x074f, 
0xfcb1, 0xfcae, 0xf77a, 0xf779, 0x010e, 0x010d, 0xfed7, 0xfed8, 
0x0df3, 0x0df6, 0xfbcb, 0xfbcc, 0xfa17, 0xfa19, 0xf95a, 0xf95c, 
0xf794, 0xf795, 0x0d1e, 0x0d1f, 0x1108, 0x110a, 0x06de, 0x06e3, 
0x03b0, 0x03b2, 0x194e, 0x194a, 0x24f3, 0x24ec, 0x1346, 0x1344, 
0xe7c4, 0xe7c5, 0xd486, 0xd487, 0xdc99, 0xdc9c, 0xea4e, 0xea54, 
0xfac6, 0xface, 0xef18, 0xef1c, 0xf148, 0xf149, 0xf97a, 0xf97b, 
0xf8d0, 0xf8cf, 0x08ee, 0x08ec, 0x14d0, 0x14cd, 0x0975, 0x0973, 
0x044b, 0x0447, 0x2109, 0x2105, 0x2e14, 0x2e13, 0x2090, 0x208d, 
0xf56b, 0xf565, 0xddfd, 0xddfd, 0xec00, 0xec03, 0xf8d0, 0xf8d1, 
0x07a7, 0x07a5, 0xf507, 0xf500, 0xf8d2, 0xf8cf, 0xf98f, 0xf992, 
0xeb35, 0xeb3a, 0x0013, 0x0018, 0x0d25, 0x0d2a, 0x0069, 0x006e, 
0xfca8, 0xfcac, 0x1f29, 0x1f25, 0x2fb8, 0x2faf, 0x24c9, 0x24c2, 
0xf9d1, 0xf9cd, 0xdfe1, 0xdfdb, 0xed27, 0xed24, 0xf8c0, 0xf8be, 
0xfef4, 0xfef5, 0xecbd, 0xecc0, 0xf1bc, 0xf1bd, 0xf335, 0xf335, 
0xeab3, 0xeab1, 0xf9b6, 0xf9b2, 0x0783, 0x0784, 0xf932, 0xf938, 
0xf36a, 0xf36e, 0x15d3, 0x15d6, 0x273f, 0x2741, 0x24a3, 0x24a0, 
0xf3c1, 0xf3bd, 0xdda5, 0xdda9, 0xeb6a, 0xeb70, 0xeeb5, 0xeebb, 
0x0619, 0x0621, 0xf4f0, 0xf4f5, 0xf687, 0xf688, 0xfdda, 0xfdde, 
0xf845, 0xf846, 0x016a, 0x0169, 0x0eb8, 0x0eb7, 0x0cf6, 0x0cf5, 
0xfb43, 0xfb42, 0x14ab, 0x14ac, 0x2aaa, 0x2aad, 0x2945, 0x2947, 
0xfc06, 0xfc08, 0xea56, 0xea5a, 0xec3d, 0xec41, 0xefce, 0xefd2, 
0x0b23, 0x0b27, 0xf47b, 0xf47e, 0xf4a7, 0xf4a5, 0xfe46, 0xfe47, 
0xf644, 0xf649, 0xf906, 0xf907, 0x13eb, 0x13e3, 0x05b7, 0x05ae, 
0xf7de, 0xf7da, 0x1751, 0x1750, 0x2318, 0x2319, 0x273c, 0x273c, 
0xfa54, 0xfa55, 0xe9b1, 0xe9b2, 0xdff0, 0xdfef, 0xe826, 0xe824, 
0xf805, 0xf804, 0xd37d, 0xd378, 0xde51, 0xde4b, 0xe507, 0xe503, 
0xec99, 0xec97, 0x076d, 0x076a, 0x1cd0, 0x1ccd, 0x0fb2, 0x0fb3, 
0x160b, 0x160a, 0x39bc, 0x39bb, 0x381c, 0x3819, 0x33b3, 0x33b3, 
0x0b8a, 0x0b8f, 0xf4b7, 0xf4bb, 0xe7f5, 0xe7f7, 0xecc9, 0xeccc, 
0xfdf0, 0xfdf2, 0xe892, 0xe890, 0xdc96, 0xdc8f, 0xcb32, 0xcb2a, 
0xca8a, 0xca86, 0xdb0c, 0xdb0e, 0xf589, 0xf58c, 0xf0fe, 0xf101, 
0xfd86, 0xfd86, 0x2046, 0x2048, 0x3966, 0x3970, 0x4d2e, 0x4d3a, 
0x28a0, 0x28a6, 0x22ae, 0x22af, 0x0f26, 0x0f2a, 0x0efc, 0x0f00, 
0x2987, 0x298a, 0x15dd, 0x15dd, 0x03b0, 0x03b1, 0xefc0, 0xefc3, 
0xe974, 0xe97b, 0xde4f, 0xde53, 0xf2a1, 0xf2a1, 0xf03e, 0xf03c, 
0xddb8, 0xddb6, 0xe8de, 0xe8e0, 0xf3fb, 0xf3fa, 0xfc00, 0xfbfb, 
0xe3bf, 0xe3bc, 0xec32, 0xec32, 0xdda5, 0xdda3, 0xdd85, 0xdd82, 
0x06bd, 0x06bc, 0x09b6, 0x09b8, 0x085f, 0x0863, 0x05ce, 0x05d1, 
0xfe61, 0xfe60, 0xfc05, 0xfc00, 0x1eeb, 0x1ee7, 0x0dfb, 0x0dfa, 
0x0444, 0x0446, 0x1dfd, 0x1dff, 0x25cf, 0x25cf, 0x216a, 0x2168, 
0xf3d1, 0xf3d0, 0xf0bd, 0xf0bb, 0xced5, 0xced2, 0xd4fb, 0xd4f9, 
0xf2fc, 0xf2fb, 0xf16b, 0xf16c, 0x039a, 0x0399, 0xf9db, 0xf9d8, 
0xfd8a, 0xfd85, 0x0b22, 0x0b1f, 0x3772, 0x3770, 0x2000, 0x1fff, 
0x206e, 0x2072, 0x39b3, 0x39b9, 0x3e48, 0x3e4d, 0x4a9c, 0x4a9c, 
0x1870, 0x1868, 0x0076, 0x006e, 0xd52f, 0xd52c, 0xdb2b, 0xdb27, 
0xeace, 0xeacb, 0xdbea, 0xdbe9, 0xca76, 0xca74, 0xc054, 0xc052, 
0xc1fa, 0xc1f9, 0xca7f, 0xca82, 0xf7f4, 0xf7fa, 0xef13, 0xef18, 
0xf45c, 0xf463, 0xf838, 0xf841, 0x2e0f, 0x2e16, 0x3916, 0x3917, 
0x1582, 0x157e, 0x12b9, 0x12b6, 0xe1fb, 0xe201, 0xf213, 0xf219, 
0xffaa, 0xffab, 0x0471, 0x0471, 0xfc13, 0xfc12, 0xfc61, 0xfc60, 
0xe48a, 0xe488, 0xd93b, 0xd935, 0x0ad0, 0x0ac8, 0xfc21, 0xfc1f, 
0xee9d, 0xeea0, 0xf6b3, 0xf6b4, 0x263c, 0x2636, 0x3297, 0x3294, 
0x2b0a, 0x2b0f, 0x2652, 0x2652, 0x05f1, 0x05ef, 0x135a, 0x135a, 
0x1ceb, 0x1cea, 0x1b15, 0x1b14, 0x1749, 0x174b, 0x12e8, 0x12e8, 
0xf505, 0xf502, 0xef3c, 0xef38, 0x03e6, 0x03e2, 0xfbca, 0xfbc5, 
0xf8ef, 0xf8ee, 0xf351, 0xf356, 0x0396, 0x0399, 0x0387, 0x0384, 
0xf931, 0xf92e, 0xe5d3, 0xe5d4, 0xcdef, 0xcdef, 0xda28, 0xda27, 
0xddb0, 0xddae, 0xeac2, 0xeabe, 0xf1c5, 0xf1c3, 0xf5fc, 0xf600, 
0xef68, 0xef6d, 0xf3b3, 0xf3b6, 0x0c34, 0x0c34, 0x0a34, 0x0a36, 
0x092f, 0x0934, 0x0792, 0x0797, 0x255b, 0x2560, 0x3967, 0x3969, 
0x231a, 0x2316, 0xfebc, 0xfeb6, 0xe0f5, 0xe0f1, 0xe22b, 0xe228, 
0xe3f3, 0xe3f5, 0xe40f, 0xe412, 0xea34, 0xea35, 0xf6d6, 0xf6d7, 
0xf389, 0xf38d, 0xf8ef, 0xf8f1, 0x1716, 0x170f, 0x27fc, 0x27f4, 
0x23c8, 0x23c3, 0x201e, 0x201b, 0x3fd1, 0x3fd4, 0x5267, 0x526f, 
0x41d9, 0x41dc, 0x1b92, 0x1b8d, 0xf319, 0xf310, 0xe9a9, 0xe99f, 
0xed69, 0xed66, 0xf12b, 0xf12e, 0xdfdf, 0xdfe6, 0xd524, 0xd529, 
0xc5ec, 0xc5e7, 0xb5d1, 0xb5c9, 0xd8c2, 0xd8bf, 0xef73, 0xef75, 
0xecfd, 0xed02, 0xf228, 0xf22c, 0x0ebd, 0x0ebc, 0x2e94, 0x2e91, 
0x2c84, 0x2c84, 0x1aae, 0x1aaf, 0x00f9, 0x00f6, 0xf3b9, 0xf3b6, 
0xf832, 0xf834, 0xf67f, 0xf687, 0xf6e4, 0xf6ec, 0xff0c, 0xff12, 
0xea5d, 0xea62, 0xd4a0, 0xd4a3, 0xe435, 0xe433, 0xf509, 0xf506, 
0xf327, 0xf328, 0xe83e, 0xe841, 0x035a, 0x0357, 0x22da, 0x22d8, 
0x2945, 0x2945, 0x25ae, 0x25ad, 0x0ca5, 0x0ca3, 0x0eb2, 0x0eb2, 
0x1812, 0x1818, 0x1948, 0x194e, 0x1e92, 0x1e95, 0x2034, 0x2035, 
0x1376, 0x1377, 0xf649, 0xf649, 0xfa7a, 0xfa76, 0xffc7, 0xffc0, 
0xfb09, 0xfb02, 0xf8c2, 0xf8bc, 0xf774, 0xf771, 0x0af2, 0x0af5, 
0x10f8, 0x10fa, 0xf659, 0xf656, 0xd9f0, 0xd9e9, 0xd9cc, 0xd9c6, 
0xe326, 0xe327, 0xe8bb, 0xe8c1, 0xee29, 0xee2d, 0xffaf, 0xffb3, 
0xf884, 0xf886, 0xe68a, 0xe688, 0xfb9f, 0xfb9f, 0x0994, 0x0997, 
0x0fb4, 0x0fb6, 0xfd51, 0xfd4d, 0x0610, 0x060d, 0x2a24, 0x2a2b, 
0x28bd, 0x28c8, 0x1bca, 0x1bd1, 0xf233, 0xf236, 0xe5c6, 0xe5c5, 
0xe9dc, 0xe9dc, 0xda9a, 0xda9c, 0xe36a, 0xe36c, 0xf179, 0xf179, 
0xeeba, 0xeeb9, 0xe80f, 0xe811, 0xf893, 0xf896, 0x15c6, 0x15c9, 
0x2622, 0x2624, 0x1a4d, 0x1a4d, 0x23f0, 0x23ef, 0x3e2c, 0x3e2b, 
0x4b9e, 0x4b9e, 0x4446, 0x4444, 0x1486, 0x1481, 0xf541, 0xf53a, 
0xf298, 0xf295, 0xf658, 0xf65a, 0xe273, 0xe276, 0xe540, 0xe541, 
0xe472, 0xe474, 0xbb76, 0xbb77, 0xc890, 0xc88d, 0xe45b, 0xe454, 
0xf4be, 0xf4ba, 0xe8e6, 0xe8e8, 0xeaa0, 0xeaa4, 0x1557, 0x1559, 
0x281a, 0x281f, 0x2e49, 0x2e50, 0x1182, 0x1187, 0xf9bc, 0xf9bd, 
0x044e, 0x044e, 0xfb04, 0xfb04, 0xf1e7, 0xf1e9, 0x08d1, 0x08d4, 
0x0361, 0x0365, 0xea04, 0xea08, 0xe8fc, 0xe8fa, 0xfa1b, 0xfa18, 
0x0a02, 0x0a01, 0xe9b3, 0xe9b2, 0xe844, 0xe842, 0xffed, 0xffe8, 
0x148d, 0x1487, 0x286a, 0x2867, 0x0b0a, 0x0b0e, 0xff16, 0xff1a, 
0x0ab1, 0x0ab2, 0x13f3, 0x13f4, 0x0fb7, 0x0fba, 0x1dfc, 0x1dfc, 
0x2401, 0x23fb, 0x0990, 0x098a, 0x0995, 0x0995, 0x0468, 0x046d, 
0x072a, 0x072e, 0xff97, 0xff9b, 0xeb36, 0xeb39, 0xfadb, 0xfadb, 
0x1396, 0x1398, 0x0742, 0x0746, 0xe44f, 0xe450, 0xd13d, 0xd13a, 
0xd681, 0xd680, 0xdb19, 0xdb18, 0xd4be, 0xd4bb, 0xf783, 0xf77c, 
0xfa4b, 0xfa47, 0xe910, 0xe90f, 0xf2b6, 0xf2b5, 0xff78, 0xff78, 
0x1977, 0x1976, 0x03bc, 0x03bb, 0xfe9d, 0xfe9f, 0x16e5, 0x16e7, 
0x2e04, 0x2e08, 0x380b, 0x3811, 0x1468, 0x146c, 0xf653, 0xf654, 
0xea29, 0xea28, 0xe55a, 0xe559, 0xdd69, 0xdd69, 0xeb24, 0xeb21, 
0xefe8, 0xefe6, 0xe55d, 0xe55e, 0xe9fd, 0xe9fc, 0xfde0, 0xfddf, 
0x17dd, 0x17dd, 0x185e, 0x185f, 0x1ba1, 0x1ba1, 0x2b4d, 0x2b4e, 
0x4768, 0x4769, 0x4b13, 0x4b13, 0x3bff, 0x3bfd, 0x12f5, 0x12f5, 
0xf08a, 0xf08e, 0xf810, 0xf814, 0xe0dc, 0xe0df, 0xf21f, 0xf220, 
0xfe66, 0xfe64, 0xde13, 0xde0d, 0xc6fd, 0xc6f7, 0xcc4b, 0xcc46, 
0xeb99, 0xeb93, 0xdecc, 0xdec9, 0xde8d, 0xde88, 0xf888, 0xf883, 
0x147a, 0x147b, 0x2520, 0x2521, 0x1650, 0x1652, 0x00de, 0x00e2, 
0x0075, 0x007a, 0xfbe8, 0xfbec, 0xe950, 0xe94f, 0xfe92, 0xfe8a, 
0x0c2b, 0x0c27, 0x0742, 0x0740, 0xf150, 0xf14c, 0xf1fb, 0xf1f3, 
0x02c0, 0x02b9, 0xf581, 0xf57a, 0xf65e, 0xf658, 0xf3e8, 0xf3e5, 
0x0f5b, 0x0f5b, 0x1d06, 0x1d05, 0x1085, 0x1082, 0x0235, 0x0234, 
0xfad7, 0xfad7, 0x08a3, 0x08a4, 0xfd53, 0xfd53, 0x1780, 0x177a, 
0x253d, 0x2537, 0x14ed, 0x14ed, 0x171c, 0x171c, 0x11c2, 0x11bc, 
0x0c66, 0x0c5d, 0x020d, 0x0209, 0xf68b, 0xf689, 0xf743, 0xf740, 
0x15ba, 0x15b8, 0x20de, 0x20de, 0x0163, 0x0161, 0xd8b0, 0xd8ad, 
0xd62c, 0xd629, 0xd19f, 0xd19d, 0xc37c, 0xc37b, 0xdf4e, 0xdf4e, 
0xe59b, 0xe59c, 0xefef, 0xeff1, 0xe9f2, 0xe9f1, 0xed97, 0xed94, 
0x0f39, 0x0f38, 0x0a7a, 0x0a7d, 0x037e, 0x037f, 0xfc0e, 0xfc0e, 
0x1e72, 0x1e71, 0x3ec2, 0x3ec0, 0x2c85, 0x2c85, 0x0d25, 0x0d25, 
0xf3ff, 0xf400, 0xedf4, 0xedf5, 0xe0a4, 0xe0a8, 0xe690, 0xe694, 
0xeeed, 0xeeee, 0xe9d0, 0xe9cc, 0xe8b6, 0xe8b4, 0xef70, 0xef72, 
0x0634, 0x0636, 0x163c, 0x163c, 0x117d, 0x117a, 0x1890, 0x188b, 
0x3772, 0x376c, 0x4707, 0x4700, 0x5566, 0x5565, 0x3a4f, 0x3a52, 
0x0ef8, 0x0efb, 0xfc57, 0xfc56, 0xe534, 0xe52e, 0xed0e, 0xed06, 
0xed91, 0xed8c, 0xf26a, 0xf26a, 0xdfee, 0xdfef, 0xcb38, 0xcb39, 
0xe741, 0xe742, 0xe46e, 0xe46e, 0xe44a, 0xe44b, 0xe40f, 0xe411, 
0xf261, 0xf260, 0x1e57, 0x1e55, 0x244b, 0x244a, 0x0ce8, 0x0ce4, 
0x0333, 0x0330, 0x026c, 0x026c, 0xf418, 0xf419, 0xec36, 0xec36, 
0xf407, 0xf404, 0x04d0, 0x04cd, 0xfa95, 0xfa94, 0xf43d, 0xf43f, 
0xfb1f, 0xfb22, 0xfb17, 0xfb18, 0xfc01, 0xfc00, 0xeaab, 0xeaa7, 
0xf8bd, 0xf8b8, 0x10aa, 0x10a5, 0x1d3b, 0x1d34, 0x0bf9, 0x0bf1, 
0xf959, 0xf954, 0x0220, 0x0220, 0xf3c8, 0xf3cb, 0x0909, 0x090e, 
0x13bd, 0x13be, 0x0f3b, 0x0f3e, 0x1fcb, 0x1fcc, 0x1eed, 0x1eea, 
0x1b82, 0x1b7d, 0x1067, 0x1064, 0x06de, 0x06dd, 0xf6fe, 0xf700, 
0xfc6d, 0xfc6e, 0x2013, 0x2013, 0x1ffc, 0x1ffd, 0xf8d8, 0xf8d9, 
0xe660, 0xe661, 0xd3d3, 0xd3d6, 0xc7f3, 0xc7fa, 0xd97d, 0xd982, 
0xd667, 0xd668, 0xe6ed, 0xe6ed, 0xed8c, 0xed8c, 0xead1, 0xeacd, 
0xfa62, 0xfa5c, 0x0996, 0x0993, 0x137a, 0x137a, 0xf99c, 0xf99f, 
0x077e, 0x0780, 0x2ad0, 0x2ace, 0x37a2, 0x379c, 0x289b, 0x2893, 
0x03e4, 0x03de, 0xf2ce, 0xf2ca, 0xe181, 0xe17b, 0xe3cc, 0xe3c7, 
0xe612, 0xe60e, 0xe2c5, 0xe2c2, 0xe415, 0xe413, 0xdde5, 0xdde7, 
0xed7a, 0xed7d, 0x083b, 0x083d, 0x0670, 0x0672, 0x0c3f, 0x0c44, 
0x2242, 0x2247, 0x2ddc, 0x2ddd, 0x55fa, 0x55fe, 0x5554, 0x555b, 
0x312b, 0x3132, 0x1494, 0x1498, 0xf8bb, 0xf8bd, 0xf2d1, 0xf2d3, 
0xe893, 0xe893, 0xfd34, 0xfd31, 0xf5fb, 0xf5fb, 0xd729, 0xd72a, 
0xdec9, 0xdec4, 0xe32d, 0xe325, 0xe4c1, 0xe4bd, 0xde80, 0xde7e, 
0xe11a, 0xe11b, 0xf8fb, 0xf8ff, 0x1edb, 0x1ede, 0x22cd, 0x22cc, 
0x07ad, 0x07ac, 0xfee9, 0xfee7, 0xfa32, 0xfa2e, 0xed76, 0xed73, 
0xf257, 0xf25a, 0x0424, 0x0429, 0xfab9, 0xfabe, 0xf3f7, 0xf3fb, 
0xeef3, 0xeef1, 0xfdf7, 0xfdf2, 0x0771, 0x0770, 0xf4f8, 0xf4f7, 
0xf557, 0xf554, 0xfac7, 0xfac5, 0x1bf6, 0x1bf2, 0x174a, 0x1748, 
0x02a2, 0x02a4, 0x03f5, 0x03f4, 0xebb2, 0xebb3, 0xf382, 0xf386, 
0x0701, 0x0705, 0x0c84, 0x0c8b, 0x123b, 0x123e, 0x1491, 0x148e, 
0x1374, 0x1373, 0x1eda, 0x1ee0, 0x2804, 0x2808, 0x10ca, 0x10c7, 
0xf442, 0xf441, 0x0429, 0x042e, 0x2b82, 0x2b87, 0x1ead, 0x1eab, 
0x0670, 0x066e, 0xea00, 0xea00, 0xcffb, 0xcffb, 0xcb05, 0xcb05, 
0xc695, 0xc697, 0xd922, 0xd925, 0xe216, 0xe216, 0xe875, 0xe86e, 
0xe4c9, 0xe4c0, 0xfa97, 0xfa93, 0x1ee3, 0x1ee4, 0x0d8d, 0x0d94, 
0x0834, 0x083b, 0x108a, 0x108e, 0x2a61, 0x2a61, 0x3bc8, 0x3bc6, 
0x2565, 0x255f, 0x0c78, 0x0c74, 0xf4ae, 0xf4b1, 0xe641, 0xe646, 
0xddcd, 0xddd1, 0xdc85, 0xdc87, 0xddb7, 0xddb3, 0xd272, 0xd270, 
0xcef0, 0xcef2, 0xeef4, 0xeef8, 0xfd04, 0xfd0a, 0x00e6, 0x00ec, 
0x0ea3, 0x0eaa, 0x1049, 0x104d, 0x3307, 0x3308, 0x4c74, 0x4c77, 
0x4af8, 0x4afb, 0x340c, 0x340f, 0x1ed6, 0x1edb, 0x11de, 0x11e4, 
0xee7c, 0xee80, 0xf2b5, 0xf2b5, 0xf9c3, 0xf9c0, 0xeda3, 0xeda0, 
0xe2e9, 0xe2e7, 0xdd82, 0xdd82, 0xe90c, 0xe90d, 0xe3e2, 0xe3e5, 
0xd48b, 0xd492, 0xd4d6, 0xd4da, 0xf8c0, 0xf8c0, 0x19b5, 0x19b6, 
0x1400, 0x1405, 0x0668, 0x066f, 0x08b5, 0x08bc, 0x0278, 0x027b, 
0xfe8c, 0xfe8a, 0x073c, 0x0737, 0x0215, 0x0213, 0x098c, 0x098e, 
0x07be, 0x07c2, 0x07b3, 0x07b4, 0x0ec2, 0x0ebf, 0x0a3a, 0x0a38, 
0xfbd0, 0xfbd2, 0xe7bb, 0xe7bd, 0xfcd8, 0xfcd7, 0x02dc, 0x02da, 
0xfa5e, 0xfa5e, 0xf61e, 0xf620, 0xe0d6, 0xe0d8, 0xdf62, 0xdf61, 
0xec2e, 0xec2d, 0xfdf5, 0xfdf6, 0x038d, 0x038b, 0x0de9, 0x0de7, 
0x1a64, 0x1a62, 0x1c91, 0x1c8f, 0x2fc3, 0x2fc3, 0x38dd, 0x38dd, 
0x1653, 0x1650, 0x0249, 0x0244, 0x1b4d, 0x1b49, 0x27f1, 0x27f0, 
0x233e, 0x233f, 0x0180, 0x0181, 0xe2bf, 0xe2c2, 0xd43e, 0xd443, 
0xc681, 0xc689, 0xca6e, 0xca76, 0xcb10, 0xcb14, 0xdea7, 0xdea7, 
0xe0d9, 0xe0d6, 0xe555, 0xe555, 0x0582, 0x0587, 0x1246, 0x1248, 
0x11e0, 0x11df, 0x07f8, 0x07f5, 0x16a5, 0x16a1, 0x2af6, 0x2aef, 
0x34af, 0x34a6, 0x28ae, 0x28a9, 0x0729, 0x0729, 0xf602, 0xf602, 
0xe826, 0xe823, 0xe418, 0xe415, 0xe342, 0xe33d, 0xd40c, 0xd405, 
0xceb6, 0xceac, 0xe264, 0xe25c, 0xe9b2, 0xe9af, 0xf506, 0xf508, 
0xff41, 0xff40, 0x0035, 0x002e, 0x1a48, 0x1a43, 0x3458, 0x3458, 
0x4f7a, 0x4f7b, 0x3bbf, 0x3bbe, 0x2afc, 0x2afc, 0x2c49, 0x2c4b, 
0x0645, 0x0646, 0x0011, 0x0011, 0xf962, 0xf962, 0xefe6, 0xefe8, 
0xf067, 0xf06b, 0xedb6, 0xedb9, 0xeee0, 0xeede, 0xed2e, 0xed2c, 
0xea3f, 0xea3d, 0xd75c, 0xd758, 0xe03b, 0xe037, 0x01bf, 0x01be, 
0x0f65, 0x0f62, 0x0465, 0x0461, 0xfa55, 0xfa51, 0xf5c7, 0xf5c5, 
0xf52c, 0xf52f, 0xfeff, 0xff08, 0xfe24, 0xfe2b, 0xf6b4, 0xf6b8, 
0xf65b, 0xf65f, 0x09a4, 0x09a8, 0x0d71, 0x0d73, 0x12dc, 0x12de, 
0x0d20, 0x0d1d, 0xf4fe, 0xf4fb, 0x08b3, 0x08b6, 0x08ff, 0x0900, 
0x0627, 0x0628, 0x03e5, 0x03e6, 0xea10, 0xea12, 0xdbc1, 0xdbc7, 
0xd7eb, 0xd7f1, 0xed91, 0xed92, 0xf5f5, 0xf5f4, 0xf8f5, 0xf8f3, 
0x0a48, 0x0a48, 0x1377, 0x1377, 0x2148, 0x2147, 0x37fe, 0x37fd, 
0x2fec, 0x2feb, 0x159e, 0x159d, 0x1be4, 0x1be2, 0x26ad, 0x26a8, 
0x293b, 0x2936, 0x1a35, 0x1a30, 0xfd86, 0xfd7f, 0xe115, 0xe10e, 
0xd5d8, 0xd5d7, 0xd1f7, 0xd1f8, 0xc561, 0xc560, 0xcce3, 0xcce0, 
0xcdb5, 0xcdb1, 0xdb24, 0xdb22, 0xecd6, 0xecd8, 0xff38, 0xff3c, 
0x11f4, 0x11f8, 0x0a37, 0x0a36, 0x1c1d, 0x1c1b, 0x26d3, 0x26d6, 
0x2b37, 0x2b3b, 0x2ec0, 0x2ec2, 0x1885, 0x1884, 0x097f, 0x097b, 
0xf901, 0xf8fb, 0xeb9d, 0xeb99, 0xed2b, 0xed2a, 0xe3db, 0xe3df, 
0xd154, 0xd156, 0xd877, 0xd876, 0xe255, 0xe252, 0xea1d, 0xea1c, 
0xef92, 0xef8e, 0xf853, 0xf84e, 0x0d9d, 0x0d9d, 0x1edb, 0x1edf, 
0x3d41, 0x3d46, 0x3b68, 0x3b6b, 0x30f8, 0x30f9, 0x2f7d, 0x2f7d, 
0x20be, 0x20be, 0x12c8, 0x12c5, 0xfbb2, 0xfbac, 0xf591, 0xf58a, 
0xe7e8, 0xe7e3, 0xea69, 0xea65, 0xf324, 0xf321, 0xe783, 0xe77f, 
0xed99, 0xed95, 0xe4f7, 0xe4f3, 0xe18c, 0xe188, 0xf540, 0xf53b, 
0x06a4, 0x06a1, 0x0c71, 0x0c71, 0x075a, 0x075b, 0xfc35, 0xfc33, 
0xfb16, 0xfb14, 0xfe79, 0xfe7b, 0xff68, 0xff6c, 0xf72b, 0xf72d, 
0xe7ce, 0xe7d0, 0xf943, 0xf947, 0xfdcd, 0xfdcc, 0x08b5, 0x08af, 
0x10cc, 0x10c7, 0xfb10, 0xfb0e, 0x03eb, 0x03ed, 0x0ac4, 0x0ac8, 
0x1189, 0x118b, 0x0a9a, 0x0a99, 0x031e, 0x031a, 0xf4fb, 0xf4f7, 
0xd7b5, 0xd7b4, 0xe5cd, 0xe5d1, 0xea97, 0xea9a, 0xe95e, 0xe95e, 
0xf4ee, 0xf4f0, 0xfd3c, 0xfd3d, 0x091b, 0x0918, 0x1fb8, 0x1fba, 
0x337f, 0x3386, 0x2b59, 0x2b5f, 0x1f01, 0x1f04, 0x209d, 0x209f, 
0x2837, 0x2837, 0x292e, 0x292a, 0x2a86, 0x2a83, 0x0893, 0x0896, 
0xe873, 0xe873, 0xe342, 0xe33f, 0xd4c6, 0xd4c0, 0xd2f2, 0xd2eb, 
0xc711, 0xc70e, 0xd279, 0xd277, 0xdc1f, 0xdc1e, 0xe2e8, 0xe2ed, 
0xf8fa, 0xf902, 0xfc8e, 0xfc92, 0x10fd, 0x10fe, 0x149c, 0x1499, 
0x1a4f, 0x1a4e, 0x24bd, 0x24c1, 0x1f33, 0x1f35, 0x1695, 0x1694, 
0x0005, 0x0008, 0xf168, 0xf16b, 0xefe7, 0xefe5, 0xec0b, 0xec07, 
0xddad, 0xddb1, 0xd95d, 0xd966, 0xdcdb, 0xdcdf, 0xeb52, 0xeb4d, 
0xed9e, 0xed99, 0xf38e, 0xf38c, 0x01db, 0x01dc, 0x0645, 0x0646, 
0x2551, 0x254f, 0x2be9, 0x2be7, 0x3200, 0x3201, 0x2e6f, 0x2e70, 
0x1ed5, 0x1ed5, 0x24c9, 0x24c7, 0x15e9, 0x15eb, 0x0a25, 0x0a2d, 
0xf262, 0xf26b, 0xf198, 0xf19f, 0xfde2, 0xfde5, 0xf805, 0xf807, 
0x010b, 0x010d, 0xfdb1, 0xfdb2, 0xf518, 0xf51b, 0xf612, 0xf616, 
0xfb06, 0xfb07, 0x00a9, 0x00a7, 0x0921, 0x0922, 0xfafb, 0xfafd, 
0xe55a, 0xe557, 0xe351, 0xe34d, 0xf61c, 0xf61d, 0xf961, 0xf964, 
0xe797, 0xe798, 0xf550, 0xf54e, 0xefba, 0xefb6, 0xfa92, 0xfa90, 
0x1134, 0x1132, 0x0a7d, 0x0a7e, 0x0a9c, 0x0a9e, 0x091b, 0x091d, 
0x13fe, 0x1400, 0x07ea, 0x07eb, 0x0a74, 0x0a73, 0x09d6, 0x09d4, 
0xe053, 0xe04f, 0xdb14, 0xdb14, 0xe616, 0xe617, 0xe744, 0xe745, 
0xe87c, 0xe87d, 0xf512, 0xf511, 0x01c9, 0x01c9, 0x0cad, 0x0cae, 
0x2225, 0x2227, 0x3668, 0x3667, 0x3867, 0x3866, 0x35e8, 0x35ee, 
0x2cc2, 0x2cca, 0x2031, 0x2032, 0x3056, 0x3052, 0x1d39, 0x1d39, 
0xf8da, 0xf8e1, 0xe368, 0xe36e, 0xd815, 0xd816, 0xd434, 0xd433, 
0xbb6b, 0xbb6b, 0xc46a, 0xc46b, 0xcde6, 0xcde9, 0xd5fc, 0xd5fd, 
0xe6b9, 0xe6bb, 0xee00, 0xee08, 0x0b32, 0x0b39, 0x161e, 0x1620, 
0x1d27, 0x1d28, 0x286d, 0x286f, 0x2b5d, 0x2b63, 0x28c8, 0x28ca, 
0x11c5, 0x11c3, 0xfbf2, 0xfbef, 0xf585, 0xf584, 0xf03d, 0xf03d, 
0xe6da, 0xe6dc, 0xd91f, 0xd91d, 0xd573, 0xd56b, 0xe78f, 0xe783, 
0xe7bb, 0xe7b3, 0xede8, 0xede4, 0xfac2, 0xfac1, 0x03c5, 0x03c3, 
0x177c, 0x1779, 0x1b8f, 0x1b8b, 0x3425, 0x3424, 0x38a5, 0x38a3, 
0x21a6, 0x21a5, 0x1679, 0x1676, 0x1492, 0x1492, 0x20f3, 0x20f4, 
0x06ee, 0x06f0, 0xf29d, 0xf29e, 0xf844, 0xf844, 0xf797, 0xf795, 
0x0010, 0x000f, 0xfdf4, 0xfdf5, 0xfb45, 0xfb48, 0xfbb2, 0xfbb2, 
0xf419, 0xf41a, 0xf61d, 0xf621, 0x042b, 0x042d, 0x0ae1, 0x0adc, 
0xf4d2, 0xf4c8, 0xd416, 0xd40c, 0xe179, 0xe172, 0xf273, 0xf271, 
0xe940, 0xe943, 0xedef, 0xedf1, 0xe8e6, 0xe8e6, 0xf0c0, 0xf0be, 
0xffdb, 0xffda, 0x09d8, 0x09d8, 0x0fa9, 0x0fa6, 0x0d84, 0x0d82, 
0x1b5f, 0x1b62, 0x0bdf, 0x0be6, 0x0bcb, 0x0bd2, 0x1aad, 0x1ab2, 
0xfe41, 0xfe42, 0xe0fb, 0xe0fc, 0xd7b6, 0xd7b4, 0xe3f5, 0xe3f7, 
0xe8fd, 0xe904, 0xe835, 0xe837, 0xf006, 0xf003, 0xfb4a, 0xfb47, 
0x0eef, 0x0eec, 0x1c7b, 0x1c78, 0x25c9, 0x25c7, 0x3ba9, 0x3ba9, 
0x3bad, 0x3bac, 0x2682, 0x267e, 0x2d79, 0x2d75, 0x2ec1, 0x2ebd, 
0x1c85, 0x1c86, 0xfd35, 0xfd36, 0xeb98, 0xeb96, 0xea61, 0xea62, 
0xda0c, 0xda10, 0xd5c4, 0xd5c3, 0xcecc, 0xcec6, 0xd97f, 0xd978, 
0xe401, 0xe3ff, 0xdd7a, 0xdd78, 0xee18, 0xee17, 0xfd90, 0xfd92, 
0x0bcb, 0x0bce, 0x1387, 0x1387, 0x179f, 0x179b, 0x1754, 0x1753, 
0x0f7c, 0x0f81, 0x07be, 0x07c5, 0xfb29, 0xfb2d, 0xfa41, 0xfa40, 
0x00d3, 0x00d1, 0xf3c9, 0xf3c7, 0xe1f0, 0xe1ef, 0xec38, 0xec37, 
0xefcd, 0xefcd, 0xeb4c, 0xeb4b, 0xea04, 0xea01, 0xefd7, 0xefd2, 
0x0158, 0x0155, 0x0b06, 0x0b09, 0x1b23, 0x1b25, 0x1dcf, 0x1dcc, 
0x1f5f, 0x1f5c, 0x18f8, 0x18f4, 0x0ecd, 0x0ec5, 0x2265, 0x2260, 
0x24ca, 0x24cd, 0x120d, 0x1213, 0xfdf0, 0xfdf5, 0xfd34, 0xfd36, 
0x0418, 0x0417, 0x0178, 0x017a, 0xffdc, 0xffde, 0xfb8a, 0xfb88, 
0xfc13, 0xfc14, 0xfdbe, 0xfdc5, 0xffde, 0xffe5, 0x02de, 0x02e3, 
0xfdbe, 0xfdc1, 0xe3cc, 0xe3cf, 0xd796, 0xd798, 0xdf9c, 0xdf9c, 
0xe653, 0xe652, 0xef07, 0xef03, 0xe7eb, 0xe7e4, 0xe1b1, 0xe1aa, 
0xe830, 0xe82e, 0x01e8, 0x01ed, 0x0b15, 0x0b19, 0x0757, 0x0754, 
0x1eea, 0x1ee5, 0x21da, 0x21d6, 0x1961, 0x195f, 0x1c93, 0x1c90, 
0x19e0, 0x19db, 0xfd08, 0xfd02, 0xe123, 0xe11e, 0xe14a, 0xe149, 
0xdf32, 0xdf30, 0xe26e, 0xe26c, 0xe829, 0xe827, 0xe81e, 0xe81d, 
0xf466, 0xf467, 0x0951, 0x0956, 0x1138, 0x113c, 0x232c, 0x232b, 
0x40d4, 0x40d3, 0x416f, 0x4171, 0x3412, 0x3410, 0x32f0, 0x32ee, 
0x2f25, 0x2f29, 0x0f0f, 0x0f14, 0xfab5, 0xfab5, 0xf55d, 0xf559, 
0xea02, 0xe9fe, 0xe436, 0xe431, 0xd344, 0xd342, 0xcef1, 0xcef0, 
0xd8fd, 0xd8fb, 0xe110, 0xe110, 0xe03e, 0xe044, 0xe76d, 0xe773, 
0x016b, 0x016e, 0x0ad7, 0x0ad9, 0x14ec, 0x14f1, 0x1a55, 0x1a5c, 
0x1024, 0x1029, 0x0936, 0x093a, 0xfe5c, 0xfe61, 0xf42c, 0xf42f, 
0xfc09, 0xfc08, 0x04be, 0x04be, 0xf0c6, 0xf0c7, 0xe258, 0xe258, 
0xeff4, 0xeff4, 0xf793, 0xf78f, 0xec0c, 0xec06, 0xeee2, 0xeee1, 
0xf7f0, 0xf7f2, 0xf9da, 0xf9de, 0x09ff, 0x0a06, 0x162e, 0x1636, 
0x1e30, 0x1e35, 0x16a3, 0x16a3, 0x03cf, 0x03cb, 0x05e9, 0x05e8, 
0x1b47, 0x1b49, 0x2968, 0x2968, 0x149e, 0x1496, 0x04ff, 0x04f7, 
0x06dc, 0x06da, 0x05fe, 0x0600, 0x05b9, 0x05bc, 0x03e4, 0x03e3, 
0x06a5, 0x06a2, 0x0870, 0x086d, 0x0060, 0x005b, 0xfd80, 0xfd7a, 
0x08b2, 0x08b1, 0xfdfb, 0xfdfe, 0xe12f, 0xe132, 0xd431, 0xd432, 
0xdc7e, 0xdc79, 0xe91d, 0xe918, 0xee8a, 0xee88, 0xf1d0, 0xf1cf, 
0xe891, 0xe890, 0xf6da, 0xf6da, 0x098e, 0x098a, 0x01e7, 0x01e3, 
0x0da0, 0x0da3, 0x1f2f, 0x1f37, 0x1cd1, 0x1cd2, 0x117c, 0x1177, 
0x180f, 0x1809, 0x139b, 0x1398, 0xf102, 0xf0fe, 0xdf8e, 0xdf8a, 
0xda77, 0xda73, 0xd779, 0xd775, 0xdddd, 0xddda, 0xe0b7, 0xe0b6, 
0xe8f4, 0xe8f4, 0xff51, 0xff50, 0x06f5, 0x06f6, 0x0c26, 0x0c27, 
0x259b, 0x259c, 0x4017, 0x4017, 0x4120, 0x411f, 0x3516, 0x3514, 
0x39c4, 0x39c3, 0x2757, 0x2758, 0x0a9d, 0x0aa0, 0xf90e, 0xf910, 
0xed3c, 0xed3f, 0xf30b, 0xf30d, 0xe36f, 0xe370, 0xd368, 0xd366, 
0xd8ff, 0xd8fd, 0xe7ab, 0xe7ad, 0xecb7, 0xecb9, 0xe2e0, 0xe2e0, 
0xf002, 0xf002, 0xff62, 0xff63, 0x0af4, 0x0af6, 0x1aaf, 0x1ab1, 
0x1ade, 0x1ae0, 0x16e4, 0x16e6, 0x0bbc, 0x0bc0, 0xf475, 0xf478, 
0xf1f6, 0xf1f3, 0xffbb, 0xffb3, 0xfee4, 0xfede, 0xef9c, 0xef9a, 
0xeab8, 0xeab6, 0xfa4f, 0xfa4f, 0xf57c, 0xf57d, 0xeed3, 0xeed3, 
0xf014, 0xf015, 0xeb4a, 0xeb4d, 0xf566, 0xf569, 0xf890, 0xf88f, 
0x090e, 0x090d, 0x1754, 0x1756, 0x0a69, 0x0a6d, 0xfc57, 0xfc5e, 
0xfeb4, 0xfeba, 0x1e4a, 0x1e4b, 0x24b3, 0x24b0, 0x15a6, 0x15a8, 
0x14b5, 0x14b7, 0x154b, 0x154c, 0x1487, 0x1488, 0x08ba, 0x08b9, 
0x04b9, 0x04b7, 0x0e32, 0x0e34, 0x06ae, 0x06b5, 0xf823, 0xf828, 
0xfb02, 0xfb02, 0x0220, 0x021f, 0xf972, 0xf971, 0xdd6b, 0xdd6b, 
0xd399, 0xd396, 0xdfd2, 0xdfcd, 0xe9cd, 0xe9c7, 0xf0f2, 0xf0ed, 
0xebfa, 0xebf7, 0xfdac, 0xfdac, 0x0c88, 0x0c89, 0x0059, 0x0056, 
0x020a, 0x0207, 0x0eb7, 0x0eb6, 0x1ab9, 0x1abd, 0x1438, 0x143b, 
0x1733, 0x1733, 0x1d8b, 0x1d8d, 0x08b5, 0x08b8, 0xf395, 0xf396, 
0xe138, 0xe13a, 0xdc8c, 0xdc94, 0xdce8, 0xdceb, 0xd589, 0xd586, 
0xda4c, 0xda4b, 0xf1a4, 0xf1a6, 0x06fb, 0x0700, 0x071b, 0x0722, 
0x07db, 0x07e1, 0x2153, 0x2153, 0x369c, 0x3698, 0x374d, 0x374c, 
0x3c14, 0x3c16, 0x38c6, 0x38c3, 0x27c2, 0x27be, 0x06b9, 0x06bb, 
0xf288, 0xf28f, 0xfaf0, 0xfaf5, 0xf580, 0xf57f, 0xe7ac, 0xe7a8, 
0xd57c, 0xd57a, 0xdc55, 0xdc55, 0xed42, 0xed46, 0xe7b8, 0xe7be, 
0xe597, 0xe59b, 0xe5b1, 0xe5b1, 0xf719, 0xf71b, 0x0521, 0x0521, 
0x0cee, 0x0ce8, 0x18c5, 0x18c2, 0x1017, 0x101a, 0xfaf0, 0xfaf3, 
0xea2d, 0xea2d, 0xf172, 0xf16e, 0x0208, 0x0207, 0x00c3, 0x00c4, 
0xfa2f, 0xfa31, 0xfee6, 0xfee7, 0x017c, 0x017f, 0x0074, 0x0074, 
0xfafa, 0xfaf8, 0xf8f2, 0xf8ed, 0xfa26, 0xfa22, 0xf2d8, 0xf2d7, 
0x0050, 0x0050, 0x0ee2, 0x0ee1, 0x14bd, 0x14bb, 0x08e5, 0x08e0, 
0xf3ef, 0xf3ec, 0xfe52, 0xfe50, 0x0ddc, 0x0ddc, 0x1b6b, 0x1b6d, 
0x1650, 0x1653, 0x12b9, 0x12ba, 0x1be5, 0x1be4, 0x0d8b, 0x0d8a, 
0x00c8, 0x00cb, 0x0522, 0x0524, 0x1020, 0x101d, 0x0cf9, 0x0cf2, 
0x0547, 0x053f, 0x0983, 0x097b, 0x0576, 0x0572, 0xf3c7, 0xf3c5, 
0xe3ef, 0xe3ec, 0xd4fb, 0xd4fa, 0xd74d, 0xd74f, 0xe9bf, 0xe9be, 
0xe6f5, 0xe6f1, 0xe9e1, 0xe9dc, 0xf775, 0xf773, 0xfc15, 0xfc19, 
0xefb0, 0xefb9, 0xf0bd, 0xf0c4, 0x0c5e, 0x0c64, 0x0c9b, 0x0ca1, 
0x14ae, 0x14b1, 0x22e1, 0x22dd, 0x19c9, 0x19bf, 0x0a6a, 0x0a60, 
0xf613, 0xf60e, 0xe8f7, 0xe8f4, 0xe046, 0xe044, 0xe1a0, 0xe19f, 
0xdcb1, 0xdcb1, 0xdb4f, 0xdb4e, 0xfa36, 0xfa33, 0x0b3f, 0x0b3b, 
0xfd9e, 0xfd98, 0x0476, 0x0473, 0x1b86, 0x1b89, 0x2ada, 0x2add, 
0x3b84, 0x3b83, 0x44f3, 0x44f3, 0x44c2, 0x44c5, 0x2bd4, 0x2bdb, 
0x0d47, 0x0d50, 0xf7ed, 0xf7f1, 0xf4d6, 0xf4d6, 0x01ec, 0x01ec, 
0xea5b, 0xea5b, 0xdd81, 0xdd83, 0xe8fb, 0xe8fc, 0xeb8b, 0xeb8b, 
0xe79e, 0xe79e, 0xdcfb, 0xdcfc, 0xe3e2, 0xe3e4, 0xef18, 0xef19, 
0x01d0, 0x01d2, 0x1672, 0x1674, 0x1a14, 0x1a18, 0x1623, 0x162a, 
0xfd31, 0xfd39, 0xe540, 0xe544, 0xefb5, 0xefb7, 0xfa29, 0xfa2b, 
0xf48e, 0xf48c, 0xf23d, 0xf239, 0xf6e0, 0xf6db, 0xffc1, 0xffbd, 
0xf517, 0xf516, 0xef3f, 0xef42, 0xef26, 0xef2a, 0xe9d5, 0xe9d8, 
0xf62c, 0xf62d, 0xffc7, 0xffc6, 0x15cd, 0x15cb, 0x1b04, 0x1b00, 
0x0601, 0x05fd, 0xfb78, 0xfb77, 0xfc02, 0xfc02, 0x1674, 0x1672, 
0x1f46, 0x1f45, 0x18ae, 0x18b1, 0x2029, 0x2029, 0x233b, 0x2338, 
0x1a47, 0x1a43, 0x069e, 0x069a, 0x0777, 0x0772, 0x100f, 0x100c, 
0x07c5, 0x07c2, 0x0b13, 0x0b0f, 0x135e, 0x135d, 0x0710, 0x0713, 
0xf8d9, 0xf8dd, 0xe2f9, 0xe2fa, 0xd34a, 0xd348, 0xdc6f, 0xdc6f, 
0xe282, 0xe286, 0xe23c, 0xe240, 0xe16c, 0xe16b, 0xfa78, 0xfa76, 
0xff78, 0xff75, 0xeb32, 0xeb2e, 0xf7eb, 0xf7e9, 0xfe57, 0xfe56, 
0x02fd, 0x02f7, 0x1022, 0x101b, 0x1e25, 0x1e25, 0x1d50, 0x1d54, 
0x0aec, 0x0af1, 0xfcc4, 0xfccb, 0xeb9f, 0xeba3, 0xed09, 0xed0b, 
0xeab3, 0xeab7, 0xd4e0, 0xd4e4, 0xd998, 0xd993, 0xf8dc, 0xf8d1, 
0x0169, 0x0160, 0xfa91, 0xfa8b, 0x01c6, 0x01c4, 0x1180, 0x117d, 
0x219f, 0x219d, 0x2f97, 0x2f98, 0x4435, 0x4436, 0x3f40, 0x3f3f, 
0x2d7b, 0x2d77, 0x106b, 0x1069, 0xf713, 0xf712, 0x07bb, 0x07b9, 
0x0082, 0x0080, 0xed6c, 0xed6e, 0xe523, 0xe528, 0xe954, 0xe958, 
0xf494, 0xf493, 0xef19, 0xef19, 0xed34, 0xed36, 0xe579, 0xe57e, 
0xeaae, 0xeab1, 0xff40, 0xff3e, 0x0d26, 0x0d24, 0x15e4, 0x15e3, 
0x1393, 0x1393, 0xf967, 0xf963, 0xe787, 0xe782, 0xf370, 0xf36d, 
0xf8e7, 0xf8e5, 0xf3d1, 0xf3cc, 0xee8e, 0xee87, 0xfd68, 0xfd66, 
0x03c8, 0x03cd, 0xffbb, 0xffbf, 0xfe7e, 0xfe7c, 0xf6f8, 0xf6f0, 
0xf90c, 0xf903, 0xf17b, 0xf171, 0xff9a, 0xff90, 0x0f98, 0x0f92, 
0x0cdc, 0x0cdd, 0xfc56, 0xfc58, 0xe2a9, 0xe2aa, 0xf3c6, 0xf3c6, 
0x0670, 0x0670, 0x08e7, 0x08e4, 0x0c47, 0x0c43, 0x19a3, 0x199f, 
0x2687, 0x2683, 0x1865, 0x1863, 0x0bdd, 0x0bde, 0x0fcd, 0x0fcb, 
0x0d61, 0x0d5e, 0x0ba7, 0x0ba6, 0x1ae9, 0x1aea, 0x164c, 0x164f, 
0x0c19, 0x0c1b, 0xfa14, 0xfa11, 0xe147, 0xe143, 0xdbfe, 0xdbfd, 
0xdc18, 0xdc1c, 0xe1b0, 0xe1b7, 0xdae3, 0xdae9, 0xee78, 0xee7b, 
0x0784, 0x0787, 0x05d1, 0x05d5, 0x0438, 0x0437, 0xffb6, 0xffaf, 
0x02f9, 0x02f1, 0x05e1, 0x05df, 0x18c9, 0x18cd, 0x23a8, 0x23ae, 
0x1dd8, 0x1ddb, 0x0b01, 0x0b00, 0xe953, 0xe950, 0xe94b, 0xe948, 
0xf192, 0xf191, 0xe057, 0xe056, 0xcd6c, 0xcd68, 0xdc3e, 0xdc3c, 
0xf5fd, 0xf5fe, 0x0167, 0x0165, 0xff72, 0xff6b, 0xfedd, 0xfed9, 
0x07c6, 0x07c8, 0x1208, 0x120b, 0x2b08, 0x2b0b, 0x3ac3, 0x3ac6, 
0x45c1, 0x45c0, 0x2b8f, 0x2b8a, 0xfe79, 0xfe76, 0xff65, 0xff67, 
0x0202, 0x0206, 0xf908, 0xf90a, 0xe9f3, 0xe9f4, 0xea7f, 0xea7b, 
0xf04c, 0xf047, 0xf525, 0xf527, 0xfddd, 0xfde1, 0xeea4, 0xeea7, 
0xe414, 0xe417, 0xe80c, 0xe80f, 0xf66a, 0xf66b, 0x0803, 0x0804, 
0x191c, 0x1922, 0x146e, 0x1472, 0xf783, 0xf785, 0xef3c, 0xef3d, 
0xf60c, 0xf609, 0xf3e8, 0xf3e1, 0xeece, 0xeece, 0xf8aa, 0xf8ac, 
0x0600, 0x0600, 0x132f, 0x132d, 0x0d29, 0x0d2a, 0x029b, 0x029b, 
0x009f, 0x009b, 0xf448, 0xf442, 0xfa0e, 0xfa0b, 0xfb1a, 0xfb19, 
0x0718, 0x0718, 0x0a7f, 0x0a7f, 0xec3f, 0xec3f, 0xe76e, 0xe76d, 
0xf264, 0xf260, 0xfed9, 0xfed6, 0xfe41, 0xfe40, 0x08f6, 0x08f6, 
0x25ff, 0x25f9, 0x2c9e, 0x2c98, 0x26fd, 0x26fd, 0x1d8b, 0x1d8f, 
0x0f08, 0x0f09, 0x0900, 0x08fe, 0x101d, 0x1019, 0x107b, 0x1077, 
0x0d28, 0x0d29, 0x0265, 0x026b, 0xf19d, 0xf1a0, 0xe05a, 0xe05a, 
0xdb1b, 0xdb20, 0xdffe, 0xe002, 0xd3f3, 0xd3f4, 0xdbb8, 0xdbb7, 
0xf140, 0xf13f, 0x050a, 0x0509, 0x0d31, 0x0d31, 0x05af, 0x05ad, 
0xff84, 0xff81, 0xf726, 0xf724, 0x0766, 0x0769, 0x0f81, 0x0f87, 
0x1630, 0x1636, 0x1db7, 0x1db9, 0xfe46, 0xfe42, 0xec56, 0xec50, 
0xf336, 0xf335, 0xf291, 0xf295, 0xe3f5, 0xe3f7, 0xd916, 0xd915, 
0xe569, 0xe567, 0xf99e, 0xf99d, 0xfb39, 0xfb3a, 0xfc18, 0xfc1e, 
0xfdb6, 0xfdbb, 0x0395, 0x0395, 0x193c, 0x193c, 0x2379, 0x2379, 
0x39de, 0x39dd, 0x3ed9, 0x3ed9, 0x2602, 0x25ff, 0x12c4, 0x12bf, 
0x0ab2, 0x0ab4, 0x0f72, 0x0f7b, 0xfd5a, 0xfd63, 0xf425, 0xf42e, 
0xf489, 0xf48f, 0xf0bf, 0xf0c1, 0xf9f4, 0xf9f3, 0xf450, 0xf44f, 
0xe6b1, 0xe6b1, 0xe3dd, 0xe3dc, 0xed84, 0xed82, 0xf5f7, 0xf5f6, 
0x0576, 0x0577, 0x128b, 0x128e, 0x05ef, 0x05f3, 0xf39c, 0xf39d, 
0xf408, 0xf406, 0xf8e6, 0xf8e3, 0xf3a4, 0xf39e, 0xf0bc, 0xf0b3, 
0xf391, 0xf38d, 0x0897, 0x0898, 0x0755, 0x0758, 0xfd1e, 0xfd1f, 
0xfe77, 0xfe75, 0xf71b, 0xf717, 0x00cf, 0x00d0, 0xf85f, 0xf860, 
0xfeba, 0xfeb7, 0x0eca, 0x0ec6, 0xfc1d, 0xfc1c, 0xee1f, 0xee20, 
0xe8e4, 0xe8e5, 0xf419, 0xf41a, 0xf76e, 0xf770, 0xf5ce, 0xf5ce, 
0x09c1, 0x09be, 0x2057, 0x2051, 0x2b56, 0x2b52, 0x290e, 0x2910, 
0x1d7f, 0x1d85, 0x1952, 0x1956, 0x1d4a, 0x1d4d, 0x1d28, 0x1d29, 
0x202e, 0x202f, 0x152d, 0x152e, 0x0ab4, 0x0ab2, 0xf543, 0xf53d, 
0xded4, 0xdece, 0xe045, 0xe041, 0xd366, 0xd35e, 0xcce4, 0xccdb, 
0xcfdb, 0xcfd9, 0xe3fc, 0xe3fa, 0xf662, 0xf65d, 0xfbaa, 0xfba6, 
0xfdbf, 0xfdbe, 0xf3fd, 0xf3fe, 0x04bb, 0x04b7, 0x0bed, 0x0be6, 
0x1342, 0x133c, 0x2946, 0x2940, 0x1e3d, 0x1e39, 0x04ae, 0x04aa, 
0xf782, 0xf780, 0xf933, 0xf931, 0xf50b, 0xf509, 0xe173, 0xe171, 
0xd6d9, 0xd6d7, 0xe398, 0xe398, 0xec74, 0xec78, 0xf4db, 0xf4dc, 
0xf58e, 0xf589, 0xf6e7, 0xf6e1, 0x064b, 0x0647, 0x0ae3, 0x0ae3, 
0x23da, 0x23da, 0x3bc9, 0x3bc5, 0x4189, 0x4186, 0x3063, 0x3064, 
0x17db, 0x17de, 0x1748, 0x1749, 0x0a7d, 0x0a7c, 0x02fa, 0x02f9, 
0xfce9, 0xfce8, 0xf40a, 0xf40a, 0xf529, 0xf52b, 0xf4b8, 0xf4bb, 
0xedf1, 0xedf1, 0xe4b3, 0xe4ae, 0xe8e5, 0xe8df, 0xe853, 0xe850, 
0xefd9, 0xefd9, 0x054f, 0x054f, 0x0c44, 0x0c47, 0x04a0, 0x04a4, 
0xfb49, 0xfb49, 0xf059, 0xf054, 0xef8c, 0xef88, 0xf213, 0xf20f, 
0xf02f, 0xf02d, 0x0402, 0x0402, 0x0c1e, 0x0c1d, 0x0b0a, 0x0b0a, 
0x0284, 0x0285, 0xf8e9, 0xf8ea, 0x05c3, 0x05c5, 0xfed6, 0xfed7, 
0xff92, 0xff8e, 0x05de, 0x05d9, 0x00f7, 0x00f1, 0xf94a, 0xf944, 
0xe9eb, 0xe9e9, 0xebd6, 0xebd4, 0xec3c, 0xec39, 0xeb55, 0xeb52, 
0xf83a, 0xf83a, 0x0d6e, 0x0d70, 0x2882, 0x2883, 0x31ed, 0x31ed, 
0x23ca, 0x23d1, 0x19fc, 0x1a05, 0x1483, 0x1486, 0x16b1, 0x16b2, 
0x24c1, 0x24c3, 0x22e2, 0x22e5, 0x1798, 0x179d, 0x0215, 0x021b, 
0xee69, 0xee6e, 0xe432, 0xe434, 0xdb3e, 0xdb3e, 0xd1cf, 0xd1ce, 
0xc490, 0xc491, 0xd5f5, 0xd5f9, 0xe8ab, 0xe8ae, 0xf850, 0xf850, 
0x052c, 0x052a, 0xf2c5, 0xf2c4, 0xf3f8, 0xf3f8, 0xfeef, 0xfeec, 
0x0da9, 0x0da5, 0x2663, 0x2663, 0x287b, 0x2883, 0x1b40, 0x1b49, 
0x0342, 0x034a, 0xf73b, 0xf742, 0xf892, 0xf895, 0xea51, 0xea4e, 
0xe10a, 0xe103, 0xdd6a, 0xdd68, 0xddde, 0xdddf, 0xf219, 0xf21e, 
0xf62c, 0xf634, 0xf114, 0xf11c, 0xf2c3, 0xf2c8, 0xf966, 0xf967, 
0x14cb, 0x14c8, 0x2d20, 0x2d1b, 0x4405, 0x4400, 0x435c, 0x4356, 
0x2d31, 0x2d28, 0x24da, 0x24d2, 0x10ce, 0x10cc, 0x0436, 0x0439, 
0x01ca, 0x01ce, 0xf9b4, 0xf9b7, 0xf482, 0xf484, 0xf70b, 0xf70f, 
0xfa3c, 0xfa43, 0xeb0f, 0xeb13, 0xe5a5, 0xe5a4, 0xe27d, 0xe27c, 
0xdef4, 0xdef6, 0xf40a, 0xf40f, 0xfc7c, 0xfc87, 0xfac2, 0xfac9, 
0x000f, 0x0011, 0xf8a0, 0xf8a2, 0xf237, 0xf238, 0xeeda, 0xeedb, 
0xec2e, 0xec2c, 0xf85c, 0xf859, 0x03db, 0x03d9, 0x1332, 0x1334, 
0x1319, 0x131b, 0x025e, 0x0260, 0xfd8f, 0xfd93, 0xf667, 0xf66e, 
0x00cc, 0x00d2, 0x0437, 0x043a, 0xfaaf, 0xfab3, 0xfa12, 0xfa19, 
0xf09a, 0xf0a0, 0xf0e1, 0xf0e1, 0xec79, 0xec75, 0xe8f8, 0xe8f3, 
0xee8a, 0xee85, 0xf6c0, 0xf6c0, 0x11ee, 0x11ee, 0x2c28, 0x2c26, 
0x3a87, 0x3a84, 0x3606, 0x3604, 0x1f28, 0x1f22, 0x138b, 0x1384, 
0x1d8f, 0x1d8b, 0x23bf, 0x23bd, 0x1e2a, 0x1e2b, 0x14ad, 0x14af, 
0x048b, 0x048a, 0xf2b5, 0xf2b3, 0xec7b, 0xec7d, 0xe4d4, 0xe4d6, 
0xcf87, 0xcf84, 0xcebf, 0xceb8, 0xcf58, 0xcf55, 0xd83d, 0xd83a, 
0xf7ca, 0xf7c6, 0xfa75, 0xfa72, 0xf21c, 0xf21e, 0xeff0, 0xeff6, 
0xfa1b, 0xfa21, 0x08bf, 0x08c3, 0x1556, 0x1556, 0x23bb, 0x23b7, 
0x1741, 0x1741, 0x0874, 0x0871, 0x01cd, 0x01c8, 0xf9f3, 0xf9f4, 
0xf7a0, 0xf7a8, 0xf3ed, 0xf3f7, 0xe62e, 0xe632, 0xdedd, 0xded7, 
0xed44, 0xed3a, 0xf2de, 0xf2d6, 0xec00, 0xebfb, 0xed1a, 0xed1d, 
0xf89e, 0xf8a6, 0x04bb, 0x04bb, 0x1c89, 0x1c80, 0x35fb, 0x35f0, 
0x39fa, 0x39f5, 0x3803, 0x3802, 0x2bcd, 0x2bcc, 0x1ae6, 0x1ae8, 
0x1184, 0x118a, 0x11a4, 0x11aa, 0x069a, 0x069d, 0xfb18, 0xfb17, 
0x0107, 0x0105, 0xf65a, 0xf659, 0xefa7, 0xefa4, 0xec58, 0xec53, 
0xe649, 0xe644, 0xe95a, 0xe953, 0xeae8, 0xeae1, 0xf39e, 0xf39b, 
0xf926, 0xf926, 0xf939, 0xf939, 0xf707, 0xf706, 0xf1b4, 0xf1b1, 
0xec0d, 0xec0b, 0xec1d, 0xec1c, 0xecb7, 0xecb6, 0xf3d3, 0xf3d2, 
0x05c6, 0x05c7, 0x07bf, 0x07bf, 0x017d, 0x017d, 0xf93d, 0xf93d, 
0xfe92, 0xfe95, 0x0aeb, 0x0aef, 0x09e3, 0x09e5, 0x08b8, 0x08b9, 
0x0027, 0x0027, 0xf861, 0xf85e, 0xf452, 0xf452, 0xf1c0, 0xf1c9, 
0xedbc, 0xedc4, 0xedf8, 0xedf8, 0xf529, 0xf525, 0xff9e, 0xff9e, 
0x1d27, 0x1d2c, 0x35d8, 0x35dd, 0x3718, 0x3719, 0x25c9, 0x25cb, 
0x1b8d, 0x1b94, 0x2133, 0x213b, 0x242a, 0x2431, 0x2675, 0x2678, 
0x19fc, 0x19fb, 0x02df, 0x02da, 0xf874, 0xf86f, 0xf359, 0xf357, 
0xe32d, 0xe32f, 0xdbbd, 0xdbc0, 0xd291, 0xd291, 0xc8d6, 0xc8d1, 
0xdd7c, 0xdd79, 0xf0e0, 0xf0de, 0xfa34, 0xfa32, 0xf4ac, 0xf4ad, 
0xeeed, 0xeeec, 0xf44e, 0xf44f, 0xf77d, 0xf77f, 0x0c68, 0x0c6a, 
0x14a4, 0x14a7, 0x0cc4, 0x0cc6, 0x085f, 0x085f, 0xfa79, 0xfa79, 
0xf412, 0xf415, 0xfc29, 0xfc2d, 0xf4eb, 0xf4eb, 0xe4c5, 0xe4c5, 
0xea5e, 0xea62, 0xf39b, 0xf3a2, 0xf52a, 0xf52e, 0xf173, 0xf172, 
0xef39, 0xef35, 0xf42c, 0xf426, 0x01c2, 0x01bd, 0x17b0, 0x17b0, 
0x2510, 0x2513, 0x3264, 0x3261, 0x3b3e, 0x3b3f, 0x2f03, 0x2f08, 
0x1c80, 0x1c80, 0x1a80, 0x1a7c, 0x13a6, 0x13a3, 0x0422, 0x0423, 
0x0701, 0x0706, 0x029c, 0x02a0, 0xfc1a, 0xfc1a, 0xf519, 0xf515, 
0xe8c7, 0xe8c1, 0xec3f, 0xec3d, 0xef2e, 0xef2d, 0xf107, 0xf102, 
0xf43f, 0xf439, 0xf69e, 0xf69c, 0xfa2b, 0xfa2a, 0xf585, 0xf587, 
0xf1c6, 0xf1c6, 0xf46b, 0xf467, 0xeba0, 0xeb9f, 0xe937, 0xe93a, 
0xfa20, 0xfa25, 0x0614, 0x061b, 0x0cb5, 0x0cbc, 0x0046, 0x0047, 
0xf406, 0xf405, 0x00ae, 0x00af, 0x096e, 0x0971, 0x0ad8, 0x0ad6, 
0x0914, 0x0910, 0x0235, 0x0231, 0xf733, 0xf72e, 0xef5a, 0xef54, 
0xeab1, 0xeaaf, 0xe797, 0xe796, 0xe86d, 0xe86a, 0xea4a, 0xea48, 
0xf6b2, 0xf6b3, 0x0f2b, 0x0f2f, 0x2bc6, 0x2bcb, 0x2fa2, 0x2faa, 
0x1e37, 0x1e3d, 0x1f2b, 0x1f2b, 0x2828, 0x2825, 0x2bb1, 0x2baf, 
0x2c16, 0x2c19, 0x1d77, 0x1d7e, 0x0c76, 0x0c79, 0xffa6, 0xffa7, 
0xec0a, 0xec0b, 0xe860, 0xe862, 0xe47d, 0xe47e, 0xd3fc, 0xd3fa, 
0xd34a, 0xd349, 0xdf72, 0xdf73, 0xf1f1, 0xf1f3, 0xf2c6, 0xf2c3, 
0xedd6, 0xedd3, 0xf5fe, 0xf5fb, 0xf927, 0xf925, 0x03d0, 0x03d0, 
0x0e2f, 0x0e2c, 0x11e7, 0x11e4, 0x15df, 0x15e0, 0x086f, 0x0870, 
0xf4f6, 0xf4f6, 0xf7c6, 0xf7c4, 0xfa98, 0xfa96, 0xebec, 0xebe9, 
0xe855, 0xe852, 0xf27d, 0xf27d, 0xf40e, 0xf412, 0xeed2, 0xeed4, 
0xec36, 0xec35, 0xead0, 0xead0, 0xf6ce, 0xf6cf, 0x0976, 0x0978, 
0x11f8, 0x11fc, 0x1776, 0x177b, 0x289c, 0x28a0, 0x3602, 0x3606, 
0x2457, 0x245c, 0x1cdc, 0x1ce1, 0x1abb, 0x1abc, 0x0a2d, 0x0a29, 
0x0a90, 0x0a8c, 0x0c2f, 0x0c2d, 0x0dce, 0x0dcb, 0x04a1, 0x049f, 
0xef93, 0xef94, 0xec20, 0xec23, 0xf4b8, 0xf4be, 0xffab, 0xffad, 
0xfca4, 0xfca0, 0xf3f1, 0xf3e9, 0xf876, 0xf86e, 0xf685, 0xf682, 
0xefc9, 0xefcb, 0xf458, 0xf45a, 0xefda, 0xefde, 0xe1cb, 0xe1ce, 
0xdd6a, 0xdd68, 0xf12a, 0xf125, 0x0edd, 0x0edb, 0x0d9d, 0x0d9c, 
0xfba5, 0xfba8, 0xf8a5, 0xf8ac, 0x0bf4, 0x0bfa, 0x17e1, 0x17e4, 
0x167d, 0x1683, 0x1348, 0x1354, 0x0119, 0x0121, 0xf5cf, 0xf5d1, 
0xec32, 0xec34, 0xe790, 0xe790, 0xe95b, 0xe958, 0xdf1a, 0xdf19, 
0xdb7a, 0xdb7c, 0xe293, 0xe295, 0x03b4, 0x03b3, 0x234a, 0x234c, 
0x1d70, 0x1d72, 0x1a80, 0x1a7f, 0x20a5, 0x20a5, 0x2a43, 0x2a46, 
0x3599, 0x359b, 0x27cc, 0x27ce, 0x1c3a, 0x1c39, 0x14a9, 0x14a8, 
0xfd7e, 0xfd7f, 0xf5ba, 0xf5bc, 0xf0a8, 0xf0ac, 0xe450, 0xe456, 
0xd476, 0xd479, 0xd001, 0xd003, 0xe54e, 0xe54e, 0xf0ef, 0xf0ee, 
0xf3fe, 0xf402, 0xf3e5, 0xf3ed, 0xf98d, 0xf991, 0x06c9, 0x06ca, 
0x05c2, 0x05c2, 0x07cd, 0x07cc, 0x112a, 0x112a, 0x1264, 0x1266, 
0x02ca, 0x02ce, 0xfaf6, 0xfafa, 0x0530, 0x0535, 0x0127, 0x012e, 
0xf752, 0xf756, 0xf3c6, 0xf3c1, 0xf3eb, 0xf3e5, 0xfba9, 0xfbac, 
0xf7d5, 0xf7dc, 0xee2d, 0xee31, 0xeffd, 0xefff, 0xfba1, 0xfba5, 
0x0c18, 0x0c1c, 0x04e8, 0x04e8, 0x0a21, 0x0a21, 0x232d, 0x232f, 
0x1afe, 0x1b04, 0x1777, 0x1782, 0x17b0, 0x17be, 0x1057, 0x1062, 
0x0eea, 0x0eed, 0x0319, 0x0319, 0x037f, 0x037e, 0x0896, 0x0894, 
0xfddf, 0xfdda, 0xf12d, 0xf12c, 0xf218, 0xf21c, 0xff80, 0xff85, 
0x0160, 0x0164, 0xf559, 0xf55f, 0xf54b, 0xf551, 0xfc1c, 0xfc21, 
0xf3a4, 0xf3a5, 0xeba0, 0xeba1, 0xf16d, 0xf170, 0xf385, 0xf388, 
0xe4d2, 0xe4d2, 0xe184, 0xe188, 0xf4cf, 0xf4d6, 0x05f0, 0x05f8, 
0x064f, 0x0658, 0xfbee, 0xfbf4, 0xffdb, 0xffdb, 0x0abf, 0x0ab9, 
0x13f1, 0x13ec, 0x11a4, 0x11a0, 0x09e8, 0x09e6, 0x0882, 0x0883, 
0xf8af, 0xf8b1, 0xf1b7, 0xf1bb, 0xecf3, 0xecfa, 0xe08c, 0xe096, 
0xde29, 0xde33, 0xd680, 0xd689, 0xe2ec, 0xe2f3, 0x0cfe, 0x0d06, 
0x23b9, 0x23c1, 0x24cb, 0x24d1, 0x282a, 0x2830, 0x2c51, 0x2c57, 
0x3954, 0x3955, 0x3872, 0x386e, 0x2d75, 0x2d70, 0x2bd7, 0x2bd2, 
0x1845, 0x1843, 0xfeea, 0xfeec, 0xe991, 0xe992, 0xe09e, 0xe09e, 
0xdcf1, 0xdcf4, 0xd30d, 0xd312, 0xd8cb, 0xd8ce, 0xe701, 0xe700, 
0xf5bb, 0xf5bb, 0xfdf8, 0xfdfb, 0x01fe, 0x0200, 0x0e45, 0x0e47, 
0x1ee5, 0x1eec, 0x157b, 0x1586, 0xf7e0, 0xf7e4, 0xecf4, 0xecee, 
0xe405, 0xe3fe, 0xdd3a, 0xdd37, 0xe800, 0xe802, 0xf09b, 0xf0a0, 
0xe8ab, 0xe8ab, 0xe581, 0xe580, 0xe8d8, 0xe8da, 0xea98, 0xea94, 
0xf5e7, 0xf5de, 0xf83e, 0xf83a, 0xefd1, 0xefd1, 0xf27d, 0xf27c, 
0x08f6, 0x08fc, 0x04fc, 0x0505, 0xf707, 0xf70e, 0x13b0, 0x13b7, 
0x2954, 0x2958, 0x30f5, 0x30f6, 0x2ef5, 0x2ef5, 0x2fb3, 0x2fb8, 
0x3e10, 0x3e19, 0x3384, 0x338c, 0x2ac9, 0x2acb, 0x3632, 0x3631, 
0x2de9, 0x2de9, 0x0722, 0x0724, 0xdfb2, 0xdfb5, 0xcfe5, 0xcfe5, 
0xe571, 0xe56d, 0xfde5, 0xfde0, 0xf5c3, 0xf5bf, 0xe8fc, 0xe8f9, 
0xe6a0, 0xe6a1, 0xdf86, 0xdf89, 0xd65a, 0xd65f, 0xe160, 0xe165, 
0xe0f8, 0xe0fd, 0xd3df, 0xd3e5, 0xdab3, 0xdab8, 0xe6d3, 0xe6d6, 
0xf195, 0xf198, 0xf5ef, 0xf5f3, 0xfdc9, 0xfdce, 0x088e, 0x088d, 
0x1954, 0x1950, 0x25a5, 0x25a0, 0x27a1, 0x279f, 0x2e41, 0x2e40, 
0x2076, 0x2071, 0x1643, 0x163b, 0x120c, 0x1202, 0xfe37, 0xfe2e, 
0xe9b4, 0xe9b1, 0xcb9d, 0xcba0, 0xb430, 0xb434, 0xc65e, 0xc662, 
0xf369, 0xf371, 0x0d00, 0x0d09, 0x0e40, 0x0e44, 0x1245, 0x1243, 
0x25a2, 0x259c, 0x31d0, 0x31ce, 0x3207, 0x3208, 0x2a10, 0x2a0e, 
0x1c65, 0x1c61, 0x1812, 0x1812, 0x0082, 0x0082, 0xeb8b, 0xeb8c, 
0xed51, 0xed55, 0xeab3, 0xeab2, 0xe43f, 0xe436, 0xe5c7, 0xe5c1, 
0xf3a6, 0xf3aa, 0xfbd1, 0xfbd1, 0x0576, 0x0570, 0x07ce, 0x07c8, 
0x1392, 0x138b, 0x30d9, 0x30d0, 0x2796, 0x2790, 0x0aa8, 0x0aa7, 
0xf760, 0xf760, 0xe3c9, 0xe3ca, 0xda7c, 0xda80, 0xe9fe, 0xe9fe, 
0xf21b, 0xf21d, 0xe23b, 0xe242, 0xdcb6, 0xdcb9, 0xe363, 0xe361, 
0xeb74, 0xeb73, 0xf8d6, 0xf8d9, 0xf90e, 0xf913, 0xe8f8, 0xe8fc, 
0xfa19, 0xfa19, 0x0cdf, 0x0cdb, 0xffdd, 0xffd8, 0xfcec, 0xfce7, 
0x063d, 0x0638, 0x15be, 0x15be, 0x19b3, 0x19b6, 0x1fa7, 0x1fa4, 
0x2f52, 0x2f4d, 0x3073, 0x306e, 0x260b, 0x2607, 0x22ba, 0x22ba, 
0x3658, 0x365c, 0x36e3, 0x36e4, 0x15ed, 0x15eb, 0xed00, 0xed00, 
0xdb2d, 0xdb33, 0xed0f, 0xed1a, 0xfa70, 0xfa73, 0xf45e, 0xf45d, 
0xe524, 0xe529, 0xd89a, 0xd8a2, 0xd209, 0xd20f, 0xd6e4, 0xd6e7, 
0xe538, 0xe53a, 0xe925, 0xe927, 0xddd7, 0xddd9, 0xdf07, 0xdf06, 
0xeeba, 0xeeb9, 0xf4c0, 0xf4c0, 0xf991, 0xf990, 0xf84e, 0xf84a, 
0x06b9, 0x06b6, 0x1af5, 0x1af4, 0x1fc1, 0x1fc3, 0x2cf4, 0x2cf9, 
0x29ae, 0x29b2, 0x1b75, 0x1b77, 0x12ca, 0x12c9, 0x138a, 0x1384, 
0x1469, 0x1462, 0xfeac, 0xfea6, 0xd9ab, 0xd9aa, 0xb95c, 0xb95c, 
0xc260, 0xc260, 0xe455, 0xe458, 0xf5bd, 0xf5be, 0xf962, 0xf963, 
0x0905, 0x0907, 0x1e97, 0x1e9a, 0x2bb5, 0x2bb6, 0x34ff, 0x34fc, 
0x306d, 0x3068, 0x2770, 0x276d, 0x1aa1, 0x1aa2, 0x0b6e, 0x0b71, 
0xff50, 0xff53, 0xf556, 0xf558, 0xebe7, 0xebe8, 0xe88f, 0xe891, 
0xed02, 0xed03, 0xe94d, 0xe94e, 0xf4eb, 0xf4ed, 0xf63a, 0xf63d, 
0xf29b, 0xf2a0, 0x1352, 0x1356, 0x29ef, 0x29f1, 0x27fc, 0x27f9, 
0x1800, 0x17fd, 0xfc5c, 0xfc60, 0xdd8f, 0xdd96, 0xda31, 0xda35, 
0xee9f, 0xee9c, 0xebec, 0xebe6, 0xe287, 0xe285, 0xe865, 0xe868, 
0xea80, 0xea83, 0xeee3, 0xeee1, 0xfd02, 0xfd04, 0xf1dd, 0xf1e3, 
0xecbd, 0xecbe, 0x002a, 0x0028, 0x05ce, 0x05cf, 0x028c, 0x028c, 
0xfa0c, 0xfa08, 0xfb93, 0xfb8f, 0x0445, 0x0446, 0x0f6d, 0x0f70, 
0x1b81, 0x1b83, 0x2822, 0x281e, 0x300c, 0x3008, 0x23da, 0x23dd, 
0x2b08, 0x2b10, 0x3c76, 0x3c7a, 0x38bd, 0x38bf, 0x1c93, 0x1c9a, 
0xf539, 0xf53d, 0xe55b, 0xe559, 0xec1d, 0xec1d, 0xf72b, 0xf72e, 
0xf122, 0xf123, 0xe6e1, 0xe6e0, 0xe1ea, 0xe1ea, 0xd91d, 0xd91d, 
0xdadf, 0xdade, 0xeb50, 0xeb4d, 0xedab, 0xeda6, 0xe513, 0xe50e, 
0xeada, 0xead4, 0xf088, 0xf087, 0xf67c, 0xf67f, 0xef08, 0xef0d, 
0xec0e, 0xec0f, 0x01aa, 0x01a7, 0x0d04, 0x0d01, 0x1974, 0x1974, 
0x25de, 0x25de, 0x292c, 0x2929, 0x21eb, 0x21e6, 0x1b9c, 0x1b9b, 
0x1f2c, 0x1f2e, 0x1755, 0x1753, 0x04bb, 0x04b9, 0xe2b3, 0xe2b6, 
0xc60c, 0xc60e, 0xca83, 0xca7f, 0xdb81, 0xdb7d, 0xe49b, 0xe497, 
0xef80, 0xef7d, 0x002c, 0x0030, 0x120d, 0x1213, 0x2156, 0x215a, 
0x2474, 0x2479, 0x2759, 0x275e, 0x285b, 0x285f, 0x2036, 0x2038, 
0x0fd6, 0x0fd8, 0x0355, 0x0357, 0xf81c, 0xf820, 0xe8de, 0xe8e0, 
0xefa4, 0xefa4, 0xf0c9, 0xf0ca, 0xf10f, 0xf10f, 0xf9f9, 0xf9f7, 
0xf439, 0xf436, 0xfe40, 0xfe3c, 0x1606, 0x1600, 0x23a4, 0x239d, 
0x1e62, 0x1e59, 0x112c, 0x1121, 0xfbf4, 0xfbeb, 0xdf54, 0xdf53, 
0xdff1, 0xdff6, 0xe704, 0xe709, 0xe355, 0xe35a, 0xea3f, 0xea3f, 
0xeb3c, 0xeb3a, 0xecfa, 0xecfd, 0xfbf7, 0xfbfb, 0xf7b3, 0xf7b5, 
0xece2, 0xecdf, 0xf5e6, 0xf5dd, 0x03cb, 0x03c2, 0x038d, 0x038e, 
0xf324, 0xf329, 0xe7d6, 0xe7d5, 0xe6c3, 0xe6be, 0xf723, 0xf71f, 
0x0517, 0x0519, 0x096a, 0x0973, 0x2226, 0x222b, 0x2c77, 0x2c77, 
0x2c36, 0x2c33, 0x3acc, 0x3ac7, 0x4c1c, 0x4c1a, 0x4ca2, 0x4ca4, 
0x2b2a, 0x2b2b, 0x0849, 0x084a, 0xfac8, 0xfac8, 0xfbe6, 0xfbe8, 
0xf6e0, 0xf6e1, 0xef59, 0xef5c, 0xf188, 0xf190, 0xe51d, 0xe528, 
0xd798, 0xd7a1, 0xdb5e, 0xdb63, 0xdbbd, 0xdbc1, 0xdcd6, 0xdcdb, 
0xe39b, 0xe39f, 0xe843, 0xe846, 0xf3cb, 0xf3cd, 0xef74, 0xef76, 
0xe14c, 0xe14b, 0xebb9, 0xebb4, 0x03de, 0x03d9, 0x1594, 0x1592, 
0x1923, 0x1921, 0x235b, 0x2359, 0x245d, 0x2460, 0x1bc2, 0x1bc5, 
0x1c8b, 0x1c8f, 0x1714, 0x1716, 0x167e, 0x167f, 0x0685, 0x0688, 
0xe12b, 0xe130, 0xce0a, 0xce0c, 0xd0cc, 0xd0c8, 0xd586, 0xd581, 
0xdba1, 0xdb9e, 0xeb73, 0xeb73, 0xff58, 0xff57, 0x1a7c, 0x1a77, 
0x2c0b, 0x2c08, 0x26a2, 0x26a1, 0x2563, 0x2561, 0x2e6b, 0x2e69, 
0x2357, 0x2354, 0x1280, 0x1276, 0x0295, 0x028b, 0xead9, 0xead7, 
0xea12, 0xea17, 0xefa1, 0xefa9, 0xf406, 0xf406, 0xf96b, 0xf965, 
0xf359, 0xf353, 0xec01, 0xebfc, 0xf35f, 0xf35d, 0x11fe, 0x11fd, 
0x20cb, 0x20ca, 0x2549, 0x2548, 0x1f72, 0x1f70, 0xfa98, 0xfa97, 
0xe7f7, 0xe7f8, 0xe7b7, 0xe7b9, 0xdf9e, 0xdfa1, 0xe322, 0xe323, 
0xea85, 0xea81, 0xe5ee, 0xe5ea, 0xeefc, 0xeefa, 0xfc21, 0xfc24, 
0xf201, 0xf205, 0xe3e8, 0xe3ea, 0xed66, 0xed6a, 0xfe18, 0xfe1d, 
0x0315, 0x031a, 0xfe90, 0xfe98, 0xe8fb, 0xe904, 0xe8c1, 0xe8c2, 
0xf7e8, 0xf7e4, 0xfcc6, 0xfcc3, 0x0d8b, 0x0d89, 0x1f23, 0x1f1d, 
0x2cdd, 0x2cd4, 0x2c1c, 0x2c15, 0x3560, 0x355b, 0x4d7e, 0x4d79, 
0x4faa, 0x4fab, 0x38ae, 0x38b3, 0x125b, 0x125d, 0x04b9, 0x04b7, 
0x02fb, 0x02fc, 0xf53b, 0xf540, 0xf216, 0xf219, 0xeca3, 0xeca3, 
0xddcb, 0xddca, 0xd710, 0xd710, 0xd316, 0xd315, 0xd3f2, 0xd3ef, 
0xdace, 0xdacc, 0xdc55, 0xdc54, 0xe9c7, 0xe9c1, 0xf4e1, 0xf4d8, 
0xed70, 0xed6a, 0xe0fb, 0xe0f7, 0xe9c5, 0xe9c6, 0x02b1, 0x02b4, 
0x0f05, 0x0f06, 0x1fbb, 0x1fbc, 0x21c4, 0x21c3, 0x1c32, 0x1c2f, 
0x1dd9, 0x1dd6, 0x15d9, 0x15dc, 0x16ed, 0x16f1, 0x1b24, 0x1b24, 
0x10b2, 0x10b1, 0xf0dd, 0xf0e1, 0xdccc, 0xdcce, 0xd9e1, 0xd9dc, 
0xd215, 0xd20d, 0xd6b4, 0xd6ae, 0xe2e2, 0xe2e1, 0xf87e, 0xf885, 
0x1bd4, 0x1bdc, 0x2db9, 0x2db9, 0x2774, 0x276c, 0x2858, 0x284d, 
0x2794, 0x278d, 0x23af, 0x23b3, 0x19c3, 0x19cb, 0xfe5b, 0xfe5d, 
0xeecc, 0xeeca, 0xeb07, 0xeb07, 0xef45, 0xef4b, 0xf60f, 0xf616, 
0xfbb8, 0xfbba, 0xf1f4, 0xf1f4, 0xe2f0, 0xe2f3, 0xf5d5, 0xf5da, 
0x08f8, 0x08fa, 0x1c6e, 0x1c6d, 0x2fb0, 0x2fb1, 0x1e67, 0x1e6a, 
0xfd3d, 0xfd40, 0xef51, 0xef54, 0xe564, 0xe569, 0xd831, 0xd834, 
0xdfa9, 0xdfab, 0xe435, 0xe434, 0xe3ea, 0xe3e8, 0xf429, 0xf428, 
0xff48, 0xff46, 0xf249, 0xf24a, 0xe953, 0xe957, 0xee79, 0xee7d, 
0xfaa3, 0xfaa3, 0x0e34, 0x0e32, 0x0125, 0x0120, 0xed79, 0xed72, 
0xed83, 0xed83, 0xf315, 0xf31c, 0xfbb4, 0xfbbb, 0x04fb, 0x04fc, 
0x1b47, 0x1b44, 0x2487, 0x2484, 0x2924, 0x2923, 0x35a8, 0x35a7, 
0x45a6, 0x45a5, 0x506e, 0x506c, 0x37e8, 0x37e5, 0x1911, 0x1911, 
0x0bc0, 0x0bc5, 0x03e0, 0x03e4, 0xfbbc, 0xfbbe, 0xf4d7, 0xf4dc, 
0xebfa, 0xebff, 0xe3ad, 0xe3b2, 0xd84c, 0xd84e, 0xd061, 0xd05c, 
0xd538, 0xd536, 0xd47d, 0xd47f, 0xda0c, 0xda0c, 0xe850, 0xe84f, 
0xf16b, 0xf16c, 0xe2ab, 0xe2ac, 0xd99b, 0xd99e, 0xea78, 0xea79, 
0xf7ad, 0xf7a9, 0x125f, 0x1258, 0x22ce, 0x22ca, 0x2128, 0x212a, 
0x2240, 0x2246, 0x20f9, 0x20fb, 0x19f8, 0x19f7, 0x13a2, 0x13a4, 
0x1cb7, 0x1cb6, 0x10a4, 0x109f, 0xf826, 0xf821, 0xeaba, 0xeabc, 
0xda7b, 0xda82, 0xce4d, 0xce56, 0xcc97, 0xcc9d, 0xd505, 0xd50a, 
0xf010, 0xf015, 0x1622, 0x1625, 0x2768, 0x2768, 0x2bdb, 0x2bdc, 
0x2863, 0x2862, 0x290e, 0x2908, 0x2e6c, 0x2e67, 0x2046, 0x2041, 
0x07d7, 0x07d0, 0xf3ea, 0xf3e2, 0xf31d, 0xf31b, 0xf33a, 0xf33f, 
0xfcd1, 0xfcd5, 0xffbd, 0xffc1, 0xe7d4, 0xe7d8, 0xe4a0, 0xe4a3, 
0xee7e, 0xee7e, 0xfc0a, 0xfc05, 0x17f7, 0x17f1, 0x2c4d, 0x2c4b, 
0x1c49, 0x1c48, 0x07a5, 0x07a2, 0xfe5f, 0xfe5e, 0xea43, 0xea43, 
0xe12d, 0xe132, 0xe1b9, 0xe1bc, 0xe0b9, 0xe0b7, 0xe735, 0xe731, 
0xf794, 0xf794, 0xf7d0, 0xf7d1, 0xefb6, 0xefb2, 0xe93b, 0xe937, 
0xe284, 0xe284, 0xfaa4, 0xfaa5, 0x0c67, 0x0c64, 0x03d1, 0x03cc, 
0xf3bc, 0xf3b9, 0xf0bf, 0xf0c0, 0xf390, 0xf395, 0xefe0, 0xefe4, 
0xff54, 0xff54, 0x0c8b, 0x0c86, 0x18d0, 0x18cb, 0x2455, 0x2453, 
0x2aa2, 0x2aa2, 0x3bb4, 0x3bb4, 0x4401, 0x43fd, 0x382c, 0x3826, 
0x24b5, 0x24ae, 0x181a, 0x1817, 0x0fa7, 0x0faa, 0x072e, 0x0732, 
0xfa64, 0xfa67, 0xf84f, 0xf855, 0xf15d, 0xf160, 0xdee1, 0xdedd, 
0xd90b, 0xd90b, 0xd4fd, 0xd503, 0xd477, 0xd479, 0xdac4, 0xdac0, 
0xf05e, 0xf05d, 0xf0ab, 0xf0af, 0xde00, 0xde06, 0xdedb, 0xdee1, 
0xe0db, 0xe0e3, 0xf190, 0xf195, 0x06f7, 0x06f4, 0x1314, 0x130b, 
0x1359, 0x1353, 0x1716, 0x1715, 0x1cbf, 0x1cbe, 0x0ec9, 0x0ec7, 
0x10e7, 0x10e4, 0x158e, 0x1588, 0x0cfa, 0x0cf1, 0x06f5, 0x06ee, 
0xfc6c, 0xfc67, 0xe92a, 0xe92a, 0xd979, 0xd97d, 0xccce, 0xccd1, 
0xcfb9, 0xcfba, 0xedd7, 0xedd8, 0x0bae, 0x0bad, 0x234b, 0x2349, 
0x276a, 0x2769, 0x2564, 0x2565, 0x2a84, 0x2a86, 0x2f37, 0x2f36, 
0x28ad, 0x28a8, 0x0bf7, 0x0bf1, 0xfefa, 0xfef5, 0xf667, 0xf663, 
0xf841, 0xf842, 0x0408, 0x0408, 0xf871, 0xf86f, 0xe9e6, 0xe9e4, 
0xe5aa, 0xe5ac, 0xe835, 0xe83a, 0xf279, 0xf27d, 0x12e6, 0x12e3, 
0x245f, 0x2457, 0x1c52, 0x1c4c, 0x1667, 0x1665, 0x04a5, 0x04a3, 
0xf1b5, 0xf1b2, 0xe9a6, 0xe99f, 0xe242, 0xe23e, 0xdfcf, 0xdfcf, 
0xf094, 0xf091, 0xf567, 0xf562, 0xf435, 0xf432, 0xf4c9, 0xf4c8, 
0xe55f, 0xe55c, 0xe5dc, 0xe5db, 0xf8a9, 0xf8aa, 0x0b01, 0x0b00, 
0xff07, 0xff06, 0xf2a5, 0xf2a4, 0xf449, 0xf448, 0xe8d9, 0xe8dd, 
0xe9a6, 0xe9aa, 0xee79, 0xee79, 0xfabc, 0xfabc, 0x0f2d, 0x0f2d, 
0x1d89, 0x1d86, 0x283e, 0x283a, 0x34c6, 0x34c4, 0x4084, 0x4084, 
0x3dd2, 0x3dd6, 0x332e, 0x3332, 0x281a, 0x281a, 0x1f6a, 0x1f6b, 
0x0cd8, 0x0cdd, 0x01de, 0x01e0, 0xff43, 0xff3f, 0xf3e4, 0xf3df, 
0xe474, 0xe472, 0xd90f, 0xd90d, 0xd3d6, 0xd3d2, 0xcadd, 0xcad8, 
0xddaf, 0xddaa, 0xf065, 0xf065, 0xecf5, 0xecf7, 0xe756, 0xe754, 
0xdd40, 0xdd3b, 0xe3e4, 0xe3e0, 0xf114, 0xf115, 0x06db, 0x06df, 
0x0e91, 0x0e91, 0x0ec9, 0x0ec6, 0x1d7e, 0x1d7a, 0x17f3, 0x17ed, 
0x10b1, 0x10ab, 0x1060, 0x105c, 0x0bad, 0x0baa, 0x0b56, 0x0b52, 
0x0c65, 0x0c61, 0x0004, 0xfffe, 0xef7c, 0xef74, 0xdcdb, 0xdcd3, 
0xca16, 0xca10, 0xcbe3, 0xcbdf, 0xe0ab, 0xe0a9, 0xff77, 0xff76, 
0x1344, 0x1342, 0x1ff7, 0x1ff6, 0x20cf, 0x20cf, 0x25ee, 0x25f0, 
0x3201, 0x3202, 0x25c8, 0x25c6, 0x18c4, 0x18be, 0x0577, 0x0570, 
0xfcce, 0xfcc6, 0x031e, 0x0319, 0x02e4, 0x02e6, 0xfa04, 0xfa0b, 
0xee4c, 0xee4e, 0xefb0, 0xefb1, 0xe9ef, 0xe9f4, 0xf713, 0xf71a, 
0x1164, 0x1166, 0x1900, 0x1904, 0x20d4, 0x20d5, 0x1e3f, 0x1e3d, 
0x0c17, 0x0c18, 0xfd6b, 0xfd6d, 0xef9b, 0xef9b, 0xde2a, 0xde2d, 
0xe371, 0xe376, 0xec31, 0xec38, 0xecef, 0xecf8, 0xefdd, 0xefe2, 
0xecf8, 0xecf6, 0xe0a8, 0xe0a4, 0xdbc4, 0xdbc3, 0xf62a, 0xf628, 
0x0079, 0x0077, 0xfb3f, 0xfb40, 0xf963, 0xf963, 0xf0c7, 0xf0c3, 
0xeca6, 0xeca1, 0xe41b, 0xe41c, 0xe4e0, 0xe4e4, 0xf003, 0xf009, 
0x0818, 0x081a, 0x1d6f, 0x1d6e, 0x284e, 0x284f, 0x3a39, 0x3a3d, 
0x44ff, 0x4502, 0x461b, 0x461e, 0x411a, 0x411f, 0x3c7e, 0x3c83, 
0x2dc4, 0x2dcd, 0x190b, 0x1918, 0x0b11, 0x0b17, 0x014e, 0x0147, 
0xf149, 0xf141, 0xe057, 0xe055, 0xd5ea, 0xd5eb, 0xc33e, 0xc340, 
0xc395, 0xc398, 0xd0de, 0xd0e1, 0xdf14, 0xdf18, 0xe81e, 0xe823, 
0xe4f5, 0xe4fb, 0xe5d8, 0xe5de, 0xe512, 0xe517, 0xfa19, 0xfa1c, 
0x081e, 0x081d, 0x0804, 0x07fe, 0x15da, 0x15d5, 0x1c59, 0x1c59, 
0x1cc3, 0x1cc7, 0x18e3, 0x18e9, 0x1218, 0x121c, 0x0c2e, 0x0c2c, 
0x103c, 0x1037, 0x125d, 0x125b, 0x0690, 0x0690, 0xf6ac, 0xf6ac, 
0xe169, 0xe16c, 0xcaa9, 0xcaaf, 0xc5d9, 0xc5de, 0xd966, 0xd967, 
0xefa4, 0xefa0, 0x0980, 0x0977, 0x1342, 0x1339, 0x16b8, 0x16b4, 
0x23e4, 0x23df, 0x2890, 0x2888, 0x2ab3, 0x2ab2, 0x1d10, 0x1d16, 
0x0ea6, 0x0eab, 0x062e, 0x062c, 0x08b3, 0x08b0, 0x067f, 0x0681, 
0xf4e2, 0xf4e5, 0xf585, 0xf588, 0xec49, 0xec4d, 0xea07, 0xea0b, 
0xfcdb, 0xfcde, 0x0a8e, 0x0a93, 0x18d1, 0x18d6, 0x236b, 0x236b, 
0x2210, 0x220a, 0x15cb, 0x15c3, 0x0615, 0x0611, 0xee65, 0xee65, 
0xdd9f, 0xdda2, 0xdd3f, 0xdd47, 0xe17d, 0xe185, 0xe2b8, 0xe2be, 
0xed3b, 0xed3c, 0xed95, 0xed92, 0xd9e4, 0xd9e0, 0xe024, 0xe024, 
0xf0f2, 0xf0f3, 0xfe73, 0xfe73, 0x02da, 0x02db, 0xfe5a, 0xfe5f, 
0xfa99, 0xfa9a, 0xf030, 0xf02f, 0xe8aa, 0xe8ae, 0xdca9, 0xdcac, 
0xe968, 0xe969, 0x0358, 0x0359, 0x1179, 0x1177, 0x2244, 0x2240, 
0x320b, 0x320b, 0x4167, 0x416b, 0x4565, 0x4567, 0x4997, 0x499b, 
0x47f8, 0x47fd, 0x3407, 0x340d, 0x1e31, 0x1e35, 0x0eb0, 0x0eae, 
0x001f, 0x001b, 0xf39d, 0xf39f, 0xe9ec, 0xe9ef, 0xd7de, 0xd7dd, 
0xcd41, 0xcd3e, 0xc9c3, 0xc9bf, 0xd3bb, 0xd3b7, 0xe00a, 0xe007, 
0xe768, 0xe768, 0xeda3, 0xeda6, 0xe191, 0xe191, 0xe7b8, 0xe7b4, 
0xf835, 0xf833, 0xfd85, 0xfd83, 0x012d, 0x0126, 0x0830, 0x082c, 
0x11d3, 0x11d2, 0x1485, 0x1485, 0x14ce, 0x14cc, 0x0903, 0x0903, 
0x05eb, 0x05ef, 0x10f0, 0x10f3, 0x15da, 0x15dd, 0x12a7, 0x12a8, 
0x05f4, 0x05f7, 0xee28, 0xee2c, 0xd241, 0xd245, 0xc87e, 0xc882, 
0xd043, 0xd042, 0xeac9, 0xeac4, 0x01e0, 0x01de, 0x0ca0, 0x0ca1, 
0x1439, 0x1433, 0x1c2a, 0x1c1f, 0x27ac, 0x27a4, 0x26cd, 0x26c9, 
0x2305, 0x2306, 0x10d7, 0x10d8, 0x0984, 0x0982, 0x0fc8, 0x0fc5, 
0x034d, 0x034c, 0x0147, 0x0147, 0xfb5a, 0xfb5c, 0xf07d, 0xf081, 
0xf129, 0xf12c, 0xf9fb, 0xf9fb, 0x0562, 0x0564, 0x114d, 0x1150, 
0x1cd4, 0x1cd7, 0x1f10, 0x1f14, 0x1a77, 0x1a7d, 0x0842, 0x0849, 
0xef1e, 0xef25, 0xe054, 0xe055, 0xdf13, 0xdf10, 0xd9bc, 0xd9be, 
0xde4d, 0xde53, 0xefa4, 0xefa9, 0xebd4, 0xebd6, 0xe140, 0xe13f, 
0xe0cb, 0xe0c9, 0xf010, 0xf010, 0xfc5b, 0xfc5c, 0x0296, 0x0298, 
0x0058, 0x005c, 0xf801, 0xf804, 0xfa5f, 0xfa5e, 0xe736, 0xe732, 
0xd9d1, 0xd9cb, 0xe641, 0xe63a, 0xf9f8, 0xf9f2, 0x0b1f, 0x0b1b, 
0x17e3, 0x17e8, 0x2c13, 0x2c1e, 0x3612, 0x361c, 0x3f31, 0x3f37, 
0x4ce9, 0x4cec, 0x4deb, 0x4dec, 0x3de6, 0x3de8, 0x2815, 0x2815, 
0x124f, 0x124a, 0x028b, 0x0288, 0xfbac, 0xfba9, 0xecc2, 0xecbd, 
0xdef7, 0xdef4, 0xd17d, 0xd17d, 0xcee7, 0xcee7, 0xd3f6, 0xd3f6, 
0xdaf8, 0xdafd, 0xebc3, 0xebc9, 0xeb9c, 0xeb9c, 0xe25e, 0xe257, 
0xe3d8, 0xe3d1, 0xf265, 0xf265, 0xfb2c, 0xfb30, 0xfdbc, 0xfdbb, 
0x0415, 0x0411, 0x0a7f, 0x0a80, 0x17ec, 0x17ed, 0x1563, 0x1562, 
0x0833, 0x0831, 0x0522, 0x0522, 0x0c41, 0x0c43, 0x12aa, 0x12ad, 
0x15a9, 0x15ab, 0x0e9d, 0x0ea2, 0xf63f, 0xf642, 0xdc2a, 0xdc27, 
0xc621, 0xc620, 0xca7e, 0xca82, 0xe009, 0xe00e, 0xf562, 0xf56b, 
0x02ba, 0x02c1, 0x0a36, 0x0a33, 0x18b5, 0x18ad, 0x1f39, 0x1f37, 
0x2b0f, 0x2b0c, 0x2850, 0x284c, 0x19d9, 0x19d8, 0x18a4, 0x18a4, 
0x10f3, 0x10f2, 0x0ccd, 0x0cd0, 0x0b6c, 0x0b6f, 0x0491, 0x0493, 
0xfac1, 0xfac1, 0xf846, 0xf841, 0xfc34, 0xfc31, 0x00e5, 0x00e8, 
0x0834, 0x0838, 0x0ff3, 0x0ff4, 0x1964, 0x1965, 0x1b2d, 0x1b2b, 
0x0950, 0x094c, 0xece1, 0xecdb, 0xe2da, 0xe2d5, 0xda02, 0xda04, 
0xd124, 0xd128, 0xdcb6, 0xdcb8, 0xeb1d, 0xeb20, 0xee50, 0xee54, 
0xe42f, 0xe42d, 0xe9fa, 0xe9f8, 0xf496, 0xf49a, 0xffe9, 0xfff3, 
0x0880, 0x0889, 0xfe1d, 0xfe1f, 0x0048, 0x004a, 0xfc89, 0xfc8c, 
0xe6f9, 0xe6fc, 0xd788, 0xd78a, 0xddfc, 0xddfd, 0xf0b2, 0xf0af, 
0xfe43, 0xfe3c, 0x1185, 0x117c, 0x217e, 0x217a, 0x2a1f, 0x2a1f, 
0x370d, 0x370f, 0x48f8, 0x48f9, 0x522f, 0x5231, 0x4df4, 0x4df4, 
0x367e, 0x367b, 0x1ba6, 0x1ba2, 0x0eff, 0x0efb, 0x0165, 0x0163, 
0xf622, 0xf622, 0xe411, 0xe413, 0xd67b, 0xd67d, 0xd0a5, 0xd0a6, 
0xcd88, 0xcd89, 0xda33, 0xda36, 0xe5ab, 0xe5af, 0xe643, 0xe643, 
0xdb3e, 0xdb37, 0xde2e, 0xde26, 0xee0d, 0xee08, 0xf746, 0xf742, 
0xfe0e, 0xfe09, 0x00ea, 0x00e8, 0x0d74, 0x0d74, 0x1b76, 0x1b7b, 
0x1800, 0x1808, 0x0ad9, 0x0adb, 0x05e1, 0x05e0, 0x070d, 0x070b, 
0x0f91, 0x0f8e, 0x16f0, 0x16eb, 0x127a, 0x1278, 0x0345, 0x0345, 
0xe4ce, 0xe4cd, 0xce6f, 0xce6f, 0xc8f9, 0xc8fd, 0xdac7, 0xdacc, 
0xeff6, 0xeff9, 0xfa2d, 0xfa33, 0x0b51, 0x0b57, 0x113f, 0x1140, 
0x1fa0, 0x1f9d, 0x2a69, 0x2a66, 0x22f8, 0x22f7, 0x1eef, 0x1ef3, 
0x162f, 0x1635, 0x107d, 0x107f, 0x0c30, 0x0c2e, 0x0691, 0x0690, 
0x0110, 0x0112, 0xfe1e, 0xfe22, 0x00a5, 0x00a7, 0x0106, 0x0106, 
0x0215, 0x0218, 0x06ff, 0x0700, 0x0a46, 0x0a43, 0x14db, 0x14d7, 
0x1c20, 0x1c1e, 0x06e9, 0x06ea, 0xf263, 0xf264, 0xe88d, 0xe88e, 
0xde84, 0xde85, 0xd4fd, 0xd4fc, 0xda47, 0xda45, 0xebea, 0xebe7, 
0xe93d, 0xe937, 0xe971, 0xe971, 0xeb30, 0xeb34, 0xf3c7, 0xf3cb, 
0x079b, 0x07a0, 0x0515, 0x0518, 0x02ce, 0x02cd, 0x04dc, 0x04dd, 
0x00f3, 0x00f8, 0xed4b, 0xed4e, 0xd6ba, 0xd6bc, 0xd9f3, 0xd9f1, 
0xe5f2, 0xe5eb, 0xf950, 0xf94c, 0x0e4a, 0x0e4b, 0x14b9, 0x14bc, 
0x1bfa, 0x1bfa, 0x2c3c, 0x2c3d, 0x3d60, 0x3d60, 0x5238, 0x5233, 
0x52eb, 0x52e8, 0x3e28, 0x3e2d, 0x2873, 0x287a, 0x1330, 0x1334, 
0x0726, 0x0725, 0xf5cf, 0xf5cf, 0xe4c5, 0xe4c8, 0xd8c9, 0xd8cd, 
0xcfa7, 0xcfa4, 0xd072, 0xd06c, 0xd8cc, 0xd8c6, 0xea6a, 0xea68, 
0xe9e6, 0xe9e7, 0xe136, 0xe137, 0xe322, 0xe320, 0xece1, 0xecdf, 
0xfb34, 0xfb36, 0xfa78, 0xfa7d, 0xfa9a, 0xfaa1, 0x0817, 0x081f, 
0x1615, 0x1619, 0x17f0, 0x17ed, 0x0c34, 0x0c2d, 0x020a, 0x0200, 
0x03ae, 0x03a1, 0x0b31, 0x0b26, 0x169f, 0x169b, 0x188f, 0x188f, 
0x08e0, 0x08dc, 0xf70b, 0xf705, 0xdaf4, 0xdaf2, 0xcf26, 0xcf25, 
0xd7d5, 0xd7d5, 0xe2d6, 0xe2da, 0xf607, 0xf610, 0xfa64, 0xfa6b, 
0x03a4, 0x03a7, 0x10fc, 0x10fd, 0x145b, 0x145a, 0x1a7b, 0x1a7a, 
0x1c8b, 0x1c90, 0x1bce, 0x1bd4, 0x16cc, 0x16ca, 0x1294, 0x128d, 
0x0b44, 0x0b3e, 0x0231, 0x022f, 0x0522, 0x051e, 0x0828, 0x0824, 
0x068c, 0x068d, 0x0650, 0x0658, 0x029e, 0x02a9, 0x0519, 0x0523, 
0x1766, 0x1769, 0x2012, 0x2015, 0x105a, 0x105e, 0xfa52, 0xfa53, 
0xf3ee, 0xf3f1, 0xe74d, 0xe751, 0xd9dd, 0xd9de, 0xdf68, 0xdf6b, 
0xdf78, 0xdf7b, 0xe7c0, 0xe7be, 0xe914, 0xe915, 0xe55f, 0xe562, 
0xf4fd, 0xf4fd, 0xfe99, 0xfe97, 0x0009, 0x000b, 0xfbc9, 0xfbd3, 
0x0174, 0x017d, 0x0133, 0x0138, 0xe949, 0xe948, 0xd8dc, 0xd8d9, 
0xd449, 0xd446, 0xdee4, 0xdee0, 0xf8f8, 0xf8f4, 0x0c3d, 0x0c3e, 
0x1598, 0x159a, 0x1d97, 0x1d97, 0x2791, 0x2791, 0x3f5a, 0x3f5a, 
0x58c5, 0x58c7, 0x5e92, 0x5e95, 0x4f0e, 0x4f14, 0x366b, 0x3675, 
0x2283, 0x228d, 0x0c75, 0x0c7a, 0xf868, 0xf869, 0xe44b, 0xe44b, 
0xd5ec, 0xd5e8, 0xcdca, 0xcdc2, 0xc52d, 0xc525, 0xcf99, 0xcf93, 
0xdab0, 0xdaae, 0xe0f6, 0xe0f9, 0xe1cb, 0xe1cf, 0xdfad, 0xdfb0, 
0xed8d, 0xed8e, 0xf78a, 0xf78b, 0xf6f0, 0xf6f2, 0xf67d, 0xf67b, 
0x004a, 0x0049, 0x1029, 0x102b, 0x105d, 0x105d, 0x06fa, 0x06f7, 
0x03c2, 0x03c1, 0x0285, 0x0285, 0x0c39, 0x0c3b, 0x1c77, 0x1c78, 
0x1d6d, 0x1d68, 0x1734, 0x172d, 0x0536, 0x0533, 0xeff5, 0xeff7, 
0xe05e, 0xe05e, 0xd98d, 0xd98a, 0xe50f, 0xe50c, 0xede6, 0xede6, 
0xf6ba, 0xf6c0, 0x00a1, 0x00a9, 0x070b, 0x0713, 0x0c76, 0x0c7e, 
0x1192, 0x119b, 0x19d5, 0x19da, 0x1872, 0x1877, 0x1610, 0x1617, 
0x1046, 0x104a, 0x0367, 0x0368, 0x012f, 0x0132, 0x0647, 0x0647, 
0x0b1e, 0x0b1c, 0x0e4f, 0x0e4c, 0x0a55, 0x0a54, 0xff43, 0xff43, 
0xfdaf, 0xfdb1, 0x0eab, 0x0eac, 0x18e3, 0x18e4, 0x0a3e, 0x0a3d, 
0x01ab, 0x01a7, 0xf975, 0xf970, 0xea7a, 0xea73, 0xe7e9, 0xe7e5, 
0xdf25, 0xdf22, 0xdf50, 0xdf4c, 0xe83f, 0xe83b, 0xe914, 0xe911, 
0xee8b, 0xee8b, 0xf98d, 0xf990, 0x0661, 0x0664, 0x03cc, 0x03cf, 
0x03f1, 0x03f5, 0x0d56, 0x0d55, 0x06be, 0x06b7, 0xf5d8, 0xf5d6, 
0xdffa, 0xdffb, 0xd05d, 0xd05d, 0xd726, 0xd725, 0xea19, 0xea17, 
0xf880, 0xf87f, 0x0254, 0x0251, 0x0866, 0x0862, 0x122c, 0x122b, 
0x2ba7, 0x2ba6, 0x4c08, 0x4c05, 0x5a0a, 0x5a08, 0x51cb, 0x51ca, 
0x420e, 0x420d, 0x2c22, 0x2c21, 0x187c, 0x187b, 0x0246, 0x0244, 
0xf0a1, 0xf09e, 0xe5c2, 0xe5c1, 0xd5ff, 0xd601, 0xd302, 0xd304, 
0xd3b7, 0xd3b9, 0xdb15, 0xdb19, 0xe58d, 0xe595, 0xe469, 0xe46c, 
0xe928, 0xe925, 0xef61, 0xef59, 0xf5cb, 0xf5c7, 0xf540, 0xf53e, 
0xf058, 0xf054, 0xfe0b, 0xfe06, 0x0ae5, 0x0ae3, 0x098b, 0x0987, 
0x06ce, 0x06c8, 0xff7f, 0xff7b, 0xfea7, 0xfea7, 0x0b81, 0x0b82, 
0x13dd, 0x13dd, 0x17dc, 0x17db, 0x1300, 0x12fd, 0x08a6, 0x08a0, 
0xf9d5, 0xf9d1, 0xe672, 0xe670, 0xdf6d, 0xdf6a, 0xdf60, 0xdf5c, 
0xe5c4, 0xe5c5, 0xeff5, 0xeff5, 0xfa10, 0xfa09, 0x027a, 0x026f, 
0x0977, 0x096e, 0x1464, 0x1461, 0x1ace, 0x1ad0, 0x23da, 0x23dd, 
0x2582, 0x2585, 0x196b, 0x196e, 0x0cbb, 0x0cbd, 0x049f, 0x049f, 
0x05b1, 0x05af, 0x0690, 0x068d, 0x098a, 0x0989, 0x07d5, 0x07d7, 
0xf6ad, 0xf6b0, 0xf70b, 0xf70e, 0x0a09, 0x0a0b, 0x0c03, 0x0c04, 
0x08bf, 0x08c2, 0x01ba, 0x01bc, 0xf5ec, 0xf5ea, 0xf52d, 0xf529, 
0xea05, 0xea01, 0xdf99, 0xdf95, 0xdfbb, 0xdfb7, 0xe426, 0xe424, 
0xeafb, 0xeb00, 0xee54, 0xee58, 0x00f1, 0x00eb, 0x0a56, 0x0a4d, 
0x04fe, 0x04f7, 0x0961, 0x095a, 0x0b24, 0x0b1e, 0x0961, 0x0962, 
0xfee7, 0xfeec, 0xe509, 0xe50a, 0xd1aa, 0xd1a7, 0xd4ac, 0xd4a7, 
0xdf43, 0xdf3e, 0xebb0, 0xebad, 0xfa24, 0xfa24, 0xffd1, 0xffd2, 
0x0813, 0x0817, 0x21b9, 0x21b8, 0x40a4, 0x40a1, 0x53ea, 0x53eb, 
0x55bf, 0x55c3, 0x49f2, 0x49f9, 0x3caa, 0x3cb0, 0x2454, 0x2455, 
0x0a64, 0x0a67, 0xf6b5, 0xf6ba, 0xe60c, 0xe60d, 0xe2eb, 0xe2eb, 
0xd863, 0xd863, 0xd64d, 0xd64d, 0xdd61, 0xdd60, 0xdce1, 0xdcde, 
0xe4c6, 0xe4c4, 0xe711, 0xe713, 0xf2b5, 0xf2b8, 0xfce7, 0xfceb, 
0xf0f6, 0xf0fb, 0xedb2, 0xedb3, 0xf4e3, 0xf4e0, 0xfed1, 0xfed2, 
0x0803, 0x0806, 0x0508, 0x0506, 0xfdd0, 0xfdc9, 0xfffd, 0xfff4, 
0x0853, 0x084f, 0x11f9, 0x11fb, 0x16f7, 0x16fc, 0x17dd, 0x17de, 
0x11c4, 0x11c2, 0x01d7, 0x01d7, 0xf1cb, 0xf1ce, 0xe2f0, 0xe2f1, 
0xdb6c, 0xdb6b, 0xdeb1, 0xdeb0, 0xed1d, 0xed1b, 0xf7b2, 0xf7ae, 
0xfd13, 0xfd14, 0x0652, 0x0656, 0x0bfb, 0x0bfe, 0x1a65, 0x1a65, 
0x2606, 0x2605, 0x28a3, 0x28a2, 0x1ebd, 0x1eba, 0x0aee, 0x0aed, 
0x061a, 0x061a, 0x027c, 0x027f, 0x068d, 0x0691, 0x1322, 0x1327, 
0x091f, 0x0923, 0xf74e, 0xf750, 0xf7bc, 0xf7bf, 0x01b8, 0x01b9, 
0x0b9d, 0x0b9f, 0x0c39, 0x0c3d, 0x0376, 0x037d, 0x0181, 0x0185, 
0xfcae, 0xfcac, 0xf255, 0xf254, 0xe3de, 0xe3dc, 0xdebf, 0xdeb9, 
0xe3be, 0xe3b6, 0xe0a2, 0xe09c, 0xea7b, 0xea7b, 0xf781, 0xf785, 
0xf9fa, 0xfa00, 0xfc54, 0xfc59, 0x009c, 0x009f, 0x0742, 0x0742, 
0x0b4e, 0x0b4a, 0x048e, 0x0487, 0xed4d, 0xed4a, 0xdea7, 0xdea6, 
0xddfa, 0xddfd, 0xe164, 0xe16c, 0xedb0, 0xedba, 0xf713, 0xf71a, 
0xf8bf, 0xf8c1, 0x0137, 0x0139, 0x186c, 0x1871, 0x3708, 0x370e, 
0x4c9b, 0x4c9e, 0x4f1a, 0x4f1c, 0x4a12, 0x4a0d, 0x3cfe, 0x3cf5, 
0x2aa8, 0x2aa4, 0x10c9, 0x10ca, 0xf50c, 0xf50e, 0xede4, 0xede7, 
0xe3a9, 0xe3ae, 0xdc30, 0xdc37, 0xdb5e, 0xdb63, 0xda44, 0xda48, 
0xe297, 0xe29b, 0xe1fd, 0xe1ff, 0xe972, 0xe972, 0xf832, 0xf836, 
0xfb7a, 0xfb7c, 0xf655, 0xf652, 0xf1d2, 0xf1d2, 0xf694, 0xf699, 
0xfeb8, 0xfeb8, 0x084f, 0x084c, 0x086b, 0x086d, 0x019c, 0x01a1, 
0x0431, 0x0434, 0x0d00, 0x0d00, 0x1172, 0x1174, 0x1317, 0x131c, 
0x138a, 0x138f, 0x0ff6, 0x0ff7, 0x08fa, 0x08f9, 0xfea9, 0xfea7, 
0xf005, 0xf002, 0xdcda, 0xdcd7, 0xd97d, 0xd97d, 0xe099, 0xe09a, 
0xe83c, 0xe83a, 0xf08e, 0xf08c, 0xf2b9, 0xf2b5, 0xfe36, 0xfe31, 
0x0bea, 0x0be4, 0x1e07, 0x1e02, 0x2994, 0x298f, 0x1f4b, 0x1f46, 
0x1622, 0x161e, 0x0b35, 0x0b33, 0x0463, 0x0461, 0x0c74, 0x0c73, 
0x1644, 0x1645, 0x10b2, 0x10b7, 0x0392, 0x0397, 0xfd49, 0xfd48, 
0x01f4, 0x01f0, 0x0c0a, 0x0c06, 0x0b49, 0x0b44, 0x0681, 0x067e, 
0x0735, 0x0737, 0x0c05, 0x0c08, 0xfe58, 0xfe5a, 0xe70d, 0xe70d, 
0xde57, 0xde57, 0xd91a, 0xd916, 0xdd78, 0xdd71, 0xebfa, 0xebf8, 
0xf816, 0xf81d, 0xf8be, 0xf8c8, 0xf552, 0xf553, 0xf505, 0xf4ff, 
0xf9f1, 0xf9f0, 0x02b8, 0x02bf, 0xf875, 0xf878, 0xe7d2, 0xe7cc, 
0xdfdb, 0xdfd2, 0xdc5e, 0xdc58, 0xe113, 0xe110, 0xec99, 0xec99, 
0xf6a2, 0xf6a7, 0xfa5d, 0xfa65, 0x0203, 0x020a, 0x17e1, 0x17e4, 
0x359b, 0x359b, 0x4ab4, 0x4ab4, 0x54ea, 0x54ea, 0x4e46, 0x4e49, 
0x4761, 0x4765, 0x3dcd, 0x3dd1, 0x1dd4, 0x1dda, 0x04d4, 0x04dc, 
0xf490, 0xf496, 0xeea4, 0xeea7, 0xe6d3, 0xe6d3, 0xd734, 0xd734, 
0xd68e, 0xd68b, 0xd635, 0xd631, 0xd7ae, 0xd7b0, 0xe39f, 0xe3a9, 
0xf58b, 0xf595, 0xfbf3, 0xfbf9, 0xf381, 0xf385, 0xedc5, 0xedc6, 
0xeb67, 0xeb6b, 0xee37, 0xee3d, 0xf3f2, 0xf3f3, 0xf799, 0xf797, 
0xf8f3, 0xf8f6, 0xff15, 0xff1d, 0x0697, 0x06a0, 0x0932, 0x0936, 
0x0de8, 0x0de7, 0x1483, 0x1482, 0x16cf, 0x16cd, 0x17ae, 0x17af, 
0x159a, 0x159e, 0x0290, 0x0291, 0xf0d7, 0xf0d9, 0xe514, 0xe518, 
0xe64c, 0xe64c, 0xf4d8, 0xf4d9, 0xf444, 0xf446, 0xf29b, 0xf298, 
0xf441, 0xf43d, 0x02fb, 0x02f9, 0x1852, 0x1850, 0x1b94, 0x1b93, 
0x1907, 0x1907, 0x115d, 0x115e, 0x0559, 0x055c, 0x02bd, 0x02c6, 
0x0e8d, 0x0e91, 0x1867, 0x1864, 0x156d, 0x1568, 0x0820, 0x081c, 
0xfed3, 0xfed1, 0xfe68, 0xfe69, 0xffa3, 0xffa0, 0x0155, 0x014e, 
0xfe3b, 0xfe37, 0x0821, 0x0822, 0x1070, 0x1073, 0x0474, 0x0475, 
0xf6ba, 0xf6b9, 0xe88a, 0xe88b, 0xdf40, 0xdf45, 0xe201, 0xe208, 
0xf0ff, 0xf104, 0xfb0e, 0xfb12, 0xfd7f, 0xfd84, 0xf748, 0xf74c, 
0xf150, 0xf150, 0x0135, 0x0135, 0x097e, 0x0980, 0xfe0b, 0xfe0f, 
0xef6d, 0xef74, 0xe665, 0xe669, 0xdf3e, 0xdf3c, 0xda37, 0xda39, 
0xe1fb, 0xe206, 0xed5d, 0xed62, 0xef05, 0xef03, 0xf897, 0xf893, 
0x113c, 0x1139, 0x2920, 0x291e, 0x41f8, 0x41fa, 0x49b3, 0x49b8, 
0x4aac, 0x4aaf, 0x4be6, 0x4be9, 0x3a47, 0x3a4e, 0x2545, 0x254b, 
0x0ae4, 0x0ae3, 0xfdc2, 0xfdc4, 0xf966, 0xf96c, 0xeafd, 0xeb02, 
0xe0b6, 0xe0b9, 0xd5a9, 0xd5a9, 0xcf99, 0xcf99, 0xcecb, 0xcecd, 
0xdbee, 0xdbf0, 0xf2af, 0xf2b0, 0xfaad, 0xfaaf, 0xf4a2, 0xf4a8, 
0xef39, 0xef41, 0xf29d, 0xf2a3, 0xf5ea, 0xf5eb, 0xf8a5, 0xf8a2, 
0xfac1, 0xfac0, 0xffc1, 0xffc2, 0x0557, 0x0552, 0x051d, 0x0514, 
0x0326, 0x0320, 0x074f, 0x074c, 0x08d3, 0x08d1, 0x0e52, 0x0e4e, 
0x1f90, 0x1f8d, 0x1c1f, 0x1c22, 0x0b96, 0x0b99, 0xf5c8, 0xf5c5, 
0xe4ca, 0xe4c6, 0xe50c, 0xe50c, 0xe62a, 0xe629, 0xebc7, 0xebc5, 
0xe967, 0xe965, 0xec1e, 0xec1e, 0xfda8, 0xfdaa, 0x0cd4, 0x0cd8, 
0x19c1, 0x19c4, 0x195d, 0x1960, 0x1079, 0x107b, 0x0949, 0x0946, 
0x094c, 0x0949, 0x13d1, 0x13d3, 0x1d05, 0x1d0a, 0x14eb, 0x14ee, 
0x094a, 0x094c, 0x044e, 0x044d, 0x03eb, 0x03e5, 0x0810, 0x0808, 
0x0231, 0x022e, 0x04a9, 0x04a8, 0x0e71, 0x0e6e, 0x11e5, 0x11e0, 
0x0c27, 0x0c23, 0xfcc0, 0xfcbc, 0xeacf, 0xeacd, 0xddb2, 0xddb0, 
0xe847, 0xe844, 0xf2e6, 0xf2df, 0xf8a4, 0xf89a, 0xfc07, 0xfc03, 
0xefcf, 0xefd2, 0xe7f5, 0xe7fa, 0xec9a, 0xeca0, 0xf6a3, 0xf6a8, 
0xf592, 0xf595, 0xedc1, 0xedc4, 0xe88c, 0xe88f, 0xde6b, 0xde6d, 
0xdb27, 0xdb29, 0xe321, 0xe324, 0xe889, 0xe88c, 0xf013, 0xf013, 
0xfdda, 0xfdd5, 0x0efc, 0x0ef9, 0x2a3b, 0x2a40, 0x381a, 0x381c, 
0x3f0a, 0x3f08, 0x49db, 0x49d5, 0x4d58, 0x4d50, 0x4903, 0x48ff, 
0x2f07, 0x2f0a, 0x1a06, 0x1a07, 0x0b03, 0x0b06, 0xfe59, 0xfe61, 
0xf675, 0xf679, 0xe5e9, 0xe5e9, 0xda45, 0xda47, 0xd201, 0xd202, 
0xd513, 0xd512, 0xe084, 0xe089, 0xeeb8, 0xeec1, 0xf86e, 0xf875, 
0xf4d1, 0xf4d4, 0xef57, 0xef56, 0xea12, 0xea0f, 0xeae4, 0xeadf, 
0xedde, 0xeddb, 0xee3a, 0xee39, 0xf3a3, 0xf3a6, 0xfd38, 0xfd39, 
0x01d7, 0x01d5, 0x0613, 0x0610, 0x0528, 0x0528, 0x01d4, 0x01d6, 
0x1057, 0x1054, 0x2318, 0x2313, 0x2c5f, 0x2c5e, 0x1c48, 0x1c4a, 
0x00df, 0x00e1, 0xeea6, 0xeea9, 0xe5db, 0xe5dd, 0xed10, 0xed0b, 
0xea83, 0xea78, 0xe523, 0xe51e, 0xe6f9, 0xe6fa, 0xf0d5, 0xf0d5, 
0x0423, 0x0422, 0x102e, 0x102f, 0x1025, 0x1026, 0x0b31, 0x0b32, 
0x0a85, 0x0a8b, 0x08e3, 0x08e8, 0x11e1, 0x11e3, 0x1cec, 0x1ce9, 
0x1d4f, 0x1d4b, 0x1491, 0x148d, 0x0a63, 0x0a5d, 0x0a94, 0x0a93, 
0x07c4, 0x07c9, 0xfff2, 0xfff5, 0xf99c, 0xf99b, 0x03d4, 0x03d3, 
0x11be, 0x11be, 0x1393, 0x1391, 0x078e, 0x078c, 0xec01, 0xec05, 
0xe025, 0xe028, 0xe2ea, 0xe2ea, 0xeee9, 0xeee8, 0xfa98, 0xfa96, 
0xf9ee, 0xf9ee, 0xf2a4, 0xf2a6, 0xea31, 0xea32, 0xf3dc, 0xf3da, 
0xfa0e, 0xfa0a, 0xf4cc, 0xf4cc, 0xf66b, 0xf66e, 0xf60a, 0xf60b, 
0xec2a, 0xec2a, 0xe464, 0xe463, 0xdd72, 0xdd71, 0xde63, 0xde64, 
0xeb95, 0xeb91, 0xf24d, 0xf245, 0x0428, 0x0426, 0x1bc2, 0x1bc3, 
0x2b23, 0x2b22, 0x3259, 0x325a, 0x3cf9, 0x3cf6, 0x4c20, 0x4c1a, 
0x4899, 0x4894, 0x3573, 0x3570, 0x17ff, 0x17fc, 0x080f, 0x080e, 
0x04fc, 0x04ff, 0x027e, 0x0282, 0xf87a, 0xf87c, 0xe489, 0xe48c, 
0xd9f3, 0xd9f1, 0xd13f, 0xd138, 0xdbdc, 0xdbd5, 0xec76, 0xec71, 
0xf0e1, 0xf0df, 0xf362, 0xf35f, 0xef24, 0xef21, 0xf32c, 0xf32f, 
0xf151, 0xf156, 0xe8a8, 0xe8ab, 0xec01, 0xec00, 0xfb42, 0xfb40, 
0x063d, 0x063c, 0x0879, 0x0874, 0x08d6, 0x08cc, 0x0577, 0x0576, 
0x0486, 0x048c, 0x0af4, 0x0af7, 0x22a6, 0x22a5, 0x2fa2, 0x2fa4, 
0x217b, 0x217c, 0x0a21, 0x0a23, 0xf294, 0xf294, 0xe883, 0xe87e, 
0xecf2, 0xeceb, 0xe456, 0xe44d, 0xd0b8, 0xd0af, 0xcbed, 0xcbe7, 
0xd64d, 0xd64b, 0xf933, 0xf934, 0x0f3b, 0x0f3e, 0x12fb, 0x12fc, 
0x15ff, 0x15f9, 0x06b8, 0x06ae, 0x0606, 0x05fe, 0x0c1b, 0x0c14, 
0x0f41, 0x0f40, 0x088f, 0x088f, 0xfeb5, 0xfeb0, 0x093e, 0x093c, 
0x05e7, 0x05e5, 0xffa8, 0xffa1, 0xfdb4, 0xfdae, 0x00fd, 0x00fe, 
0x0d60, 0x0d67, 0x1b05, 0x1b0c, 0x29cb, 0x29ca, 0x277b, 0x2777, 
0x1735, 0x1735, 0x0705, 0x0704, 0x0ae6, 0x0ae5, 0x130d, 0x130d, 
0x1704, 0x1704, 0x1d24, 0x1d20, 0x0b7a, 0x0b74, 0xfb02, 0xfafe, 
0xfdce, 0xfdd0, 0xe792, 0xe796, 0xca40, 0xca46, 0xbf8c, 0xbf90, 
0xbae2, 0xbae2, 0xc9ba, 0xc9b9, 0xcd60, 0xcd5e, 0xcc30, 0xcc2b, 
0xd51f, 0xd51a, 0xd5cd, 0xd5c9, 0xe4d3, 0xe4cd, 0xfbea, 0xfbe1, 
0x10f5, 0x10f1, 0x12d6, 0x12d7, 0x180c, 0x180d, 0x3a8d, 0x3a89, 
0x49de, 0x49d9, 0x43ce, 0x43ca, 0x3940, 0x393d, 0x2784, 0x2783, 
0x15d8, 0x15da, 0x107b, 0x1080, 0x1132, 0x1136, 0x1052, 0x104f, 
0x0392, 0x038d, 0xf375, 0xf375, 0xfa00, 0xfa02, 0xfca6, 0xfca5, 
0x04c7, 0x04c4, 0x0f2b, 0x0f2a, 0x0764, 0x0764, 0x0452, 0x044e, 
0x045d, 0x0453, 0xf2ed, 0xf2e3, 0xcb7b, 0xcb77, 0xb36a, 0xb368, 
0xbb59, 0xbb54, 0xd311, 0xd30c, 0xe732, 0xe731, 0xf76d, 0xf76d, 
0xfd63, 0xfd60, 0xebc4, 0xebc3, 0xf6fb, 0xf6fd, 0x1eea, 0x1eea, 
0x2a58, 0x2a54, 0x1d15, 0x1d10, 0x087f, 0x087d, 0xff91, 0xff92, 
0xf714, 0xf713, 0xe75f, 0xe75b, 0xede2, 0xede1, 0xebdd, 0xebe0, 
0xdfe0, 0xdfe1, 0xeb1b, 0xeb1b, 0x00c1, 0x00c4, 0x1980, 0x1986, 
0x1cfa, 0x1cff, 0x2361, 0x2360, 0x2ea3, 0x2ea0, 0x241e, 0x241c, 
0x3437, 0x3436, 0x372d, 0x372b, 0x276e, 0x276c, 0x2704, 0x2704, 
0x234d, 0x234e, 0x1a4a, 0x1a48, 0xf329, 0xf329, 0xcf2d, 0xcf2d, 
0xc0ed, 0xc0ee, 0xc537, 0xc53b, 0xe2d2, 0xe2d8, 0xfe43, 0xfe41, 
0x0623, 0x061d, 0xeb74, 0xeb70, 0xe2e8, 0xe2e8, 0xf3fc, 0xf3fd, 
0xf0b0, 0xf0af, 0xf44f, 0xf44e, 0xf6ca, 0xf6c9, 0xfbbe, 0xfbbb, 
0x0023, 0x0020, 0xf582, 0xf581, 0xfbec, 0xfbeb, 0xfb67, 0xfb66, 
0xf122, 0xf121, 0xf23e, 0xf23e, 0xf8fb, 0xf8fc, 0xfc84, 0xfc85, 
0xec8e, 0xec8d, 0xef9d, 0xef9c, 0xfb8f, 0xfb91, 0xfade, 0xfae0, 
0x19f7, 0x19f4, 0x2a6a, 0x2a65, 0x22ea, 0x22e6, 0x2a70, 0x2a6e, 
0x3bf1, 0x3bf0, 0x4b9f, 0x4b9e, 0x369e, 0x369a, 0x12d2, 0x12d0, 
0xf5ae, 0xf5b1, 0xe42d, 0xe433, 0xe9e9, 0xe9ec, 0xf7be, 0xf7c1, 
0xf87d, 0xf881, 0xdd3a, 0xdd3b, 0xd287, 0xd287, 0xe419, 0xe416, 
0xe620, 0xe61b, 0xe08b, 0xe087, 0xe78c, 0xe789, 0xf779, 0xf778, 
0xfc54, 0xfc58, 0xfc30, 0xfc36, 0x02e1, 0x02e2, 0xfa34, 0xfa33, 
0xe72e, 0xe72e, 0xe987, 0xe986, 0xffe6, 0xffe4, 0x1126, 0x1125, 
0x18d1, 0x18d3, 0x1697, 0x169d, 0x0cbb, 0x0cc3, 0x0dd3, 0x0ddb, 
0x2db1, 0x2db7, 0x47ae, 0x47b0, 0x3c9d, 0x3c99, 0x2e33, 0x2e2e, 
0x251a, 0x251a, 0x1462, 0x1464, 0xf3be, 0xf3c3, 0xd029, 0xd030, 
0xb82b, 0xb82e, 0xa8f5, 0xa8f2, 0xb8fe, 0xb8fc, 0xe253, 0xe255, 
0xf0e0, 0xf0e3, 0xea29, 0xea2c, 0xf37a, 0xf37a, 0x07e3, 0x07e3, 
0x0f6e, 0x0f70, 0x099f, 0x09a4, 0x10b4, 0x10b6, 0x195f, 0x195e, 
0x13ed, 0x13ec, 0x1286, 0x1283, 0x16d5, 0x16cf, 0x1567, 0x1561, 
0xf9f1, 0xf9eb, 0xe768, 0xe764, 0xf4a9, 0xf4a7, 0x028b, 0x028b, 
0x174c, 0x174e, 0x1999, 0x199b, 0x0d31, 0x0d33, 0x08a4, 0x08a6, 
0x108e, 0x1091, 0x20dc, 0x20dc, 0x1c3b, 0x1c3b, 0x1bb4, 0x1bb3, 
0x2378, 0x2376, 0x208b, 0x2089, 0x0927, 0x0927, 0xe14a, 0xe14b, 
0xc5f2, 0xc5f3, 0xb69f, 0xb69f, 0xc357, 0xc357, 0xe578, 0xe579, 
0xe1dc, 0xe1dc, 0xc54b, 0xc54d, 0xbe22, 0xbe23, 0xca09, 0xca08, 
0xd7a4, 0xd7aa, 0xe2c6, 0xe2cf, 0xf9b3, 0xf9b7, 0x0c4a, 0x0c4b, 
0x0ee3, 0x0ee3, 0x1ab9, 0x1ab5, 0x3596, 0x358f, 0x4ac9, 0x4ac4, 
0x374b, 0x3747, 0x237e, 0x237c, 0x2897, 0x2897, 0x2439, 0x243d, 
0x28f8, 0x28f9, 0x228e, 0x2289, 0x0b57, 0x0b54, 0xfc57, 0xfc55, 
0x0468, 0x0468, 0x12df, 0x12e3, 0x062f, 0x0631, 0x0256, 0x0252, 
0x0c92, 0x0c90, 0x112b, 0x112c, 0x034a, 0x034c, 0xe457, 0xe459, 
0xc38c, 0xc38e, 0xaa52, 0xaa53, 0xb32c, 0xb327, 0xda12, 0xda0d, 
0xf2bb, 0xf2bb, 0xedae, 0xedaf, 0xea45, 0xea42, 0xeea3, 0xee9c, 
0xf224, 0xf220, 0xfebf, 0xfebf, 0x1a1a, 0x1a1c, 0x2d43, 0x2d48, 
0x21a6, 0x21aa, 0x1226, 0x1223, 0x11eb, 0x11e6, 0x0a2a, 0x0a24, 
0xee10, 0xee0e, 0xdd2b, 0xdd2d, 0xddd9, 0xddde, 0xe936, 0xe93a, 
0x04d8, 0x04d8, 0x0e4e, 0x0e4a, 0x08c3, 0x08c1, 0x09e7, 0x09e7, 
0x20d7, 0x20d5, 0x3699, 0x3694, 0x31c1, 0x31ba, 0x2f1e, 0x2f17, 
0x321f, 0x3218, 0x32ff, 0x32f8, 0x2127, 0x2120, 0x09fe, 0x09f8, 
0xec7b, 0xec77, 0xc6e1, 0xc6e0, 0xbd7b, 0xbd7e, 0xd2e3, 0xd2e3, 
0xed6e, 0xed6a, 0xf3a6, 0xf3a5, 0xf7a6, 0xf7a8, 0xfd4b, 0xfd4c, 
0xf7c7, 0xf7c3, 0xf1a4, 0xf1a0, 0xf675, 0xf673, 0x0437, 0x0433, 
0x0057, 0x0053, 0xfbf2, 0xfbf0, 0x0f3c, 0x0f40, 0x0fba, 0x0fbc, 
0xf27d, 0xf27b, 0xe0ac, 0xe0ab, 0xdef1, 0xdeef, 0xf34f, 0xf34b, 
0x105b, 0x105b, 0x0ff3, 0x0ff4, 0xfce8, 0xfce9, 0xe6c9, 0xe6cd, 
0xf01b, 0xf021, 0x0767, 0x0769, 0x0dad, 0x0dad, 0x1679, 0x167d, 
0x2035, 0x2039, 0x2984, 0x2983, 0x21bd, 0x21b8, 0x1d6e, 0x1d66, 
0x15bf, 0x15ba, 0xf845, 0xf844, 0xeec4, 0xeec5, 0x00ea, 0x00ee, 
0x0efe, 0x0efd, 0x05e7, 0x05df, 0xfc81, 0xfc7f, 0xf390, 0xf396, 
0xe6a1, 0xe6a7, 0xe12b, 0xe131, 0xe7f7, 0xe7fe, 0xf18d, 0xf192, 
0xe7cd, 0xe7cf, 0xe73d, 0xe73e, 0x01fb, 0x01ff, 0x09b9, 0x09bc, 
0xf3d3, 0xf3d0, 0xe265, 0xe261, 0xd7a6, 0xd7a1, 0xdef8, 0xdeef, 
0xfeab, 0xfea8, 0x18b5, 0x18b9, 0x1b1b, 0x1b1f, 0x0c23, 0x0c22, 
0x15cd, 0x15c9, 0x23ad, 0x23ab, 0x2340, 0x233e, 0x357f, 0x3579, 
0x443c, 0x443a, 0x4458, 0x4459, 0x330a, 0x3308, 0x1381, 0x137e, 
0xeb3a, 0xeb3a, 0xbf4c, 0xbf4e, 0xa6cc, 0xa6ce, 0xb1e2, 0xb1e3, 
0xc8e2, 0xc8df, 0xd3ac, 0xd3a9, 0xdb90, 0xdb94, 0xe0cb, 0xe0ce, 
0xeda2, 0xed9f, 0xf91d, 0xf91b, 0x0f3f, 0x0f40, 0x223b, 0x223c, 
0x15a8, 0x15a9, 0x17c1, 0x17c6, 0x23e8, 0x23ed, 0x22ea, 0x22eb, 
0x1827, 0x1823, 0x0797, 0x0792, 0xf7b6, 0xf7b4, 0xecc9, 0xeccd, 
0xfb12, 0xfb17, 0x1074, 0x1077, 0x134f, 0x134e, 0x0c1b, 0x0c16, 
0x15c5, 0x15c0, 0x2435, 0x2436, 0x1b30, 0x1b32, 0x17c5, 0x17c6, 
0x1e52, 0x1e51, 0x1c93, 0x1c8f, 0x1791, 0x178b, 0x0d1d, 0x0d18, 
0xf7b6, 0xf7b7, 0xd2d8, 0xd2da, 0xafe7, 0xafe7, 0xbc07, 0xbc03, 
0xd669, 0xd663, 0xe49a, 0xe492, 0xeb45, 0xeb41, 0xde86, 0xde88, 
0xd7b1, 0xd7b6, 0xcc35, 0xcc38, 0xdc9a, 0xdc99, 0xf662, 0xf65e, 
0xefba, 0xefb6, 0x0007, 0x0006, 0x0f40, 0x0f43, 0x138a, 0x138d, 
0x1abe, 0x1ac1, 0x1e02, 0x1e03, 0x1ea0, 0x1e9f, 0x1a21, 0x1a1e, 
0x30b3, 0x30b3, 0x4593, 0x4590, 0x3a0b, 0x3a05, 0x273f, 0x2741, 
0x1e9a, 0x1ea1, 0x2139, 0x213d, 0x18f5, 0x18f7, 0x116d, 0x116c, 
0x1059, 0x1058, 0x03dc, 0x03da, 0xfce8, 0xfce6, 0xfd6a, 0xfd68, 
0xf1aa, 0xf1aa, 0xd08c, 0xd091, 0xafc5, 0xafca, 0xb14e, 0xb152, 
0xb9aa, 0xb9af, 0xcb44, 0xcb46, 0xe716, 0xe712, 0xef73, 0xef6e, 
0xf839, 0xf835, 0xf545, 0xf541, 0xfd6e, 0xfd6b, 0x0dfb, 0x0df9, 
0x0f71, 0x0f6f, 0x21c6, 0x21c6, 0x30fd, 0x3101, 0x2ddc, 0x2ddd, 
0x1b77, 0x1b7a, 0x03f7, 0x03fb, 0xebef, 0xebf1, 0xd5a9, 0xd5aa, 
0xe2ac, 0xe2ae, 0xff7e, 0xff84, 0x032e, 0x0330, 0xfa1a, 0xfa19, 
0xff75, 0xff75, 0x10f9, 0x10f9, 0x209d, 0x209a, 0x2ff4, 0x2ff6, 
0x3911, 0x3914, 0x393e, 0x393d, 0x3401, 0x33ff, 0x2c00, 0x2bfd, 
0x174b, 0x1748, 0xf404, 0xf402, 0xd7e0, 0xd7df, 0xce09, 0xce0d, 
0xcba4, 0xcbaa, 0xcce7, 0xcce9, 0xd997, 0xd993, 0xe676, 0xe671, 
0xeacc, 0xeac6, 0xf0d4, 0xf0cc, 0xff2f, 0xff2a, 0x0336, 0x0337, 
0xfac5, 0xfac7, 0xfcbe, 0xfcbc, 0x0762, 0x075d, 0x07c2, 0x07c0, 
0x0787, 0x078a, 0x06dd, 0x06e0, 0xf00a, 0xf00c, 0xda70, 0xda70, 
0xe3d6, 0xe3d4, 0x06d1, 0x06d0, 0x1968, 0x196b, 0x0d2f, 0x0d31, 
0x0975, 0x0974, 0x0410, 0x0410, 0xfa86, 0xfa85, 0xffeb, 0xffe4, 
0x082e, 0x0827, 0x12d3, 0x12d2, 0x17a0, 0x17a4, 0x1afd, 0x1b00, 
0x0e29, 0x0e28, 0xf6a4, 0xf6a2, 0xf291, 0xf291, 0xf4e7, 0xf4e8, 
0x01fa, 0x01fc, 0x0d35, 0x0d38, 0x18b5, 0x18b1, 0x2205, 0x21fe, 
0x11a5, 0x11a0, 0x0602, 0x0602, 0x0542, 0x053f, 0x0059, 0x0050, 
0xf6db, 0xf6d6, 0xef10, 0xef10, 0xedcb, 0xedcb, 0xe5b4, 0xe5b0, 
0xe90c, 0xe907, 0xf093, 0xf091, 0xddb7, 0xddb7, 0xce59, 0xce59, 
0xd13a, 0xd136, 0xe512, 0xe50b, 0xf8a0, 0xf899, 0xfb22, 0xfb21, 
0x0bf7, 0x0bf8, 0x1cc1, 0x1cc3, 0x1f0c, 0x1f0f, 0x242e, 0x2433, 
0x2948, 0x2948, 0x3327, 0x3321, 0x3f2f, 0x3f2c, 0x4dcd, 0x4dd1, 
0x3ecf, 0x3ed3, 0x125d, 0x125d, 0xef4b, 0xef4a, 0xd190, 0xd18d, 
0xbe9f, 0xbe99, 0xb7b3, 0xb7b0, 0xc864, 0xc863, 0xd8cd, 0xd8ca, 
0xd3b9, 0xd3ba, 0xd485, 0xd489, 0xe21f, 0xe21f, 0xf7ad, 0xf7aa, 
0x0788, 0x0786, 0x1398, 0x1398, 0x1e2e, 0x1e2b, 0x1e5b, 0x1e53, 
0x1d16, 0x1d0c, 0x1b03, 0x1b00, 0x0ba3, 0x0ba7, 0xfac3, 0xfac9, 
0xfb3c, 0xfb42, 0x04ce, 0x04d1, 0x072e, 0x072c, 0x02c5, 0x02c1, 
0x087c, 0x087d, 0x150e, 0x1511, 0x1c3c, 0x1c3c, 0x253c, 0x253a, 
0x27b4, 0x27b4, 0x218f, 0x2193, 0x23a7, 0x23ad, 0x273f, 0x2744, 
0x171d, 0x171e, 0xfc3f, 0xfc3b, 0xe3c3, 0xe3bd, 0xd3f9, 0xd3f7, 
0xbf5e, 0xbf61, 0xb379, 0xb37f, 0xd1c6, 0xd1ce, 0xeb53, 0xeb58, 
0xef58, 0xef5c, 0xeab9, 0xeabe, 0xe637, 0xe636, 0xe51e, 0xe51a, 
0xde36, 0xde31, 0xe584, 0xe583, 0xefd8, 0xefdb, 0xf9f1, 0xf9f2, 
0x0197, 0x0198, 0x0151, 0x0156, 0xffa5, 0xffaa, 0xf8f8, 0xf8f4, 
0x09b5, 0x09b0, 0x26f6, 0x26f6, 0x3685, 0x368a, 0x3fb2, 0x3fb3, 
0x42b4, 0x42af, 0x415f, 0x4158, 0x3487, 0x3483, 0x2d6d, 0x2d6a, 
0x2b25, 0x2b25, 0x1c7e, 0x1c81, 0x1b7f, 0x1b7f, 0x1722, 0x1720, 
0xff9f, 0xff9d, 0xe690, 0xe692, 0xcfad, 0xcfb2, 0xc987, 0xc98a, 
0xb8ba, 0xb8b9, 0xa6f1, 0xa6ef, 0xbb1a, 0xbb1c, 0xcc1e, 0xcc22, 
0xd676, 0xd677, 0xe34d, 0xe34a, 0xf448, 0xf446, 0x00e7, 0x00ea, 
0xfd14, 0xfd1b, 0x0484, 0x048e, 0x0b2d, 0x0b35, 0x199e, 0x19a3, 
0x2ebe, 0x2ebd, 0x3027, 0x3022, 0x1fab, 0x1fa5, 0x04a7, 0x04a5, 
0xf903, 0xf903, 0xf3af, 0xf3b0, 0xeec8, 0xeec9, 0xf3e7, 0xf3e7, 
0xf8a5, 0xf8a6, 0xfbf5, 0xfbf7, 0xf6c9, 0xf6c6, 0xfe21, 0xfe1e, 
0x1247, 0x124a, 0x1f71, 0x1f77, 0x344b, 0x344a, 0x4673, 0x466d, 
0x3f39, 0x3f34, 0x2102, 0x2102, 0x04a2, 0x04a0, 0xf7a9, 0xf7a8, 
0xe55f, 0xe55f, 0xd380, 0xd37e, 0xdbd6, 0xdbd6, 0xe334, 0xe332, 
0xe138, 0xe131, 0xe251, 0xe24c, 0xea5e, 0xea5e, 0xf895, 0xf893, 
0xfefd, 0xfefb, 0x03a6, 0x03a6, 0x05e8, 0x05e4, 0x06b0, 0x06a9, 
0x0965, 0x0961, 0x07ee, 0x07ee, 0xfbe8, 0xfbe9, 0xf2ad, 0xf2ac, 
0xf331, 0xf332, 0xec08, 0xec07, 0xe889, 0xe888, 0xf2e8, 0xf2ea, 
0x0aba, 0x0ab9, 0x1869, 0x1866, 0x12c3, 0x12c0, 0x10bb, 0x10bd, 
0x0a81, 0x0a85, 0x043d, 0x043b, 0x0652, 0x064c, 0x1bb5, 0x1bb4, 
0x2227, 0x222f, 0x0400, 0x0406, 0xf09f, 0xf09e, 0xe7a9, 0xe7a5, 
0xddd1, 0xddcd, 0xda8f, 0xda8d, 0xf1e0, 0xf1e4, 0x0f29, 0x0f2f, 
0x17c9, 0x17cf, 0x2068, 0x206e, 0x210d, 0x2112, 0x1968, 0x196a, 
0x12e2, 0x12e3, 0x0bc0, 0x0bc2, 0x08e3, 0x08e6, 0x02f4, 0x02f4, 
0xfb8c, 0xfb85, 0xf548, 0xf53f, 0xdffa, 0xdff2, 0xd840, 0xd838, 
0xdf34, 0xdf30, 0xdbeb, 0xdbef, 0xd9dd, 0xd9e0, 0xdc96, 0xdc94, 
0xefdd, 0xefd9, 0xf72b, 0xf72b, 0xfd43, 0xfd48, 0x128f, 0x1294, 
0x19dd, 0x19dd, 0x1f56, 0x1f53, 0x233c, 0x233b, 0x38c3, 0x38c1, 
0x4626, 0x4623, 0x35ee, 0x35e9, 0x2855, 0x284c, 0x1297, 0x128e, 
0xf8d0, 0xf8cf, 0xd9d1, 0xd9d4, 0xcc89, 0xcc86, 0xd0ac, 0xd0a2, 
0xcd1a, 0xcd11, 0xd42f, 0xd42b, 0xd7f0, 0xd7f4, 0xd295, 0xd296, 
0xd66f, 0xd669, 0xe5a7, 0xe5a0, 0xfab5, 0xfab4, 0x0e8f, 0x0e92, 
0x2228, 0x222e, 0x2c9e, 0x2ca6, 0x1cae, 0x1cb3, 0x108f, 0x108f, 
0x0fa7, 0x0fa7, 0x0cf3, 0x0cf5, 0x0a67, 0x0a68, 0x07b4, 0x07b1, 
0x10f2, 0x10ef, 0x0e36, 0x0e34, 0x0538, 0x0536, 0x08ea, 0x08e8, 
0x107c, 0x107d, 0x1607, 0x160a, 0x1a72, 0x1a73, 0x3266, 0x3268, 
0x3942, 0x3944, 0x1f57, 0x1f5c, 0x0361, 0x0368, 0xef05, 0xef06, 
0xe21e, 0xe218, 0xcdd4, 0xcdce, 0xc5be, 0xc5bb, 0xc60a, 0xc607, 
0xc9b0, 0xc9ab, 0xdf58, 0xdf58, 0xf341, 0xf343, 0xf334, 0xf330, 
0xeb44, 0xeb40, 0xed8e, 0xed93, 0xe7ef, 0xe7f9, 0xe457, 0xe45d, 
0xf5c0, 0xf5c2, 0x0233, 0x0236, 0xf838, 0xf83c, 0xecee, 0xecf3, 
0xf43e, 0xf447, 0xfb98, 0xfba1, 0x0059, 0x005a, 0x143d, 0x143a, 
0x2eff, 0x2efd, 0x3ff7, 0x3ff3, 0x44d7, 0x44cf, 0x4583, 0x457b, 
0x4300, 0x42f9, 0x30e8, 0x30e3, 0x2845, 0x2844, 0x39be, 0x39c3, 
0x39ad, 0x39b2, 0x1e92, 0x1e92, 0xf9b7, 0xf9b3, 0xddce, 0xddc7, 
0xcc57, 0xcc50, 0xbe2b, 0xbe25, 0xbc86, 0xbc83, 0xb88f, 0xb892, 
0xbd17, 0xbd19, 0xcad7, 0xcad7, 0xd400, 0xd3fe, 0xd93d, 0xd93d, 
0xe043, 0xe043, 0xf5c0, 0xf5bb, 0xfd26, 0xfd21, 0x014f, 0x014c, 
0x0fc5, 0x0fc5, 0x1e3c, 0x1e41, 0x22d5, 0x22dd, 0x19ef, 0x19f7, 
0x20e1, 0x20ea, 0x1e50, 0x1e59, 0x0bba, 0x0bc1, 0x01b4, 0x01ba, 
0xfba2, 0xfba6, 0xfa5f, 0xfa5e, 0xf934, 0xf934, 0xf8d7, 0xf8da, 
0xf5a3, 0xf5a0, 0xe9fe, 0xe9f5, 0xf1e2, 0xf1d9, 0x1730, 0x1727, 
0x37e4, 0x37df, 0x3e68, 0x3e68, 0x3054, 0x3053, 0x2148, 0x2145, 
0x0e0e, 0x0e0e, 0xf6b0, 0xf6b0, 0xef76, 0xef74, 0xe99d, 0xe99b, 
0xe746, 0xe744, 0xf133, 0xf136, 0xf8f8, 0xf8fe, 0xec92, 0xec96, 
0xe371, 0xe375, 0xf176, 0xf177, 0xf631, 0xf62a, 0xfc12, 0xfc07, 
0x08c4, 0x08ba, 0x186c, 0x186a, 0x0eec, 0x0ef0, 0xf2fb, 0xf302, 
0xf3c5, 0xf3cd, 0xf71c, 0xf724, 0xf4c9, 0xf4ce, 0xeeb8, 0xeebe, 
0xeabb, 0xeabf, 0xede2, 0xede6, 0xf81a, 0xf81d, 0x0e56, 0x0e59, 
0x12be, 0x12bd, 0x06aa, 0x06a7, 0x03e5, 0x03e7, 0x10ec, 0x10ee, 
0x1c11, 0x1c0f, 0x19c1, 0x19bc, 0x0fe3, 0x0fe0, 0x0049, 0x004a, 
0xee8d, 0xee91, 0xe02c, 0xe030, 0xdb8a, 0xdb8c, 0xdbe9, 0xdbea, 
0xe353, 0xe357, 0x0009, 0x000f, 0x1e72, 0x1e72, 0x1e1c, 0x1e1a, 
0x1fa1, 0x1fa0, 0x24a0, 0x24a1, 0x1887, 0x1889, 0x10cb, 0x10cc, 
0x12db, 0x12da, 0x2006, 0x2001, 0x0e6f, 0x0e6c, 0xebf5, 0xebf6, 
0xde26, 0xde28, 0xda4b, 0xda4c, 0xe38f, 0xe38d, 0xe07c, 0xe077, 
0xe27b, 0xe279, 0xe9e0, 0xe9e0, 0xeb25, 0xeb22, 0xf615, 0xf60d, 
0xf6fd, 0xf6f4, 0xf362, 0xf35b, 0xfe0b, 0xfe0c, 0x1c19, 0x1c1b, 
0x3303, 0x3301, 0x3348, 0x3344, 0x2fc3, 0x2fbf, 0x2566, 0x2566, 
0x1796, 0x1798, 0x0f59, 0x0f5d, 0x0405, 0x0409, 0xf45b, 0xf462, 
0xe2a3, 0xe2a8, 0xdfdd, 0xdfe0, 0xe659, 0xe658, 0xdfaf, 0xdfab, 
0xdcc0, 0xdcbf, 0xdaf4, 0xdaf8, 0xd64d, 0xd652, 0xd437, 0xd438, 
0xe2fc, 0xe2fb, 0x0bc1, 0x0bc2, 0x15e1, 0x15e5, 0x0c06, 0x0c07, 
0x0fcc, 0x0fcc, 0x12af, 0x12af, 0x1596, 0x1596, 0x1042, 0x1042, 
0x0f51, 0x0f4f, 0x1058, 0x1058, 0x1667, 0x166a, 0x229b, 0x229d, 
0x1929, 0x1927, 0x037f, 0x037f, 0xfd22, 0xfd26, 0x1228, 0x122e, 
0x2a6d, 0x2a70, 0x3387, 0x338a, 0x3597, 0x359e, 0x252b, 0x2532, 
0x0444, 0x0447, 0xec27, 0xec27, 0xe585, 0xe584, 0xdcba, 0xdcb7, 
0xce88, 0xce85, 0xcb40, 0xcb3e, 0xcdff, 0xcdfc, 0xd422, 0xd41b, 
0xdea8, 0xdea6, 0xe94e, 0xe950, 0xecd0, 0xecd0, 0xe68b, 0xe687, 
0xe8ca, 0xe8c6, 0xf8b2, 0xf8af, 0xf8f4, 0xf8f4, 0xe8f5, 0xe8fa, 
0xe517, 0xe51c, 0xeca1, 0xeca3, 0xf2cc, 0xf2c9, 0xf7a8, 0xf7a2, 
0xfc23, 0xfc1a, 0x0420, 0x0416, 0x1d4d, 0x1d49, 0x3ddb, 0x3ddb, 
0x4b94, 0x4b93, 0x4322, 0x431c, 0x3be4, 0x3be0, 0x4369, 0x4367, 
0x481d, 0x4819, 0x4ab3, 0x4aab, 0x46ce, 0x46c5, 0x3258, 0x3250, 
0x0a08, 0x0a04, 0xdf99, 0xdf9c, 0xd1a5, 0xd1ad, 0xc44d, 0xc452, 
0xb74b, 0xb749, 0xba5c, 0xba5c, 0xc529, 0xc529, 0xcdde, 0xcddb, 
0xca62, 0xca5e, 0xce8f, 0xce8b, 0xcf18, 0xcf18, 0xd36f, 0xd36e, 
0xec4b, 0xec48, 0x0592, 0x058f, 0x123e, 0x123d, 0x05fa, 0x05fa, 
0x00a5, 0x00a1, 0x100a, 0x1005, 0x1dd1, 0x1dce, 0x2574, 0x2572, 
0x22f0, 0x22f0, 0x17c9, 0x17c8, 0x0e37, 0x0e33, 0x11e1, 0x11df, 
0x1633, 0x1634, 0x004f, 0x004e, 0xef7b, 0xef7b, 0xf502, 0xf4ff, 
0xf77f, 0xf778, 0x0985, 0x097e, 0x21bc, 0x21ba, 0x2be5, 0x2be9, 
0x21cc, 0x21d2, 0x1162, 0x116a, 0x0c04, 0x0c08, 0xfbee, 0xfbf0, 
0xec61, 0xec67, 0xe2ef, 0xe2f4, 0xeabe, 0xeabb, 0xfa77, 0xfa71, 
0xfa28, 0xfa25, 0xfafe, 0xfaff, 0xeaee, 0xeaf4, 0xdce3, 0xdce8, 
0xe7ba, 0xe7bb, 0x0176, 0x0175, 0x1579, 0x1575, 0x0f79, 0x0f6f, 
0x085d, 0x0858, 0xfed4, 0xfed5, 0xf645, 0xf647, 0xfba0, 0xfba0, 
0x00b1, 0x00b1, 0xfc1f, 0xfc20, 0xf1d1, 0xf1d8, 0xf750, 0xf757, 
0x04d4, 0x04d6, 0xfd76, 0xfd75, 0xf9c8, 0xf9c8, 0x087c, 0x0880, 
0x1443, 0x1449, 0x1d93, 0x1d98, 0x24d9, 0x24da, 0x1f58, 0x1f57, 
0x0367, 0x0369, 0xebc6, 0xebca, 0xe522, 0xe525, 0xdcdd, 0xdce0, 
0xd2f7, 0xd2fb, 0xc8e3, 0xc8e9, 0xd43a, 0xd442, 0xec91, 0xec96, 
0x0731, 0x0732, 0x1f05, 0x1f03, 0x21f7, 0x21f4, 0x1fe2, 0x1fde, 
0x1d6d, 0x1d6f, 0x27fd, 0x2804, 0x2e96, 0x2e95, 0x21c5, 0x21bc, 
0x17e9, 0x17e0, 0x023f, 0x0237, 0xec13, 0xec0e, 0xe7c1, 0xe7be, 
0xe970, 0xe96e, 0xe248, 0xe245, 0xdcf4, 0xdced, 0xf353, 0xf34e, 
0x05d5, 0x05d5, 0xfb86, 0xfb89, 0xe955, 0xe955, 0xe7aa, 0xe7a6, 
0xf9fc, 0xf9f9, 0x12d6, 0x12d6, 0x2e6e, 0x2e6b, 0x3936, 0x3935, 
0x2353, 0x2354, 0x0a48, 0x0a48, 0x04b9, 0x04ba, 0x055b, 0x055a, 
0xfaf3, 0xfaee, 0xf2bb, 0xf2bb, 0xf26e, 0xf271, 0xebf1, 0xebef, 
0xf01d, 0xf016, 0xf2c0, 0xf2bc, 0xe59d, 0xe59e, 0xd9ad, 0xd9b0, 
0xcf97, 0xcf9b, 0xd5d3, 0xd5db, 0xe457, 0xe45d, 0xed4e, 0xed51, 
0xf91d, 0xf91f, 0x009f, 0x009e, 0x07a6, 0x07a5, 0x11ca, 0x11cb, 
0x1e36, 0x1e35, 0x1419, 0x1416, 0x00a8, 0x00a5, 0x11f6, 0x11f6, 
0x2c70, 0x2c6d, 0x2c9f, 0x2c9b, 0x19dd, 0x19dd, 0x0dc8, 0x0dcc, 
0x08c7, 0x08cb, 0x12e1, 0x12e2, 0x2f99, 0x2f97, 0x3e52, 0x3e4d, 
0x3883, 0x387f, 0x22ec, 0x22eb, 0x0c4c, 0x0c49, 0xf6bf, 0xf6bc, 
0xe04e, 0xe04b, 0xd99c, 0xd99a, 0xd6a1, 0xd6a0, 0xcf9d, 0xcfa1, 
0xcf58, 0xcf5c, 0xd62c, 0xd62e, 0xd68e, 0xd692, 0xd121, 0xd124, 
0xd8ae, 0xd8ad, 0xedad, 0xedaf, 0xfafb, 0xfafd, 0xfce3, 0xfce2, 
0xf721, 0xf723, 0xe877, 0xe878, 0xdd14, 0xdd13, 0xe59b, 0xe59d, 
0xfa05, 0xfa09, 0xf526, 0xf526, 0xe6b0, 0xe6aa, 0xf44a, 0xf443, 
0x19b1, 0x19ab, 0x316d, 0x316c, 0x3218, 0x3218, 0x3cc1, 0x3cbe, 
0x4191, 0x418c, 0x4aa5, 0x4aa2, 0x5c7a, 0x5c7a, 0x5f1f, 0x5f20, 
0x552d, 0x552c, 0x39b3, 0x39b2, 0x1c90, 0x1c8d, 0xf55f, 0xf55a, 
0xd465, 0xd45c, 0xc536, 0xc52c, 0xb556, 0xb553, 0xb671, 0xb66f, 
0xc6e1, 0xc6db, 0xdc87, 0xdc86, 0xe030, 0xe036, 0xc951, 0xc955, 
0xbe57, 0xbe56, 0xcce3, 0xcce4, 0xe64b, 0xe64e, 0xfe75, 0xfe79, 
0x0a3e, 0x0a46, 0x027b, 0x0282, 0xf18b, 0xf18e, 0xfcab, 0xfcab, 
0x1783, 0x177d, 0x1917, 0x1910, 0x1406, 0x1405, 0x1884, 0x1886, 
0x299b, 0x299e, 0x2ba6, 0x2bac, 0x13b3, 0x13bc, 0x067f, 0x0685, 
0xfc02, 0xfc05, 0xfa5e, 0xfa5c, 0x01e0, 0x01dd, 0x0d56, 0x0d5a, 
0x1109, 0x1110, 0x0830, 0x0833, 0x0c34, 0x0c39, 0x049b, 0x04a3, 
0xfd13, 0xfd19, 0xfefb, 0xfefe, 0xf0d0, 0xf0d3, 0xe26f, 0xe271, 
0xe9dc, 0xe9de, 0x0655, 0x0651, 0x12a8, 0x12a4, 0x0391, 0x0392, 
0xf2a2, 0xf2a4, 0xec08, 0xec09, 0xf517, 0xf514, 0x0222, 0x021c, 
0x0c8e, 0x0c87, 0x0fa3, 0x0f9f, 0x0399, 0x0397, 0x014e, 0x014d, 
0x082a, 0x082a, 0xfc6f, 0xfc70, 0xedaa, 0xedab, 0xf3f3, 0xf3f3, 
0x06d9, 0x06d8, 0x0975, 0x0975, 0xfeda, 0xfedd, 0xf449, 0xf449, 
0xebc1, 0xebbb, 0xf7a1, 0xf79b, 0x1341, 0x133d, 0x2bbd, 0x2bbb, 
0x2e5d, 0x2e5f, 0x1e60, 0x1e65, 0x07d3, 0x07d6, 0xeab0, 0xeaab, 
0xdc9a, 0xdc96, 0xdcd7, 0xdcd8, 0xd571, 0xd575, 0xc254, 0xc256, 
0xc43f, 0xc43d, 0xe87d, 0xe879, 0x00e1, 0x00dc, 0x054b, 0x0547, 
0x087b, 0x0878, 0x13d4, 0x13d2, 0x23ec, 0x23ee, 0x2e4e, 0x2e51, 
0x33d8, 0x33d8, 0x2c4c, 0x2c4c, 0x1d69, 0x1d6b, 0x134d, 0x134e, 
0x0f2e, 0x0f2c, 0x0220, 0x021b, 0xe4dd, 0xe4db, 0xda65, 0xda67, 
0xe6fa, 0xe6fa, 0xf90a, 0xf90d, 0x0637, 0x063d, 0x0089, 0x0090, 
0xee67, 0xee6b, 0xe3a5, 0xe3a8, 0xf5a4, 0xf5a7, 0x13e0, 0x13e0, 
0x274f, 0x274a, 0x305a, 0x3057, 0x2231, 0x222e, 0x059b, 0x0597, 
0xf6d6, 0xf6d4, 0xf57a, 0xf57a, 0xf495, 0xf496, 0xe4ba, 0xe4bd, 
0xe3a5, 0xe3a8, 0xff32, 0xff35, 0x0828, 0x082a, 0xf5b0, 0xf5b3, 
0xe09f, 0xe09f, 0xddcb, 0xddc8, 0xde8b, 0xde8f, 0xe11c, 0xe121, 
0xec2a, 0xec2b, 0xe5c5, 0xe5c0, 0xde3a, 0xde36, 0xe777, 0xe777, 
0xff71, 0xff72, 0x11be, 0x11bf, 0x1079, 0x107c, 0x0db1, 0x0db5, 
0x1038, 0x103e, 0x21ef, 0x21f3, 0x30c5, 0x30c9, 0x32b8, 0x32bd, 
0x2874, 0x2879, 0x16f9, 0x16f9, 0x19d6, 0x19d4, 0x25d3, 0x25d6, 
0x299b, 0x29a2, 0x2cb4, 0x2cb7, 0x285d, 0x285a, 0x14e8, 0x14e7, 
0x02ec, 0x02f2, 0xf9d6, 0xf9de, 0xe7ca, 0xe7d4, 0xcad4, 0xcadd, 
0xc762, 0xc767, 0xdf78, 0xdf78, 0xef84, 0xef81, 0xe97a, 0xe97a, 
0xd741, 0xd743, 0xd048, 0xd04b, 0xd4df, 0xd4e1, 0xe772, 0xe771, 
0xfe87, 0xfe84, 0x0286, 0x0284, 0xf4cd, 0xf4ca, 0xe882, 0xe882, 
0xebef, 0xebf7, 0xeb0c, 0xeb18, 0xeaf0, 0xeafa, 0xeae1, 0xeae6, 
0xea43, 0xea41, 0xfa9e, 0xfa99, 0x0c95, 0x0c93, 0x1a0d, 0x1a0c, 
0x191b, 0x191a, 0x1935, 0x1934, 0x3211, 0x3211, 0x4de0, 0x4de2, 
0x5cd2, 0x5cd8, 0x5c68, 0x5c6f, 0x542b, 0x542e, 0x3d8c, 0x3d8f, 
0x21d1, 0x21d1, 0x162a, 0x1628, 0xff62, 0xff65, 0xd53a, 0xd542, 
0xb854, 0xb85b, 0xbc20, 0xbc26, 0xd365, 0xd365, 0xde17, 0xde16, 
0xd9b7, 0xd9ba, 0xd053, 0xd058, 0xc7d1, 0xc7d2, 0xd0b9, 0xd0b7, 
0xe348, 0xe346, 0xf593, 0xf592, 0xf8c0, 0xf8c1, 0xf6a0, 0xf6a1, 
0xfcd4, 0xfcd2, 0xfaa2, 0xfa9f, 0xfdd4, 0xfdd5, 0xfee6, 0xfee7, 
0xffab, 0xffab, 0x14f1, 0x14f1, 0x2e9e, 0x2e9b, 0x38e8, 0x38e6, 
0x2165, 0x2164, 0x0961, 0x0960, 0x0994, 0x0991, 0x0f7c, 0x0f7c, 
0x1933, 0x1933, 0x19ff, 0x19ff, 0x11b6, 0x11b8, 0xfdd0, 0xfdd2, 
0xe9fb, 0xe9f8, 0xefd0, 0xefce, 0xf8bc, 0xf8c0, 0xee4a, 0xee4d, 
0xe0d0, 0xe0d1, 0xe9e5, 0xe9ec, 0x00c1, 0x00c7, 0x0816, 0x0816, 
0x09a1, 0x09a4, 0x0787, 0x078c, 0xfcf2, 0xfcf3, 0xfdb3, 0xfdb3, 
0x0407, 0x0407, 0x01c2, 0x01c1, 0xf854, 0xf857, 0xf699, 0xf69d, 
0x01a6, 0x01a9, 0x0c5b, 0x0c5c, 0x0e9d, 0x0e9e, 0x00fb, 0x00fa, 
0xf319, 0xf314, 0xf9d0, 0xf9d1, 0x0ea6, 0x0eae, 0x1c83, 0x1c89, 
0x0e2d, 0x0e2d, 0xf516, 0xf513, 0xed26, 0xed25, 0xf48d, 0xf48f, 
0x05dc, 0x05df, 0x19f2, 0x19f3, 0x239b, 0x239a, 0x1878, 0x1876, 
0x024f, 0x024e, 0xf3a0, 0xf3a1, 0xe7c7, 0xe7ca, 0xd29e, 0xd2a1, 
0xbf09, 0xbf0c, 0xc291, 0xc293, 0xd3e0, 0xd3e0, 0xe331, 0xe32f, 
0xec20, 0xec1c, 0xf01a, 0xf018, 0xf2fe, 0xf2ff, 0x06f2, 0x06f6, 
0x2bda, 0x2bde, 0x3964, 0x3965, 0x34ac, 0x34aa, 0x2e05, 0x2e04, 
0x283e, 0x2844, 0x28bd, 0x28c5, 0x222b, 0x222f, 0x125e, 0x125f, 
0xf917, 0xf916, 0xe5f1, 0xe5ef, 0xeb3b, 0xeb3c, 0xf842, 0xf843, 
0xfac5, 0xfac3, 0xf1d7, 0xf1d5, 0xee49, 0xee4b, 0xf45f, 0xf460, 
0xf8f2, 0xf8ef, 0x066b, 0x0668, 0x177b, 0x1781, 0x18a8, 0x18b1, 
0x114b, 0x1152, 0x064f, 0x0652, 0x00c0, 0x00c0, 0xf177, 0xf178, 
0xdbc6, 0xdbc3, 0xdb87, 0xdb85, 0xee67, 0xee69, 0x0c19, 0x0c1a, 
0x157f, 0x157c, 0x0cbc, 0x0cb6, 0xf91f, 0xf91b, 0xeb6d, 0xeb6f, 
0xf793, 0xf79a, 0xf7bc, 0xf7c4, 0xea15, 0xea19, 0xdd54, 0xdd5c, 
0xd594, 0xd59c, 0xdac1, 0xdac2, 0xe59a, 0xe59b, 0xf5dc, 0xf5df, 
0xfc37, 0xfc36, 0xfff5, 0xfff0, 0x18a7, 0x18a7, 0x2a43, 0x2a49, 
0x2a70, 0x2a72, 0x2485, 0x2483, 0x1f11, 0x1f13, 0x238c, 0x238e, 
0x266c, 0x266d, 0x2d84, 0x2d87, 0x2fff, 0x3006, 0x2202, 0x220b, 
0x11d3, 0x11d9, 0x0a2e, 0x0a30, 0x130b, 0x1308, 0x0a0e, 0x0a08, 
0xeb94, 0xeb8f, 0xd9bd, 0xd9b9, 0xda27, 0xda25, 0xeaf3, 0xeaf2, 
0xf8d7, 0xf8d8, 0xf4b9, 0xf4b8, 0xdd94, 0xdd8e, 0xce0d, 0xce09, 
0xdaaa, 0xdaaa, 0xe696, 0xe694, 0xea7d, 0xea7c, 0xee39, 0xee38, 
0xf256, 0xf253, 0xf752, 0xf750, 0xf471, 0xf471, 0xed70, 0xed6e, 
0xe376, 0xe373, 0xde71, 0xde6f, 0xec83, 0xec84, 0xfde9, 0xfdea, 
0x0471, 0x0470, 0x00eb, 0x00eb, 0xfcb1, 0xfcb3, 0x0459, 0x045a, 
0x1c45, 0x1c43, 0x40f3, 0x40ef, 0x5dde, 0x5dde, 0x606d, 0x606f, 
0x507c, 0x507c, 0x4287, 0x4287, 0x3d07, 0x3d0a, 0x2cd0, 0x2cd2, 
0x080e, 0x080f, 0xe502, 0xe500, 0xd190, 0xd18e, 0xcd71, 0xcd70, 
0xd753, 0xd751, 0xdc1b, 0xdc19, 0xd038, 0xd037, 0xce27, 0xce27, 
0xdbc2, 0xdbc2, 0xe353, 0xe353, 0xddaa, 0xdda8, 0xdb0d, 0xdb0c, 
0xe878, 0xe878, 0xf4c8, 0xf4ca, 0xfbf0, 0xfbf4, 0xfe6e, 0xfe72, 
0xf7ab, 0xf7ab, 0xf065, 0xf063, 0xf75a, 0xf75b, 0x12f6, 0x12f9, 
0x2a0b, 0x2a0d, 0x2f28, 0x2f29, 0x277b, 0x277c, 0x15ab, 0x15aa, 
0x0f54, 0x0f4f, 0x1905, 0x1901, 0x23a3, 0x23a5, 0x1ad5, 0x1ad7, 
0x00b1, 0x00b1, 0xf194, 0xf196, 0xec88, 0xec8e, 0xe98b, 0xe98d, 
0xe0c1, 0xe0bd, 0xd9b0, 0xd9af, 0xe412, 0xe415, 0xf5fb, 0xf5fc, 
0x0af0, 0x0aed, 0x1078, 0x1078, 0x02b7, 0x02b9, 0xfe6f, 0xfe6e, 
0x08d4, 0x08d1, 0x1573, 0x1574, 0x0e85, 0x0e86, 0xfcf4, 0xfcf9, 
0xf873, 0xf879, 0xf44b, 0xf44e, 0xf930, 0xf935, 0x08a7, 0x08ae, 
0x0a2f, 0x0a2f, 0xffe2, 0xffde, 0xfb0c, 0xfb0a, 0x0747, 0x074b, 
0x1494, 0x1498, 0x1bbd, 0x1bbd, 0x1444, 0x1442, 0xfb80, 0xfb7d, 
0xf2f7, 0xf2f2, 0xfc3d, 0xfc34, 0x0d11, 0x0d04, 0x14e9, 0x14df, 
0x0e1d, 0x0e18, 0x0dd2, 0x0dd1, 0x1148, 0x1148, 0x0538, 0x0539, 
0xe4f0, 0xe4f2, 0xcb27, 0xcb2a, 0xc18c, 0xc189, 0xc5d2, 0xc5d2, 
0xda26, 0xda2e, 0xe776, 0xe77f, 0xdf17, 0xdf16, 0xd88c, 0xd889, 
0xe74f, 0xe74e, 0x0313, 0x0313, 0x198a, 0x198c, 0x25bf, 0x25c0, 
0x2f34, 0x2f31, 0x3194, 0x318f, 0x32cc, 0x32c7, 0x37ab, 0x37a7, 
0x33c5, 0x33c2, 0x1dd9, 0x1dd9, 0x082a, 0x082f, 0xfffd, 0x0006, 
0xfafa, 0xfb01, 0xf9c5, 0xf9c6, 0xf37f, 0xf37e, 0xe8da, 0xe8d8, 
0xe6ed, 0xe6e9, 0xf704, 0xf701, 0x09a4, 0x09a6, 0x06c4, 0x06c5, 
0xfeaa, 0xfea6, 0x01b2, 0x01ad, 0x0dd2, 0x0dce, 0x0cd3, 0x0cd3, 
0xfb16, 0xfb13, 0xe8f9, 0xe8f5, 0xd71d, 0xd719, 0xd5d2, 0xd5cf, 
0xeaa1, 0xea9e, 0x04e1, 0x04e1, 0x0e1a, 0x0e1d, 0x035f, 0x0361, 
0x0298, 0x0298, 0x07fa, 0x07f6, 0x0623, 0x061d, 0x0159, 0x0157, 
0xf3e2, 0xf3e1, 0xe6f0, 0xe6f0, 0xdd8f, 0xdd90, 0xdb97, 0xdb98, 
0xde61, 0xde5f, 0xd93c, 0xd93b, 0xe1dc, 0xe1de, 0xf7d5, 0xf7d7, 
0x11e0, 0x11da, 0x2553, 0x2547, 0x248c, 0x2482, 0x1b5f, 0x1b59, 
0x128a, 0x1289, 0x21fc, 0x21fa, 0x3d6f, 0x3d65, 0x3f91, 0x3f84, 
0x315e, 0x3158, 0x238c, 0x2390, 0x1a8e, 0x1a92, 0x0f91, 0x0f94, 
0x0632, 0x0632, 0xfe46, 0xfe42, 0xe98c, 0xe989, 0xddba, 0xddba, 
0xe233, 0xe231, 0xf241, 0xf242, 0xfdb0, 0xfdb4, 0xef26, 0xef28, 
0xe880, 0xe880, 0xebf6, 0xebf6, 0xe853, 0xe851, 0xe58d, 0xe58e, 
0xe3ee, 0xe3f2, 0xe7b5, 0xe7b3, 0xeecc, 0xeec6, 0xfaab, 0xfaac, 
0xf9ba, 0xf9bd, 0xe32a, 0xe329, 0xd805, 0xd7ff, 0xdb0b, 0xdb05, 
0xe639, 0xe637, 0xf9a9, 0xf9ab, 0x0349, 0x034d, 0xfc62, 0xfc64, 
0xf254, 0xf255, 0xfb5f, 0xfb5f, 0x1b4a, 0x1b4a, 0x396c, 0x3968, 
0x49be, 0x49ba, 0x54de, 0x54de, 0x5a13, 0x5a12, 0x4fc8, 0x4fc1, 
0x3ffd, 0x3ff4, 0x3064, 0x305d, 0x13d7, 0x13d3, 0xf74d, 0xf74b, 
0xec08, 0xec06, 0xea13, 0xea13, 0xe08f, 0xe092, 0xcef9, 0xcefc, 
0xc962, 0xc961, 0xd367, 0xd365, 0xded7, 0xded9, 0xdec9, 0xdecd, 
0xd5b9, 0xd5bd, 0xcfb8, 0xcfb7, 0xd6f2, 0xd6ef, 0xe950, 0xe94f, 
0xf700, 0xf700, 0xf8d1, 0xf8d2, 0xf6bd, 0xf6be, 0xfba5, 0xfba4, 
0xffb0, 0xffb0, 0x0ec5, 0x0ec4, 0x298b, 0x2986, 0x321f, 0x321b, 
0x2a0d, 0x2a0a, 0x2266, 0x2266, 0x29b5, 0x29b8, 0x2f04, 0x2f06, 
0x24c3, 0x24c4, 0x1ea8, 0x1eaa, 0x1321, 0x131f, 0xfeef, 0xfeee, 
0xec1c, 0xec1d, 0xd90e, 0xd90e, 0xc69f, 0xc69f, 0xba49, 0xba4b, 
0xc911, 0xc916, 0xeae8, 0xeaf0, 0xfd86, 0xfd8b, 0xfe7b, 0xfe7e, 
0xf860, 0xf862, 0xfc4c, 0xfc50, 0x09c1, 0x09c1, 0x1116, 0x1113, 
0x14eb, 0x14ed, 0x0dd0, 0x0dd5, 0x07c7, 0x07c8, 0x0265, 0x0265, 
0xfc76, 0xfc78, 0xfeb2, 0xfeb0, 0x01b3, 0x01ae, 0x09a4, 0x09a0, 
0x08b9, 0x08b9, 0x0b19, 0x0b18, 0x1c13, 0x1c11, 0x1ef6, 0x1ef1, 
0x10c2, 0x10be, 0x0481, 0x0480, 0x0d31, 0x0d33, 0x1409, 0x140a, 
0x0aa7, 0x0aa9, 0x0a5a, 0x0a61, 0x07b2, 0x07b9, 0x047a, 0x047b, 
0x0845, 0x0842, 0xfd24, 0xfd21, 0xe2aa, 0xe2a9, 0xc364, 0xc361, 
0xb8d1, 0xb8cf, 0xc90b, 0xc910, 0xd6f1, 0xd6f5, 0xdc13, 0xdc17, 
0xd963, 0xd967, 0xdb78, 0xdb7d, 0xe2fe, 0xe301, 0xedce, 0xedcb, 
0x022a, 0x0225, 0x130d, 0x130e, 0x24b6, 0x24bb, 0x3490, 0x3492, 
0x38ce, 0x38ce, 0x3740, 0x3741, 0x33d8, 0x33d9, 0x2f2d, 0x2f30, 
0x2321, 0x2325, 0x1b8a, 0x1b8e, 0x1d32, 0x1d39, 0x118f, 0x1198, 
0xf3b6, 0xf3ba, 0xdda3, 0xdda7, 0xe85e, 0xe864, 0xfdaa, 0xfda8, 
0x03d1, 0x03ce, 0x0465, 0x0469, 0xffb5, 0xffbd, 0xfad6, 0xfadd, 
0x00f3, 0x00f5, 0x042f, 0x0429, 0xf95e, 0xf959, 0xe42e, 0xe42c, 
0xd899, 0xd898, 0xdd1c, 0xdd1e, 0xe4d7, 0xe4dc, 0xeee8, 0xeee6, 
0xfc61, 0xfc59, 0x0465, 0x045f, 0x0907, 0x0905, 0x0c17, 0x0c14, 
0x075d, 0x0758, 0x006a, 0x0065, 0xfca7, 0xfca5, 0xfa83, 0xfa85, 
0xf3d7, 0xf3de, 0xe7ae, 0xe7b8, 0xddad, 0xddb4, 0xd54b, 0xd54e, 
0xd21f, 0xd21e, 0xe1c9, 0xe1c8, 0x055a, 0x0559, 0x2289, 0x2285, 
0x1cdc, 0x1cd9, 0x0d51, 0x0d51, 0x1505, 0x1509, 0x27ac, 0x27b5, 
0x35f7, 0x35fe, 0x41ad, 0x41b2, 0x42b9, 0x42be, 0x34ae, 0x34af, 
0x23c3, 0x23c2, 0x14bc, 0x14bc, 0xfd5a, 0xfd59, 0xea54, 0xea50, 
0xe507, 0xe504, 0xe807, 0xe802, 0xed78, 0xed71, 0xed51, 0xed4f, 
0xf0cd, 0xf0cc, 0xf0f7, 0xf0f3, 0xf28d, 0xf28b, 0xf884, 0xf888, 
0xf43e, 0xf446, 0xec48, 0xec4e, 0xe282, 0xe285, 0xde66, 0xde66, 
0xe3c1, 0xe3bf, 0xe9dd, 0xe9db, 0xf0bc, 0xf0bc, 0xef3d, 0xef3d, 
0xe2f3, 0xe2f1, 0xdff9, 0xdff7, 0xf21b, 0xf21c, 0x0694, 0x0698, 
0x0462, 0x0460, 0xf8f6, 0xf8f0, 0xfdb6, 0xfdae, 0x0625, 0x061f, 
0x0e60, 0x0e60, 0x1b04, 0x1b06, 0x2c26, 0x2c24, 0x39d5, 0x39d1, 
0x456c, 0x456e, 0x4d4c, 0x4d4f, 0x3b5f, 0x3b5f, 0x22c2, 0x22c3, 
0x1318, 0x1319, 0x0d0d, 0x0d0c, 0x09a9, 0x09a9, 0xff4f, 0xff4e, 
0xf41e, 0xf41a, 0xe058, 0xe053, 0xcfbc, 0xcfbb, 0xd19d, 0xd19d, 
0xd8fe, 0xd900, 0xdd96, 0xdd99, 0xdec2, 0xdec6, 0xdd81, 0xdd82, 
0xdde1, 0xdddd, 0xe141, 0xe138, 0xe9c5, 0xe9bd, 0xf3a1, 0xf39d, 
0xf40b, 0xf40a, 0xf83d, 0xf840, 0x08c6, 0x08c8, 0x16c0, 0x16bc, 
0x1299, 0x1295, 0x0d32, 0x0d30, 0x1593, 0x1593, 0x21df, 0x21e0, 
0x29c5, 0x29c5, 0x2cfa, 0x2cf9, 0x2d62, 0x2d5f, 0x2526, 0x2522, 
0x1f3c, 0x1f3a, 0x152a, 0x1528, 0xfaf9, 0xfaf7, 0xdbff, 0xdbff, 
0xc543, 0xc545, 0xc010, 0xc012, 0xc64c, 0xc652, 0xd698, 0xd69d, 
0xef43, 0xef3f, 0xfafb, 0xfaf5, 0xfb98, 0xfb98, 0x00d2, 0x00d6, 
0x0779, 0x077b, 0x0ac8, 0x0ac6, 0x12b0, 0x12ae, 0x17f3, 0x17f0, 
0x1374, 0x1371, 0x0deb, 0x0dec, 0x03f0, 0x03f3, 0xfa8d, 0xfa8e, 
0xf775, 0xf771, 0xf9c7, 0xf9c3, 0x0b44, 0x0b44, 0x1a4a, 0x1a4b, 
0x175e, 0x175e, 0x0d8a, 0x0d8e, 0x0ac8, 0x0acd, 0x1160, 0x1168, 
0x1173, 0x117e, 0x14d2, 0x14d8, 0x16dc, 0x16de, 0x0ba4, 0x0ba7, 
0x087d, 0x087d, 0x09eb, 0x09ea, 0x0326, 0x0329, 0xf490, 0xf497, 
0xe32f, 0xe331, 0xd7d1, 0xd7cf, 0xcb7a, 0xcb7a, 0xccbd, 0xccbe, 
0xd8e4, 0xd8e7, 0xdad5, 0xdadb, 0xd8e9, 0xd8f0, 0xda75, 0xda7a, 
0xe1cd, 0xe1cf, 0xe565, 0xe564, 0xec19, 0xec17, 0xfba0, 0xfba0, 
0x0b86, 0x0b86, 0x1bf9, 0x1bf9, 0x25b5, 0x25b5, 0x2c76, 0x2c72, 
0x2820, 0x2818, 0x2123, 0x211f, 0x3000, 0x2fff, 0x374e, 0x374c, 
0x2e2c, 0x2e24, 0x1eaf, 0x1ea8, 0x07ea, 0x07eb, 0xf841, 0xf848, 
0xf3df, 0xf3e6, 0xfeb6, 0xfeb8, 0x0bc4, 0x0bc3, 0x0aa6, 0x0aa3, 
0x05cb, 0x05c9, 0x0026, 0x0026, 0xfcbe, 0xfcbe, 0xf1f2, 0xf1f4, 
0xe7f5, 0xe7fa, 0xe52f, 0xe534, 0xddb3, 0xddb7, 0xe140, 0xe143, 
0xebdd, 0xebdf, 0xeb18, 0xeb17, 0xee49, 0xee47, 0xfc0b, 0xfc0e, 
0x020d, 0x0212, 0x01f4, 0x01f6, 0x028a, 0x028d, 0xfd4e, 0xfd57, 
0xf85e, 0xf862, 0xf829, 0xf829, 0xf2cd, 0xf2d0, 0xf159, 0xf160, 
0xeb9f, 0xeba8, 0xe551, 0xe556, 0xf10f, 0xf10e, 0xffd8, 0xffd7, 
0x0d0e, 0x0d0e, 0x17a2, 0x17a1, 0x1a63, 0x1a64, 0x12a0, 0x12a3, 
0x0f56, 0x0f59, 0x1d84, 0x1d86, 0x2d19, 0x2d1b, 0x354f, 0x3553, 
0x32e3, 0x32e7, 0x318d, 0x3191, 0x2c0c, 0x2c10, 0x1814, 0x1813, 
0xff8a, 0xff8a, 0xf1c2, 0xf1c4, 0xeb8c, 0xeb8a, 0xe136, 0xe135, 
0xe295, 0xe297, 0xe1ee, 0xe1ee, 0xd7f2, 0xd7f5, 0xdb39, 0xdb3e, 
0xe2dd, 0xe2e2, 0xe47c, 0xe47a, 0xeee4, 0xeede, 0xfd50, 0xfd4c, 
0x060a, 0x0609, 0x0420, 0x041d, 0x05c2, 0x05bb, 0x0b5c, 0x0b53, 
0x0297, 0x0296, 0xfa52, 0xfa58, 0xecd6, 0xecdc, 0xe71a, 0xe719, 
0xf083, 0xf07e, 0xf5cd, 0xf5c9, 0xf4c8, 0xf4ca, 0xe413, 0xe417, 
0xd9ab, 0xd9ab, 0xe609, 0xe608, 0xfe43, 0xfe3f, 0x0818, 0x0812, 
0x118f, 0x118b, 0x2840, 0x2840, 0x27d0, 0x27ce, 0x231e, 0x231b, 
0x222b, 0x2223, 0x147b, 0x1474, 0x112f, 0x1130, 0x16fb, 0x1701, 
0x198c, 0x198f, 0x1b78, 0x1b7b, 0x1904, 0x1907, 0x15b9, 0x15bb, 
0x0b31, 0x0b31, 0x04ed, 0x04ed, 0x0568, 0x056b, 0x07ec, 0x07f2, 
0x018e, 0x0190, 0xdfe1, 0xdfe1, 0xd33f, 0xd340, 0xe07b, 0xe07c, 
0xe4eb, 0xe4ed, 0xe87e, 0xe881, 0xe53b, 0xe53e, 0xe120, 0xe127, 
0xed14, 0xed1b, 0xfab2, 0xfab4, 0xf49a, 0xf49a, 0xf0e3, 0xf0e4, 
0xf833, 0xf834, 0xfbc2, 0xfbc4, 0x0e70, 0x0e73, 0x1b8e, 0x1b8f, 
0x18d4, 0x18d2, 0x26e7, 0x26e5, 0x30c6, 0x30c4, 0x2474, 0x246f, 
0x1022, 0x101e, 0xfca6, 0xfcab, 0xedd8, 0xede1, 0xe4ad, 0xe4b2, 
0xe989, 0xe988, 0xefa5, 0xefa2, 0xf79e, 0xf79a, 0xf7c5, 0xf7c0, 
0xe457, 0xe456, 0xdc7d, 0xdc7f, 0xecc3, 0xecca, 0x069c, 0x06a5, 
0x1436, 0x1438, 0x0a38, 0x0a33, 0xfdaa, 0xfda5, 0x0445, 0x0442, 
0xffef, 0xfff2, 0xe94a, 0xe951, 0xec92, 0xec98, 0xf99e, 0xf99f, 
0xfc68, 0xfc67, 0x0b51, 0x0b53, 0x0ede, 0x0ee6, 0x033b, 0x0341, 
0x0992, 0x0993, 0x1d99, 0x1d9c, 0x2828, 0x282a, 0x25bf, 0x25ba, 
0x2975, 0x2970, 0x2f32, 0x2f31, 0x31c7, 0x31c7, 0x2cac, 0x2cad, 
0x1a4e, 0x1a51, 0x0e40, 0x0e41, 0xf38c, 0xf38a, 0xcb8d, 0xcb8f, 
0xbc28, 0xbc2e, 0xc4bc, 0xc4c2, 0xd349, 0xd34f, 0xdf7b, 0xdf83, 
0xdad7, 0xdadf, 0xc731, 0xc735, 0xcf93, 0xcf95, 0xe18e, 0xe18e, 
0xda7e, 0xda7c, 0xdfb5, 0xdfba, 0xeacf, 0xead9, 0xefbe, 0xefc5, 
0xfe0b, 0xfe0c, 0x01cc, 0x01c9, 0x06c3, 0x06bd, 0x1c87, 0x1c81, 
0x3a1b, 0x3a17, 0x47fc, 0x47fc, 0x4440, 0x4441, 0x401b, 0x401c, 
0x368f, 0x3690, 0x3594, 0x3597, 0x337c, 0x337e, 0x2b48, 0x2b46, 
0x2faf, 0x2fad, 0x20a2, 0x20a3, 0xf836, 0xf833, 0xde10, 0xde0b, 
0xd8cb, 0xd8ca, 0xddcc, 0xddd0, 0xe691, 0xe697, 0xdd9d, 0xdda2, 
0xcfac, 0xcfab, 0xdd29, 0xdd24, 0xe7be, 0xe7b9, 0xe21b, 0xe219, 
0xedda, 0xeddd, 0xed44, 0xed49, 0xe3c3, 0xe3c5, 0xf2d7, 0xf2d2, 
0xf4d5, 0xf4d0, 0xe8b8, 0xe8b8, 0xf167, 0xf167, 0x0aba, 0x0ab9, 
0x09b5, 0x09b6, 0xfd60, 0xfd60, 0xfe63, 0xfe62, 0x042d, 0x042d, 
0x145f, 0x1462, 0x1c7c, 0x1c82, 0x1f99, 0x1f9a, 0x23d5, 0x23d3, 
0x0f51, 0x0f50, 0xea92, 0xea90, 0xdf04, 0xdf05, 0xeba8, 0xebab, 
0x08d8, 0x08d6, 0x2e29, 0x2e21, 0x2f6b, 0x2f62, 0x225e, 0x225a, 
0x27c1, 0x27c3, 0x1c53, 0x1c56, 0x032d, 0x032c, 0xfbd5, 0xfbd6, 
0xf263, 0xf264, 0xe78a, 0xe78a, 0xe707, 0xe704, 0xdff1, 0xdfee, 
0xd4bb, 0xd4b7, 0xd9be, 0xd9bb, 0xef80, 0xef80, 0xfdc3, 0xfdc4, 
0x07b2, 0x07b0, 0x083c, 0x083b, 0x0fff, 0x1004, 0x217b, 0x217e, 
0x1a5b, 0x1a5b, 0x1485, 0x1483, 0x19b3, 0x19b1, 0x052a, 0x0529, 
0xddfb, 0xddfc, 0xcea6, 0xceaa, 0xd447, 0xd44f, 0xe598, 0xe5a2, 
0xfdd1, 0xfdda, 0xf7c1, 0xf7c5, 0xeab8, 0xeab9, 0xf6e5, 0xf6e6, 
0xff0b, 0xff11, 0x06a2, 0x06a4, 0x14e9, 0x14e6, 0x16e4, 0x16e4, 
0x127e, 0x1282, 0x0ec5, 0x0ec7, 0x0185, 0x0185, 0xec99, 0xec9c, 
0xf41f, 0xf421, 0x0d6e, 0x0d6d, 0x1410, 0x1414, 0x1b0b, 0x1b14, 
0x1f9a, 0x1f9f, 0x2105, 0x2104, 0x1eb2, 0x1eb0, 0x1094, 0x1095, 
0x1117, 0x1118, 0x1901, 0x18ff, 0x02d5, 0x02ce, 0xdbb4, 0xdba8, 
0xbe89, 0xbe7f, 0xb24f, 0xb24a, 0xc646, 0xc645, 0xe6ee, 0xe6f0, 
0xe9d3, 0xe9d6, 0xeaee, 0xeaf3, 0x0021, 0x0024, 0x02d2, 0x02d0, 
0x01a3, 0x019e, 0x0c63, 0x0c60, 0x0b50, 0x0b4f, 0x07bb, 0x07ba, 
0x127b, 0x127c, 0x15c7, 0x15c9, 0x0a7a, 0x0a7f, 0x12ad, 0x12b7, 
0x21da, 0x21e4, 0x1f4a, 0x1f53, 0x1353, 0x135d, 0x03fc, 0x0400, 
0x0541, 0x053f, 0x0872, 0x0872, 0xf814, 0xf816, 0xff28, 0xff27, 
0x19ec, 0x19ec, 0x09fe, 0x0a00, 0xe412, 0xe412, 0xcd69, 0xcd67, 
0xc98e, 0xc989, 0xe4d1, 0xe4c8, 0x02e5, 0x02e1, 0x0269, 0x0268, 
0xfbde, 0xfbde, 0x004b, 0x004d, 0x00b5, 0x00b5, 0x0049, 0x0044, 
0x04a3, 0x049d, 0x0747, 0x0747, 0x0be1, 0x0be7, 0x10e2, 0x10e9, 
0x039f, 0x039f, 0xf4c4, 0xf4c2, 0xf7f8, 0xf7fa, 0x0227, 0x022a, 
0x10f0, 0x10f4, 0x1bd6, 0x1bdb, 0x1ff1, 0x1ff2, 0x305d, 0x305d, 
0x3922, 0x3924, 0x297c, 0x297a, 0x2914, 0x2915, 0x2f9d, 0x2fa1, 
0x142f, 0x1435, 0xea2e, 0xea33, 0xc348, 0xc34e, 0xb112, 0xb11c, 
0xcaf6, 0xcafd, 0xdf83, 0xdf85, 0xcfd8, 0xcfd8, 0xc6f1, 0xc6ef, 
0xcc78, 0xcc71, 0xd2d9, 0xd2d3, 0xdaf5, 0xdaf2, 0xe512, 0xe514, 
0xe8fa, 0xe8fa, 0xef57, 0xef52, 0xff27, 0xff24, 0xfb08, 0xfb09, 
0xf30e, 0xf30c, 0x03d1, 0x03d1, 0x2223, 0x2227, 0x374a, 0x374e, 
0x3897, 0x3898, 0x372e, 0x372e, 0x426b, 0x426b, 0x3bbb, 0x3bb9, 
0x2a86, 0x2a87, 0x3c3d, 0x3c44, 0x4d4e, 0x4d50, 0x3b39, 0x3b3a, 
0x1738, 0x173a, 0xebba, 0xebb5, 0xce0d, 0xce05, 0xd5e6, 0xd5e1, 
0xe26a, 0xe267, 0xd86e, 0xd86a, 0xd13d, 0xd138, 0xd37e, 0xd37a, 
0xdca9, 0xdca4, 0xe404, 0xe3ff, 0xe39f, 0xe39b, 0xe3fa, 0xe3f3, 
0xed61, 0xed5b, 0xf8e6, 0xf8e8, 0xf23f, 0xf243, 0xe738, 0xe738, 
0xe974, 0xe973, 0xf834, 0xf834, 0x0702, 0x0704, 0x0189, 0x018a, 
0xf6b9, 0xf6b9, 0x0bd7, 0x0bd5, 0x1a94, 0x1a93, 0x12cb, 0x12c9, 
0x208f, 0x208c, 0x2f9f, 0x2f9f, 0x257a, 0x257f, 0x07ba, 0x07c0, 
0xe86b, 0xe870, 0xe64c, 0xe650, 0x04bb, 0x04c1, 0x1eb1, 0x1eb7, 
0x2231, 0x2236, 0x2228, 0x222a, 0x1cc7, 0x1ccb, 0x106e, 0x1079, 
0x07fa, 0x0808, 0xfafb, 0xfb02, 0xee2c, 0xee2c, 0xf33b, 0xf336, 
0xfa37, 0xfa2f, 0xee96, 0xee8f, 0xde03, 0xddff, 0xd910, 0xd90d, 
0xe57b, 0xe57a, 0xf8be, 0xf8bf, 0xf9da, 0xf9d6, 0xfacc, 0xfac5, 
0x140a, 0x1404, 0x1937, 0x1932, 0x1219, 0x1216, 0x1e93, 0x1e90, 
0x1e45, 0x1e48, 0x1330, 0x1338, 0x03bf, 0x03c6, 0xe0ca, 0xe0d0, 
0xcffa, 0xd001, 0xe3f7, 0xe3f8, 0xf159, 0xf156, 0xea5d, 0xea59, 
0xe55c, 0xe558, 0xe9a9, 0xe9a6, 0xf729, 0xf72b, 0x07d8, 0x07df, 
0x0bf5, 0x0bf9, 0x0ee4, 0x0ee6, 0x1634, 0x1639, 0x10eb, 0x10f0, 
0x0422, 0x0428, 0xf70c, 0xf714, 0xed83, 0xed8b, 0xfc94, 0xfc98, 
0x13c4, 0x13c4, 0x11c2, 0x11c3, 0x165f, 0x1660, 0x2a16, 0x2a19, 
0x241a, 0x241f, 0x1b65, 0x1b66, 0x239b, 0x239a, 0x2658, 0x2657, 
0x1b38, 0x1b3a, 0xfb77, 0xfb7a, 0xd038, 0xd039, 0xbc5b, 0xbc5c, 
0xc18c, 0xc18d, 0xcc32, 0xcc31, 0xdcdb, 0xdcd9, 0xe6f6, 0xe6f3, 
0xe920, 0xe91c, 0xf76b, 0xf764, 0x05d0, 0x05ce, 0x0345, 0x0349, 
0x0228, 0x022b, 0x107c, 0x107b, 0x1d2f, 0x1d2f, 0x1d4d, 0x1d4e, 
0x19cc, 0x19cf, 0x146d, 0x1470, 0x1903, 0x1905, 0x1a54, 0x1a57, 
0x0417, 0x041a, 0xf941, 0xf941, 0xfdc1, 0xfdc1, 0xf738, 0xf739, 
0xf7a7, 0xf7aa, 0x0458, 0x0458, 0x0eec, 0x0ee9, 0x0c54, 0x0c55, 
0xf361, 0xf367, 0xd268, 0xd270, 0xcc41, 0xcc46, 0xe38f, 0xe38c, 
0xf154, 0xf150, 0xf78c, 0xf789, 0xffa1, 0xffa0, 0xfc3c, 0xfc37, 
0xfbba, 0xfbaf, 0xffd1, 0xffc6, 0x017f, 0x0175, 0x07b1, 0x07a5, 
0x0fdb, 0x0fd0, 0x0ffd, 0x0ff5, 0x0c31, 0x0c2e, 0x02c9, 0x02c6, 
0xf02a, 0xf025, 0xfb73, 0xfb70, 0x0ff7, 0x0ff6, 0x0d7a, 0x0d7a, 
0x1e6e, 0x1e73, 0x3545, 0x354e, 0x2f73, 0x2f76, 0x2b2d, 0x2b2a, 
0x2e9a, 0x2e97, 0x2c79, 0x2c76, 0x2306, 0x2304, 0x02e8, 0x02e6, 
0xd8f4, 0xd8f2, 0xca19, 0xca1a, 0xd1c4, 0xd1c7, 0xd201, 0xd202, 
0xd0e9, 0xd0e8, 0xcd72, 0xcd71, 0xc758, 0xc758, 0xd579, 0xd57c, 
0xdebb, 0xdebe, 0xda2f, 0xda2f, 0xe4fc, 0xe4fe, 0xf176, 0xf179, 
0xee78, 0xee77, 0xf097, 0xf092, 0xf7d0, 0xf7ce, 0xfd14, 0xfd14, 
0x14a3, 0x14a1, 0x23cd, 0x23ca, 0x276c, 0x2769, 0x37ec, 0x37e7, 
0x3c3e, 0x3c38, 0x3594, 0x3591, 0x3a95, 0x3a95, 0x45de, 0x45e1, 
0x564d, 0x5650, 0x5b6d, 0x5b6e, 0x346e, 0x346b, 0xfdc5, 0xfdc3, 
0xe45a, 0xe45d, 0xd7cc, 0xd7d1, 0xc8ee, 0xc8ee, 0xc51a, 0xc516, 
0xc5bb, 0xc5b3, 0xc765, 0xc75c, 0xd714, 0xd70e, 0xe2f6, 0xe2f6, 
0xde78, 0xde7c, 0xe26a, 0xe26e, 0xef71, 0xef75, 0xf88b, 0xf88b, 
0xfef5, 0xfef3, 0xf702, 0xf704, 0xf028, 0xf02c, 0xfee5, 0xfee4, 
0xfabc, 0xfab8, 0xee44, 0xee43, 0xfb85, 0xfb84, 0x086a, 0x0865, 
0x0969, 0x0961, 0x0d60, 0x0d5a, 0x1cc9, 0x1cc4, 0x2d8f, 0x2d8b, 
0x2cae, 0x2cae, 0x0eb3, 0x0eb2, 0xef25, 0xef22, 0xf397, 0xf397, 
0x0649, 0x0649, 0x0fbc, 0x0fbb, 0x1444, 0x1441, 0x1348, 0x1346, 
0x13b5, 0x13b9, 0x1729, 0x1730, 0x0c29, 0x0c29, 0xf897, 0xf895, 
0xf8e5, 0xf8e4, 0xfdb9, 0xfdb7, 0xfb2c, 0xfb2b, 0xfb08, 0xfb09, 
0xe830, 0xe82f, 0xd6de, 0xd6e3, 0xe576, 0xe57f, 0xed8d, 0xed92, 
0xf02f, 0xf02b, 0xfc25, 0xfc21, 0x0217, 0x0219, 0x05ef, 0x05ef, 
0x0768, 0x0762, 0x0b8a, 0x0b86, 0x207c, 0x207b, 0x30b0, 0x30ad, 
0x1721, 0x171e, 0xf25e, 0xf25e, 0xf08f, 0xf08e, 0xf336, 0xf336, 
0xe714, 0xe711, 0xe1c1, 0xe1bd, 0xe00a, 0xe007, 0xe79c, 0xe79a, 
0xfed4, 0xfed1, 0x078d, 0x078b, 0xfe99, 0xfe9a, 0x0241, 0x0243, 
0x0c27, 0x0c25, 0x0d75, 0x0d71, 0x04b7, 0x04b4, 0xef11, 0xef12, 
0xec51, 0xec55, 0x007a, 0x007a, 0x06f1, 0x06f1, 0x1140, 0x113f, 
0x1e70, 0x1e72, 0x1a8d, 0x1a8f, 0x17a0, 0x17a3, 0x1c75, 0x1c78, 
0x22aa, 0x22ad, 0x320a, 0x320a, 0x37dd, 0x37d8, 0x155b, 0x1555, 
0xe775, 0xe773, 0xd181, 0xd180, 0xca87, 0xca8a, 0xc97c, 0xc97e, 
0xcf2d, 0xcf2d, 0xd3c5, 0xd3c9, 0xe494, 0xe49b, 0xfbfc, 0xfc02, 
0xf9b4, 0xf9bb, 0xf0f9, 0xf101, 0xf960, 0xf967, 0x0a5a, 0x0a5d, 
0x23b8, 0x23b9, 0x2f37, 0x2f38, 0x1a41, 0x1a3e, 0x1218, 0x1214, 
0x1f15, 0x1f13, 0x19c2, 0x19c3, 0x0d12, 0x0d13, 0x0333, 0x0332, 
0xfae6, 0xfae1, 0xf646, 0xf63e, 0xf345, 0xf340, 0xf89d, 0xf89c, 
0x0bbc, 0x0bb9, 0x0e2a, 0x0e24, 0xed49, 0xed41, 0xd40b, 0xd405, 
0xd3c7, 0xd3c0, 0xd606, 0xd5fe, 0xd724, 0xd71c, 0xdd96, 0xdd94, 
0xe350, 0xe353, 0xeef3, 0xeef2, 0x0217, 0x0216, 0x092d, 0x092d, 
0x075b, 0x075b, 0x0b8c, 0x0b91, 0x18d0, 0x18da, 0x2905, 0x290d, 
0x20cb, 0x20cf, 0x03df, 0x03e3, 0xfbdc, 0xfbe4, 0x0605, 0x060d, 
0x1190, 0x1192, 0x2165, 0x2161, 0x25b7, 0x25b5, 0x239b, 0x239e, 
0x2946, 0x2949, 0x2919, 0x291c, 0x20b5, 0x20b7, 0x2733, 0x2733, 
0x2d7a, 0x2d7c, 0x0cc6, 0x0cca, 0xe4d7, 0xe4d9, 0xd67f, 0xd67e, 
0xcc21, 0xcc1f, 0xc047, 0xc043, 0xba2a, 0xba28, 0xbde0, 0xbde2, 
0xcdb1, 0xcdb2, 0xdc5c, 0xdc56, 0xdd7f, 0xdd79, 0xdb18, 0xdb12, 
0xddb5, 0xddad, 0xe349, 0xe346, 0xf48f, 0xf48d, 0xfa2c, 0xfa2c, 
0xef6f, 0xef72, 0xf874, 0xf875, 0x0dea, 0x0de9, 0x1aa3, 0x1aa6, 
0x26fb, 0x2702, 0x303f, 0x3042, 0x33e6, 0x33e2, 0x3a46, 0x3a44, 
0x426a, 0x426e, 0x4e67, 0x4e6e, 0x5f59, 0x5f5e, 0x6105, 0x6105, 
0x4118, 0x4117, 0x1ac2, 0x1ac6, 0xf965, 0xf968, 0xdafc, 0xdafa, 
0xd0b0, 0xd0aa, 0xc73d, 0xc736, 0xbfd8, 0xbfd3, 0xcc39, 0xcc35, 
0xd9e0, 0xd9de, 0xd95b, 0xd959, 0xd3a6, 0xd3a5, 0xd44a, 0xd44f, 
0xe227, 0xe22e, 0xfaab, 0xfab0, 0xfb22, 0xfb29, 0xec3c, 0xec3e, 
0xeabb, 0xeab8, 0xeacf, 0xeacf, 0xecac, 0xecaf, 0xf947, 0xf945, 
0x030d, 0x0307, 0x0af4, 0x0af1, 0x15a3, 0x15a4, 0x17ab, 0x17ab, 
0x1b00, 0x1b01, 0x2ec2, 0x2ec4, 0x35a5, 0x35a6, 0x19e3, 0x19e2, 
0x0632, 0x0633, 0x03e8, 0x03ed, 0xfedd, 0xfee4, 0xf9af, 0xf9b5, 
0xf72b, 0xf72d, 0xfe2d, 0xfe2f, 0x069f, 0x06a3, 0x0a95, 0x0a98, 
0x0d77, 0x0d79, 0x0890, 0x0892, 0xfd14, 0xfd15, 0x0451, 0x0454, 
0x17f2, 0x17f4, 0x0c50, 0x0c4d, 0xf13b, 0xf135, 0xe670, 0xe66c, 
0xe560, 0xe55f, 0xe86b, 0xe86d, 0xef5e, 0xef62, 0xf443, 0xf448, 
0xf6b9, 0xf6bf, 0xf868, 0xf86c, 0xfae9, 0xfaec, 0x0342, 0x0344, 
0x1d55, 0x1d55, 0x2e9d, 0x2ea2, 0x2222, 0x222e, 0x100a, 0x1012, 
0xfccb, 0xfcce, 0xf23a, 0xf23d, 0xe7da, 0xe7dd, 0xd86c, 0xd86b, 
0xdc23, 0xdc1c, 0xf322, 0xf31f, 0x01d8, 0x01dd, 0xfe7e, 0xfe82, 
0xfb85, 0xfb80, 0xf9ec, 0xf9e6, 0x0131, 0x0129, 0x0d68, 0x0d61, 
0x05ce, 0x05c9, 0xf45e, 0xf45a, 0xe9db, 0xe9db, 0xea13, 0xea18, 
0xf206, 0xf207, 0xf943, 0xf93e, 0xff55, 0xff50, 0x076a, 0x0767, 
0x118c, 0x1189, 0x1843, 0x183f, 0x1e17, 0x1e17, 0x3571, 0x3575, 
0x3d44, 0x3d48, 0x2957, 0x2955, 0x13de, 0x13d7, 0xfb1d, 0xfb19, 
0xebb7, 0xebb5, 0xe1fe, 0xe201, 0xda0f, 0xda1b, 0xd7c7, 0xd7d2, 
0xe0d0, 0xe0d4, 0xeff8, 0xeffb, 0xf517, 0xf51e, 0xf027, 0xf02a, 
0xed30, 0xed2f, 0x06e0, 0x06de, 0x2324, 0x2321, 0x1aa9, 0x1aa3, 
0x0c8b, 0x0c87, 0x0b5e, 0x0b61, 0x0938, 0x0939, 0x0417, 0x0413, 
0x03e9, 0x03e2, 0x0353, 0x034d, 0xfcaf, 0xfcac, 0xfd21, 0xfd20, 
0xf989, 0xf988, 0xf60a, 0xf60d, 0x05e8, 0x05ea, 0x0b90, 0x0b8d, 
0x0350, 0x034d, 0xf6ad, 0xf6af, 0xe7f7, 0xe7fe, 0xe46c, 0xe474, 
0xdebb, 0xdec0, 0xd555, 0xd557, 0xd9ca, 0xd9ca, 0xedb5, 0xedb8, 
0xfff1, 0xffef, 0x0ee7, 0x0ee2, 0x14c7, 0x14c5, 0x0c9e, 0x0ca1, 
0x17a9, 0x17ac, 0x2d41, 0x2d3f, 0x26b2, 0x26a8, 0x10fd, 0x10f4, 
0x02b2, 0x02ae, 0x0987, 0x0986, 0x12ee, 0x12f0, 0x106c, 0x1070, 
0x0e5e, 0x0e5c, 0x1239, 0x1232, 0x1549, 0x1544, 0x095e, 0x095d, 
0x0b28, 0x0b25, 0x1a33, 0x1a2e, 0x1c67, 0x1c62, 0x168a, 0x1688, 
0x0255, 0x025a, 0xea1a, 0xea1b, 0xdb8a, 0xdb86, 0xced5, 0xced4, 
0xc28d, 0xc292, 0xc4de, 0xc4e2, 0xd76c, 0xd76c, 0xea7a, 0xea78, 
0xf1cf, 0xf1cd, 0xe66c, 0xe66a, 0xda94, 0xda91, 0xe540, 0xe53b, 
0xf3b8, 0xf3b3, 0xf67a, 0xf676, 0xf3c7, 0xf3c2, 0xedb4, 0xedb1, 
0xf669, 0xf66a, 0x0660, 0x0662, 0x1186, 0x1186, 0x1567, 0x1568, 
0x2140, 0x213f, 0x37e0, 0x37db, 0x401e, 0x401a, 0x4956, 0x4953, 
0x5627, 0x5622, 0x5cd5, 0x5cd2, 0x548c, 0x548d, 0x39d1, 0x39d4, 
0x1aab, 0x1aab, 0xfbc9, 0xfbc6, 0xdfde, 0xdfde, 0xca1b, 0xca1d, 
0xc140, 0xc140, 0xc494, 0xc493, 0xcdbe, 0xcdc1, 0xd9b6, 0xd9bc, 
0xd497, 0xd496, 0xc91b, 0xc917, 0xdadd, 0xdad8, 0xf27d, 0xf277, 
0xf206, 0xf201, 0xe42f, 0xe42b, 0xddfd, 0xddf9, 0xe20c, 0xe206, 
0xe7db, 0xe7d9, 0xf017, 0xf01b, 0xf6a2, 0xf6a5, 0x0884, 0x0886, 
0x162c, 0x162f, 0x18a9, 0x18ac, 0x2375, 0x2377, 0x282c, 0x282e, 
0x2b42, 0x2b47, 0x3368, 0x336b, 0x2ec4, 0x2ec4, 0x1cc8, 0x1cca, 
0x0ddf, 0x0de4, 0x009b, 0x00a0, 0xf4e0, 0xf4e1, 0xf852, 0xf850, 
0x01ba, 0x01b5, 0x0850, 0x0851, 0x1494, 0x149a, 0x0ec6, 0x0ecb, 
0xfda6, 0xfda8, 0xfe44, 0xfe46, 0x00f0, 0x00f4, 0xf8fc, 0xf8fc, 
0xe3f9, 0xe3f4, 0xd36a, 0xd365, 0xd94c, 0xd949, 0xe8fa, 0xe8f8, 
0xe53e, 0xe53a, 0xddfa, 0xddf5, 0xf184, 0xf17e, 0xfae4, 0xfadf, 
0xfafa, 0xfaf6, 0x0ba1, 0x0b9f, 0x1ba1, 0x1ba2, 0x297b, 0x297d, 
0x3642, 0x363e, 0x3393, 0x338c, 0x2087, 0x2084, 0x0420, 0x0422, 
0xe7b5, 0xe7ba, 0xdb6e, 0xdb6e, 0xe359, 0xe356, 0xee2a, 0xee26, 
0xff03, 0xfefd, 0x1257, 0x1252, 0x0674, 0x0674, 0xf74d, 0xf74d, 
0xfb9f, 0xfb9a, 0xfb0e, 0xfb0a, 0xf04f, 0xf04c, 0xe0b3, 0xe0b0, 
0xd7a1, 0xd7a0, 0xdfbd, 0xdfc0, 0xef90, 0xef98, 0xedcc, 0xedd7, 
0xeca7, 0xecac, 0x016b, 0x0167, 0x137b, 0x137a, 0x2345, 0x234c, 
0x33b4, 0x33bc, 0x3932, 0x3937, 0x3fb9, 0x3fba, 0x3d13, 0x3d16, 
0x2801, 0x2808, 0x115d, 0x1162, 0xf7a1, 0xf79f, 0xdb39, 0xdb35, 
0xcf7a, 0xcf7d, 0xda5d, 0xda65, 0xe25e, 0xe263, 0xeca4, 0xeca4, 
0xf994, 0xf992, 0xf1d7, 0xf1d7, 0xef79, 0xef7b, 0x0054, 0x0055, 
0x14aa, 0x14a9, 0x186e, 0x186b, 0x0727, 0x0726, 0xfb6b, 0xfb6e, 
0x0131, 0x0132, 0x02ef, 0x02ed, 0xf015, 0xf010, 0xe5af, 0xe5a9, 
0xf153, 0xf14e, 0xf6e0, 0xf6dc, 0xfb59, 0xfb5a, 0x0460, 0x0463, 
0x076a, 0x076d, 0x100b, 0x100d, 0x1c0e, 0x1c15, 0x1f03, 0x1f0b, 
0x1038, 0x103b, 0xf95a, 0xf955, 0xe2da, 0xe2d4, 0xd1f4, 0xd1f0, 
0xd2d3, 0xd2d4, 0xd924, 0xd929, 0xeada, 0xeadc, 0xff21, 0xff22, 
0x03da, 0x03dc, 0x0b6a, 0x0b6b, 0x1ab6, 0x1ab6, 0x2468, 0x246b, 
0x1ca4, 0x1ca9, 0x0b6e, 0x0b6e, 0xff93, 0xff8d, 0x040b, 0x0407, 
0x111c, 0x111d, 0x09bb, 0x09bf, 0x01e4, 0x01e8, 0x0f26, 0x0f2c, 
0x15af, 0x15b6, 0x15fe, 0x1601, 0x1865, 0x1864, 0x1a9a, 0x1a9a, 
0x20eb, 0x20eb, 0x26e2, 0x26e0, 0x2174, 0x2171, 0x0ab8, 0x0ab8, 
0xf0c9, 0xf0c7, 0xd4d4, 0xd4d1, 0xc74d, 0xc74f, 0xce53, 0xce59, 
0xd170, 0xd174, 0xdd4b, 0xdd4e, 0xe909, 0xe90a, 0xe012, 0xe013, 
0xd6ed, 0xd6ee, 0xe089, 0xe08c, 0xefb3, 0xefb6, 0xf074, 0xf075, 
0xea90, 0xea8f, 0xe9c9, 0xe9c7, 0xf5e6, 0xf5e5, 0x02be, 0x02bf, 
0xfc11, 0xfc11, 0xfeca, 0xfec6, 0x12b8, 0x12b6, 0x21c5, 0x21c6, 
0x3485, 0x3484, 0x453c, 0x4539, 0x4c2f, 0x4c31, 0x5233, 0x5233, 
0x5931, 0x5932, 0x4d6a, 0x4d6c, 0x2cc6, 0x2cc8, 0x0df1, 0x0df2, 
0xed54, 0xed58, 0xd603, 0xd60c, 0xccb5, 0xccbc, 0xc716, 0xc719, 
0xcaa6, 0xcaa8, 0xcc37, 0xcc36, 0xc8e7, 0xc8e8, 0xcd92, 0xcd93, 
0xe05f, 0xe05d, 0xf69b, 0xf699, 0xfd79, 0xfd7b, 0xf272, 0xf273, 
0xe301, 0xe303, 0xe94d, 0xe951, 0xf865, 0xf868, 0xf310, 0xf310, 
0xf506, 0xf505, 0x0781, 0x0780, 0x1395, 0x1395, 0x1719, 0x1717, 
0x1835, 0x1834, 0x185f, 0x1860, 0x19eb, 0x19ea, 0x273a, 0x2734, 
0x3006, 0x2fff, 0x269b, 0x2697, 0x139c, 0x139a, 0xfe6c, 0xfe6c, 
0xf636, 0xf635, 0xf372, 0xf370, 0xf1db, 0xf1da, 0xfbec, 0xfbf0, 
0x03b7, 0x03bf, 0x0096, 0x009b, 0xfe0e, 0xfe10, 0x047c, 0x047e, 
0x079e, 0x079f, 0xfef2, 0xfeef, 0xf04a, 0xf045, 0xe321, 0xe320, 
0xe987, 0xe986, 0xf514, 0xf512, 0xee53, 0xee53, 0xe69d, 0xe6a0, 
0xe964, 0xe967, 0xf401, 0xf404, 0xfed3, 0xfed5, 0x0484, 0x0481, 
0x0ae5, 0x0ae4, 0x18a8, 0x18ab, 0x2c31, 0x2c31, 0x32ef, 0x32ee, 
0x2857, 0x285a, 0x10aa, 0x10aa, 0xf4e0, 0xf4db, 0xec06, 0xec00, 
0xeff1, 0xefef, 0xf4b5, 0xf4b6, 0xfcc5, 0xfcc6, 0x0205, 0x0206, 
0x0037, 0x0035, 0xf8b5, 0xf8b0, 0xf58d, 0xf589, 0xf8c6, 0xf8c4, 
0xf864, 0xf865, 0xeafe, 0xeafd, 0xd9a8, 0xd9a2, 0xde15, 0xde0b, 
0xe3e7, 0xe3e0, 0xd8f2, 0xd8f0, 0xd8a4, 0xd8a8, 0xe8cf, 0xe8d3, 
0x00d3, 0x00d0, 0x18ca, 0x18c5, 0x2885, 0x2882, 0x2b99, 0x2b99, 
0x2a5e, 0x2a5f, 0x3269, 0x326b, 0x3a98, 0x3a9b, 0x381a, 0x3821, 
0x207f, 0x2086, 0x02e9, 0x02eb, 0xf847, 0xf848, 0xeef1, 0xeef4, 
0xe4a3, 0xe4a4, 0xe5b4, 0xe5b1, 0xe93d, 0xe936, 0xebeb, 0xebe2, 
0xf39d, 0xf39b, 0x01f2, 0x01f4, 0x116d, 0x1171, 0x1d86, 0x1d87, 
0x1897, 0x1897, 0x06ba, 0x06bc, 0x02f0, 0x02f7, 0x002d, 0x0034, 
0xf083, 0xf086, 0xe35b, 0xe35a, 0xe0bb, 0xe0b7, 0xe9f9, 0xe9f6, 
0xef82, 0xef84, 0xea37, 0xea39, 0xe5a2, 0xe5a5, 0xeb09, 0xeb10, 
0xfbaa, 0xfbaf, 0x1141, 0x113f, 0x20e8, 0x20e3, 0x10eb, 0x10e7, 
0xf10d, 0xf10d, 0xe331, 0xe337, 0xde0e, 0xde14, 0xdf22, 0xdf21, 
0xeaff, 0xeaf9, 0xfbe1, 0xfbdd, 0x0847, 0x0848, 0x1113, 0x1115, 
0x1a9a, 0x1a95, 0x20ca, 0x20c6, 0x23b2, 0x23b6, 0x1bf1, 0x1bfa, 
0x1399, 0x139b, 0x1888, 0x1887, 0x1929, 0x1929, 0x0e15, 0x0e19, 
0x0407, 0x040c, 0x0200, 0x0201, 0x0626, 0x0622, 0x0bb7, 0x0bb4, 
0x0c1d, 0x0c1e, 0x05f5, 0x05f6, 0x06dc, 0x06db, 0x1419, 0x141a, 
0x220c, 0x2210, 0x2002, 0x2006, 0x0126, 0x0127, 0xdfb8, 0xdfb8, 
0xd2bb, 0xd2ba, 0xcba3, 0xcba2, 0xca91, 0xca94, 0xd431, 0xd437, 
0xd89d, 0xd8a5, 0xd165, 0xd16a, 0xd42c, 0xd42d, 0xdfda, 0xdfd5, 
0xe864, 0xe85f, 0xf3f5, 0xf3f3, 0xf634, 0xf633, 0xf632, 0xf631, 
0x00f5, 0x00f6, 0x0594, 0x0599, 0xfc80, 0xfc82, 0xf7d0, 0xf7cf, 
0x0608, 0x0608, 0x1d3f, 0x1d3c, 0x3323, 0x331b, 0x3d1f, 0x3d17, 
0x40c0, 0x40b8, 0x47c7, 0x47c0, 0x4e35, 0x4e31, 0x5d79, 0x5d77, 
0x6095, 0x6093, 0x3a6f, 0x3a6f, 0x0c48, 0x0c4b, 0xf56c, 0xf56f, 
0xe1ba, 0xe1ba, 0xcb71, 0xcb6b, 0xc4a0, 0xc495, 0xc335, 0xc32b, 
0xbeb7, 0xbeb2, 0xc48e, 0xc489, 0xd2f7, 0xd2f1, 0xe54f, 0xe547, 
0xefa0, 0xef99, 0xe693, 0xe68c, 0xe36c, 0xe368, 0xec41, 0xec43, 
0xef94, 0xef97, 0xecb5, 0xecb6, 0xebc3, 0xebc3, 0xf4b2, 0xf4b1, 
0x06f2, 0x06ed, 0x15bd, 0x15b6, 0x0ed4, 0x0ecc, 0x0441, 0x043e, 
0x0a3e, 0x0a40, 0x1bda, 0x1bda, 0x38c7, 0x38c2, 0x463f, 0x4639, 
0x3623, 0x3623, 0x1c2f, 0x1c32, 0x062f, 0x062f, 0xf8db, 0xf8dd, 
0xf3b7, 0xf3b9, 0xf290, 0xf28f, 0xefaf, 0xefaf, 0xf391, 0xf395, 
0xf954, 0xf958, 0xf763, 0xf764, 0xfa38, 0xfa34, 0xfbca, 0xfbc5, 
0xf20f, 0xf20c, 0xebdd, 0xebd9, 0xf41b, 0xf415, 0xfc76, 0xfc72, 
0xf356, 0xf358, 0xe428, 0xe42c, 0xe657, 0xe65a, 0xf5f3, 0xf5f6, 
0xff29, 0xff2c, 0xfeb8, 0xfeba, 0x0144, 0x0147, 0x0c2e, 0x0c31, 
0x2163, 0x2166, 0x3b09, 0x3b0c, 0x3bb4, 0x3bb7, 0x2248, 0x224a, 
0x0ac1, 0x0ac0, 0xfd38, 0xfd32, 0xf30d, 0xf301, 0xefab, 0xefa1, 
0xf8d8, 0xf8d5, 0xfc91, 0xfc90, 0xf8fa, 0xf8f6, 0xf950, 0xf94a, 
0xfa5f, 0xfa5a, 0xfa72, 0xfa6d, 0xf6db, 0xf6d8, 0xf22c, 0xf22d, 
0xec1e, 0xec24, 0xe8d7, 0xe8da, 0xe7c3, 0xe7c4, 0xdeba, 0xdeba, 
0xd3fb, 0xd3fb, 0xd7e1, 0xd7de, 0xf411, 0xf410, 0x0fdf, 0x0fe2, 
0x1598, 0x159d, 0x1545, 0x1546, 0x1cbf, 0x1cc3, 0x2cc9, 0x2cd1, 
0x3cba, 0x3cc0, 0x3cd6, 0x3cd2, 0x29f2, 0x29eb, 0x153d, 0x153b, 
0x0739, 0x073a, 0xf57b, 0xf57c, 0xe372, 0xe370, 0xdba8, 0xdba6, 
0xdafb, 0xdafe, 0xdfd9, 0xdfdf, 0xe6da, 0xe6de, 0xf44c, 0xf44c, 
0x0d07, 0x0d02, 0x1a95, 0x1a94, 0x158f, 0x1595, 0x0fe3, 0x0fe7, 
0x1207, 0x1206, 0x0c34, 0x0c31, 0xf7de, 0xf7dd, 0xe8f4, 0xe8f5, 
0xe7b8, 0xe7bb, 0xf31c, 0xf320, 0xf9eb, 0xf9f0, 0xf429, 0xf429, 
0xec58, 0xec53, 0xe89e, 0xe89d, 0xfa5b, 0xfa61, 0x158a, 0x158f, 
0x1c09, 0x1c0c, 0x0d5b, 0x0d5a, 0xfe99, 0xfe97, 0xf4dc, 0xf4da, 
0xe477, 0xe478, 0xdadc, 0xdae1, 0xdc7c, 0xdc84, 0xe3d9, 0xe3dd, 
0xf528, 0xf52d, 0x0538, 0x0542, 0x0f0f, 0x0f17, 0x18ce, 0x18d2, 
0x20e7, 0x20ea, 0x1eee, 0x1eef, 0x159d, 0x1599, 0x186b, 0x1863, 
0x21d7, 0x21d7, 0x1b8f, 0x1b90, 0x0afd, 0x0af7, 0x07c3, 0x07bf, 
0x1747, 0x1748, 0x1916, 0x1918, 0x076b, 0x076c, 0xfcdd, 0xfcdb, 
0xfcbe, 0xfcbf, 0x09f7, 0x09f9, 0x19c9, 0x19ca, 0x186b, 0x1868, 
0x0432, 0x0430, 0xf1e0, 0xf1de, 0xecf7, 0xecf5, 0xe140, 0xe141, 
0xd53d, 0xd53f, 0xd022, 0xd025, 0xcfa4, 0xcfa6, 0xd46e, 0xd476, 
0xd3bd, 0xd3c3, 0xd8c7, 0xd8c9, 0xe463, 0xe465, 0xecb3, 0xecb4, 
0xf156, 0xf156, 0xf5c7, 0xf5c8, 0xfb03, 0xfb01, 0xf747, 0xf745, 
0xf1c6, 0xf1c5, 0xef32, 0xef37, 0xf64a, 0xf652, 0x109c, 0x10a3, 
0x2895, 0x2898, 0x32d7, 0x32db, 0x33e6, 0x33ec, 0x376d, 0x3770, 
0x4b3b, 0x4b3a, 0x5c22, 0x5c22, 0x5593, 0x5594, 0x3e5c, 0x3e5e, 
0x2aa0, 0x2aa2, 0x173d, 0x173e, 0xf82d, 0xf82e, 0xdf02, 0xdeff, 
0xcc49, 0xcc46, 0xc4c6, 0xc4c5, 0xcd52, 0xcd51, 0xd344, 0xd342, 
0xdc8d, 0xdc8d, 0xe7e2, 0xe7e6, 0xedee, 0xedf3, 0xe760, 0xe765, 
0xde7e, 0xde82, 0xe3ca, 0xe3c8, 0xe32c, 0xe32c, 0xdbb5, 0xdbb7, 
0xd7bc, 0xd7bd, 0xe7b0, 0xe7b0, 0x01c6, 0x01c7, 0x08c3, 0x08c7, 
0x0d5f, 0x0d66, 0x10e9, 0x10ea, 0x107c, 0x1078, 0x1e59, 0x1e56, 
0x37b9, 0x37b4, 0x439a, 0x4398, 0x3776, 0x3778, 0x2ae4, 0x2ae6, 
0x1f67, 0x1f69, 0x07dc, 0x07de, 0xf264, 0xf262, 0xe398, 0xe394, 
0xe242, 0xe243, 0xebcf, 0xebd5, 0xf146, 0xf14b, 0xf7cf, 0xf7cf, 
0xf92e, 0xf928, 0xfa3e, 0xfa35, 0xfd79, 0xfd76, 0xfe13, 0xfe16, 
0xfe97, 0xfe9c, 0xfb85, 0xfb8a, 0xf4d2, 0xf4d4, 0xe3a6, 0xe3a7, 
0xde32, 0xde36, 0xeccc, 0xecd4, 0xf658, 0xf65a, 0xf94a, 0xf947, 
0xfaf4, 0xfaf4, 0x0542, 0x0545, 0x1c10, 0x1c14, 0x30e5, 0x30e4, 
0x3655, 0x3650, 0x305d, 0x305a, 0x2907, 0x2902, 0x1c8e, 0x1c86, 
0x0dea, 0x0de8, 0x0199, 0x019b, 0xf537, 0xf536, 0xf3c8, 0xf3c6, 
0xf8c8, 0xf8cb, 0xf771, 0xf776, 0xf194, 0xf198, 0xeb75, 0xeb7a, 
0xe784, 0xe786, 0xe6fc, 0xe6f8, 0xec06, 0xec00, 0xea98, 0xea94, 
0xdffa, 0xdff9, 0xd17b, 0xd17b, 0xc8c2, 0xc8c1, 0xd225, 0xd224, 
0xe2b4, 0xe2b1, 0xf879, 0xf874, 0x0dd8, 0x0dd8, 0x106f, 0x1074, 
0x0bea, 0x0bf0, 0x1c95, 0x1c99, 0x38a8, 0x38a8, 0x3b7d, 0x3b7b, 
0x317f, 0x317d, 0x34ad, 0x34ac, 0x31fc, 0x31fb, 0x1fb0, 0x1fad, 
0x030d, 0x0307, 0xecc9, 0xecc3, 0xe8de, 0xe8da, 0xe9a3, 0xe99f, 
0xef59, 0xef59, 0xf45e, 0xf464, 0xfab7, 0xfabb, 0x03f9, 0x03f9, 
0x0a80, 0x0a80, 0x1046, 0x1043, 0x0eb9, 0x0eb2, 0x0b1c, 0x0b17, 
0xf907, 0xf905, 0xe1f7, 0xe1f4, 0xe3b4, 0xe3b2, 0xebe3, 0xebe3, 
0xecff, 0xed00, 0xe9bb, 0xe9be, 0xe14a, 0xe14d, 0xdd3c, 0xdd3c, 
0xe96f, 0xe96f, 0x06a0, 0x06a1, 0x18e2, 0x18df, 0x15de, 0x15d9, 
0x1094, 0x108e, 0x0a9b, 0x0a97, 0x01fa, 0x01f9, 0xe8b3, 0xe8b3, 
0xd2a5, 0xd2a3, 0xdd9d, 0xdd98, 0xf224, 0xf218, 0x003d, 0x0035, 
0x03ee, 0x03ed, 0x0864, 0x0863, 0x10b3, 0x10b2, 0x1565, 0x1567, 
0x1e0b, 0x1e11, 0x2661, 0x2665, 0x2af2, 0x2af2, 0x2303, 0x2302, 
0x1136, 0x1139, 0x0c17, 0x0c1b, 0x0df2, 0x0df6, 0x0ef3, 0x0ef7, 
0x0997, 0x099b, 0xf6ad, 0xf6b3, 0xef01, 0xef06, 0xfc9a, 0xfc9b, 
0x0e92, 0x0e90, 0x103e, 0x1037, 0x0ac7, 0x0ac2, 0x0d69, 0x0d66, 
0x07b7, 0x07b4, 0xfe05, 0xfe02, 0xef64, 0xef62, 0xdd4e, 0xdd4b, 
0xd927, 0xd923, 0xe03e, 0xe03d, 0xe3f3, 0xe3f5, 0xd9c6, 0xd9c6, 
0xd139, 0xd134, 0xd8f2, 0xd8e8, 0xe7e2, 0xe7de, 0xf3b1, 0xf3b1, 
0xfc52, 0xfc4f, 0x004d, 0x004c, 0xf49c, 0xf49e, 0xe46c, 0xe46d, 
0xebee, 0xebf1, 0x00bf, 0x00c4, 0x13d5, 0x13d6, 0x2776, 0x2774, 
0x31b2, 0x31ad, 0x329e, 0x3297, 0x3bcf, 0x3bca, 0x4c93, 0x4c8e, 
0x4b4b, 0x4b4a, 0x3be9, 0x3bed, 0x3194, 0x319c, 0x2af1, 0x2afa, 
0x1749, 0x174f, 0xef02, 0xef01, 0xccb4, 0xccb2, 0xc2f5, 0xc2f4, 
0xc765, 0xc761, 0xc8f1, 0xc8e9, 0xca43, 0xca3f, 0xd0ee, 0xd0ec, 
0xd940, 0xd93c, 0xe602, 0xe5ff, 0xf128, 0xf12b, 0xf75f, 0xf767, 
0xf9da, 0xf9df, 0xf4b6, 0xf4b6, 0xf0d6, 0xf0d6, 0xf6ef, 0xf6f0, 
0x0460, 0x045c, 0x1096, 0x1092, 0x11d0, 0x11cf, 0x0a73, 0x0a75, 
0x045e, 0x045f, 0x1047, 0x104a, 0x2447, 0x244b, 0x2c04, 0x2c07, 
0x3134, 0x3137, 0x330f, 0x330e, 0x2e97, 0x2e93, 0x2036, 0x2034, 
0x032f, 0x032d, 0xe38c, 0xe38b, 0xd866, 0xd866, 0xe7a6, 0xe7a6, 
0xee68, 0xee6b, 0xe45a, 0xe45d, 0xdf80, 0xdf7f, 0xe34a, 0xe347, 
0xec0a, 0xec03, 0xf306, 0xf301, 0xfc25, 0xfc22, 0x0559, 0x0554, 
0xfe51, 0xfe4b, 0xf0f7, 0xf0f4, 0xed5e, 0xed5e, 0xef91, 0xef91, 
0xf149, 0xf144, 0xf872, 0xf868, 0xfecb, 0xfec3, 0xfde9, 0xfde6, 
0x0da5, 0x0da7, 0x22ca, 0x22cf, 0x2500, 0x2502, 0x2368, 0x2365, 
0x284b, 0x2849, 0x2dc7, 0x2dc9, 0x291b, 0x291f, 0x17e6, 0x17e9, 
0x053a, 0x053d, 0x0171, 0x0174, 0x0837, 0x0838, 0x079c, 0x0797, 
0xfe52, 0xfe4a, 0xeb6d, 0xeb6b, 0xdf09, 0xdf0b, 0xe5b7, 0xe5b6, 
0xe8e8, 0xe8e8, 0xe350, 0xe350, 0xdbda, 0xdbd6, 0xd0f6, 0xd0f1, 
0xc857, 0xc855, 0xc92e, 0xc92f, 0xd23a, 0xd23a, 0xe3a4, 0xe3a2, 
0xfc83, 0xfc7f, 0x05d6, 0x05d0, 0x057e, 0x0578, 0x121d, 0x1219, 
0x1ec2, 0x1ec2, 0x28f4, 0x28f9, 0x3452, 0x3456, 0x3e97, 0x3e98, 
0x47d7, 0x47d5, 0x40d5, 0x40d7, 0x20d0, 0x20d4, 0xfc22, 0xfc24, 
0xee00, 0xedfe, 0xf006, 0xf004, 0xf4a4, 0xf4a6, 0xf8e4, 0xf8e8, 
0xf851, 0xf852, 0xfe35, 0xfe32, 0x05fa, 0x05f7, 0x08de, 0x08de, 
0x0d7a, 0x0d7f, 0x05dd, 0x05e3, 0xf498, 0xf498, 0xedfb, 0xedfa, 
0xed2c, 0xed2a, 0xe469, 0xe465, 0xe260, 0xe261, 0xee52, 0xee59, 
0xef72, 0xef78, 0xeb0e, 0xeb13, 0xf1dc, 0xf1e1, 0xffa6, 0xffa9, 
0x0d80, 0x0d7f, 0x1118, 0x1118, 0x1093, 0x1095, 0x1105, 0x1106, 
0x092f, 0x0932, 0xf5a1, 0xf5a4, 0xdf38, 0xdf39, 0xd790, 0xd78e, 
0xe231, 0xe232, 0xf42c, 0xf431, 0xfa2c, 0xfa2c, 0xf61b, 0xf617, 
0xfdc0, 0xfdc1, 0x087c, 0x0882, 0x0f53, 0x0f59, 0x19df, 0x19e2, 
0x2214, 0x2218, 0x2172, 0x2175, 0x1cd8, 0x1cd9, 0x1ac2, 0x1ac8, 
0x1459, 0x145f, 0x0d2c, 0x0d2b, 0x0aec, 0x0aec, 0x04db, 0x04d9, 
0xfee4, 0xfee0, 0xfd8d, 0xfd8c, 0x019c, 0x019f, 0x08d4, 0x08da, 
0x0c33, 0x0c37, 0x0dcd, 0x0dd0, 0x0f84, 0x0f8e, 0x0c84, 0x0c90, 
0xfae1, 0xfae9, 0xe29f, 0xe2a1, 0xd5a8, 0xd5a7, 0xd3f7, 0xd3f4, 
0xda6b, 0xda66, 0xdf0f, 0xdf0b, 0xddc2, 0xddbf, 0xe067, 0xe064, 
0xe821, 0xe81c, 0xf24e, 0xf246, 0xf97d, 0xf975, 0xf833, 0xf831, 
0xf263, 0xf268, 0xf2f4, 0xf2f8, 0xf701, 0xf6fe, 0xf6eb, 0xf6e6, 
0x0319, 0x0317, 0x1959, 0x1957, 0x252f, 0x2529, 0x2d46, 0x2d42, 
0x395a, 0x395a, 0x41b3, 0x41b2, 0x41f1, 0x41f0, 0x3ecb, 0x3eca, 
0x3af3, 0x3af4, 0x3565, 0x3564, 0x2838, 0x2833, 0x0985, 0x0983, 
0xe4ae, 0xe4ad, 0xcd80, 0xcd7e, 0xc826, 0xc826, 0xcbc1, 0xcbc3, 
0xcbe8, 0xcbe6, 0xce01, 0xcdfc, 0xd767, 0xd763, 0xdd00, 0xdcfc, 
0xdef6, 0xdef0, 0xe687, 0xe684, 0xeb4c, 0xeb4f, 0xe645, 0xe64b, 
0xe9ba, 0xe9bd, 0xf7d5, 0xf7d6, 0xfdd4, 0xfdd1, 0x00fb, 0x00fa, 
0x0a55, 0x0a5c, 0x1052, 0x105c, 0x0f9b, 0x0fa1, 0x120a, 0x1209, 
0x1c03, 0x1c01, 0x280e, 0x280f, 0x3077, 0x3075, 0x33be, 0x33ba, 
0x34c5, 0x34c5, 0x2cdd, 0x2ce0, 0x11c4, 0x11c8, 0xf09d, 0xf0a1, 
0xdebb, 0xdebd, 0xdf19, 0xdf16, 0xe61e, 0xe61e, 0xe777, 0xe77a, 
0xe4d7, 0xe4d9, 0xea9b, 0xea9c, 0xf63d, 0xf63a, 0xfc84, 0xfc83, 
0x011f, 0x0120, 0x059c, 0x059c, 0x02af, 0x02ac, 0xfc54, 0xfc4d, 
0xf64e, 0xf648, 0xf038, 0xf034, 0xf10d, 0xf110, 0xf5ff, 0xf605, 
0xf752, 0xf753, 0xfc28, 0xfc26, 0x0581, 0x0582, 0x0ac1, 0x0ac4, 
0x1157, 0x1156, 0x1ca8, 0x1ca1, 0x2500, 0x24f7, 0x2cca, 0x2cc3, 
0x3198, 0x3196, 0x26c2, 0x26c4, 0x1339, 0x133b, 0x0931, 0x0932, 
0x083b, 0x083a, 0x04bb, 0x04b7, 0xfb0c, 0xfb09, 0xf155, 0xf151, 
0xedaf, 0xeda8, 0xe9b3, 0xe9ae, 0xe201, 0xe200, 0xdb75, 0xdb74, 
0xd338, 0xd33a, 0xcbe8, 0xcbea, 0xce22, 0xce1f, 0xd03a, 0xd035, 
0xce23, 0xce20, 0xdc09, 0xdc05, 0xf360, 0xf35b, 0xfc7f, 0xfc7c, 
0x0101, 0x0103, 0x0da2, 0x0da5, 0x19ed, 0x19ef, 0x22d1, 0x22ce, 
0x2cb8, 0x2cb2, 0x382e, 0x3829, 0x4492, 0x4490, 0x4313, 0x4314, 
0x2a92, 0x2a91, 0x0d93, 0x0d95, 0xfba3, 0xfba9, 0xf542, 0xf546, 
0xf4aa, 0xf4a8, 0xf396, 0xf395, 0xf61d, 0xf61e, 0x019b, 0x019d, 
0x07e1, 0x07e6, 0x049c, 0x04a3, 0x03e4, 0x03e9, 0x00f7, 0x00f9, 
0xfbac, 0xfbab, 0xfa3a, 0xfa34, 0xf1f5, 0xf1ee, 0xe25a, 0xe25b, 
0xdf27, 0xdf2c, 0xe6f0, 0xe6f3, 0xec41, 0xec42, 0xefba, 0xefb9, 
0xf30f, 0xf30f, 0xfd13, 0xfd16, 0x0a4f, 0x0a53, 0x0bdc, 0x0bdb, 
0x094b, 0x0944, 0x107b, 0x1075, 0x1167, 0x1162, 0xff80, 0xff79, 
0xebfe, 0xebf9, 0xe490, 0xe490, 0xeae4, 0xeae6, 0xf3d6, 0xf3da, 
0xf539, 0xf53a, 0xf687, 0xf684, 0xfd91, 0xfd8d, 0x05dd, 0x05db, 
0x0ec7, 0x0ec7, 0x1802, 0x1802, 0x1cff, 0x1cff, 0x24ad, 0x24ab, 
0x2948, 0x2944, 0x1b44, 0x1b40, 0x05bf, 0x05bb, 0xfbad, 0xfba5, 
0xfcad, 0xfcaa, 0xfeca, 0xfece, 0xfd19, 0xfd23, 0xf732, 0xf73f, 
0xf7be, 0xf7c8, 0xffc9, 0xffce, 0x043a, 0x043b, 0x08e3, 0x08e7, 
0x153e, 0x1548, 0x1fe8, 0x1fee, 0x1822, 0x1821, 0x01ae, 0x01ab, 
0xed2c, 0xed2c, 0xe569, 0xe56d, 0xe4ab, 0xe4ad, 0xe097, 0xe095, 
0xdcc6, 0xdcc4, 0xde9e, 0xde9c, 0xe695, 0xe696, 0xef82, 0xef83, 
0xf3eb, 0xf3e8, 0xf15b, 0xf154, 0xf11b, 0xf114, 0xf675, 0xf673, 
0xf255, 0xf259, 0xe6b5, 0xe6ba, 0xe709, 0xe709, 0xf993, 0xf98f, 
0x0fe4, 0x0fdf, 0x1d6d, 0x1d6a, 0x2132, 0x212c, 0x2778, 0x2771, 
0x3515, 0x3517, 0x3ae4, 0x3aeb, 0x3a80, 0x3a83, 0x3cc3, 0x3cc2, 
0x3831, 0x382e, 0x2283, 0x2283, 0x0316, 0x0316, 0xe650, 0xe64f, 
0xd8c6, 0xd8ca, 0xda16, 0xda1e, 0xd7f7, 0xd7f9, 0xd41f, 0xd41a, 
0xd5d9, 0xd5d5, 0xd970, 0xd96c, 0xdf8b, 0xdf8b, 0xe896, 0xe89b, 
0xef34, 0xef3a, 0xf977, 0xf97e, 0x0803, 0x0804, 0x06d1, 0x06ce, 
0xf88c, 0xf88d, 0xed92, 0xed99, 0xef99, 0xefa0, 0xfbd9, 0xfbdf, 
0x03c7, 0x03cb, 0x0650, 0x0658, 0x0e75, 0x0e81, 0x2041, 0x2046, 
0x2c5c, 0x2c5c, 0x327a, 0x3279, 0x3c87, 0x3c85, 0x3dc8, 0x3dc7, 
0x2fd9, 0x2fda, 0x14ce, 0x14ce, 0xf438, 0xf43c, 0xe23a, 0xe243, 
0xdc73, 0xdc7b, 0xd64f, 0xd653, 0xd5f3, 0xd5f3, 0xda6e, 0xda6d, 
0xdf70, 0xdf74, 0xe9b2, 0xe9b9, 0xfbdf, 0xfbe1, 0x067d, 0x0679, 
0x07e2, 0x07e2, 0x0f2b, 0x0f2c, 0x07a0, 0x079e, 0xf302, 0xf305, 
0xe691, 0xe696, 0xe44d, 0xe44f, 0xf31f, 0xf31c, 0xff51, 0xff4c, 
0xfd6c, 0xfd67, 0xff10, 0xff0c, 0x0680, 0x067f, 0x0c97, 0x0c96, 
0x1699, 0x1699, 0x29e5, 0x29e5, 0x3876, 0x3877, 0x391f, 0x391e, 
0x2b29, 0x2b29, 0x13e7, 0x13e7, 0x0838, 0x083a, 0x04e1, 0x04e1, 
0xfb56, 0xfb54, 0xf76a, 0xf768, 0xf497, 0xf494, 0xe9c8, 0xe9c4, 
0xe481, 0xe47e, 0xe515, 0xe516, 0xe24b, 0xe24f, 0xdda0, 0xdd9e, 
0xdeff, 0xdef7, 0xe1a9, 0xe1a6, 0xdab4, 0xdab6, 0xd135, 0xd136, 
0xd7a2, 0xd7a4, 0xe900, 0xe8ff, 0xf4ec, 0xf4e8, 0x0087, 0x0085, 
0x083f, 0x0843, 0x0fe7, 0x0feb, 0x1d94, 0x1d98, 0x2894, 0x2899, 
0x38cc, 0x38d1, 0x4369, 0x436c, 0x3947, 0x3948, 0x22fe, 0x2300, 
0x0e86, 0x0e8a, 0x04ab, 0x04a8, 0x008a, 0x0087, 0x0315, 0x0315, 
0x06ae, 0x06ae, 0x09bb, 0x09b9, 0x0b2d, 0x0b2c, 0xff8e, 0xff90, 
0x0023, 0x0026, 0x0503, 0x0507, 0xf7c6, 0xf7c9, 0xf84c, 0xf84b, 
0xf405, 0xf400, 0xdb34, 0xdb30, 0xca83, 0xca7f, 0xc6fd, 0xc6f7, 
0xd60e, 0xd60a, 0xe74c, 0xe74d, 0xefae, 0xefb0, 0xf59e, 0xf5a1, 
0xf754, 0xf756, 0xfa64, 0xfa63, 0xfe67, 0xfe68, 0x0ca3, 0x0ca1, 
0x1542, 0x153d, 0x0c9c, 0x0c97, 0x05a0, 0x059c, 0xfad6, 0xfad1, 
0xfec9, 0xfec5, 0x080b, 0x080b, 0xfbaf, 0xfbb3, 0xfed1, 0xfed4, 
0x0aea, 0x0aed, 0x0755, 0x0758, 0x026e, 0x0271, 0xff33, 0xff38, 
0x070f, 0x0716, 0x1bb4, 0x1bba, 0x2a5b, 0x2a5d, 0x24fe, 0x24fb, 
0x1091, 0x108a, 0xfb87, 0xfb85, 0xf3bb, 0xf3c0, 0xfe05, 0xfe09, 
0x01d0, 0x01ce, 0xff18, 0xff17, 0x02a0, 0x02a4, 0xf7e5, 0xf7ea, 
0xe866, 0xe865, 0xeddb, 0xeddb, 0x0020, 0x001f, 0x10fa, 0x10f4, 
0x1ef3, 0x1eed, 0x19e6, 0x19e6, 0x042c, 0x0431, 0xf741, 0xf748, 
0xeda2, 0xeda6, 0xea4e, 0xea4e, 0xedb1, 0xedad, 0xec27, 0xec25, 
0xeb0d, 0xeb0f, 0xe9cb, 0xe9ce, 0xf959, 0xf95c, 0xffb5, 0xffb2, 
0xf929, 0xf922, 0x0c76, 0x0c73, 0x127c, 0x127f, 0x0afd, 0x0b01, 
0x035f, 0x0365, 0xf93a, 0xf93f, 0x0868, 0x086a, 0x1a48, 0x1a48, 
0x1a08, 0x1a09, 0x09fd, 0x09fe, 0xfa43, 0xfa42, 0xf809, 0xf80a, 
0xef09, 0xef0e, 0xfd91, 0xfd95, 0x0800, 0x0802, 0x08c0, 0x08c1, 
0x2563, 0x2568, 0x0487, 0x048a, 0xe58f, 0xe58f, 0xf943, 0xf943, 
0xef29, 0xef29, 0xe7ae, 0xe7ac, 0xdd3f, 0xdd3d, 0xd039, 0xd039, 
0xd78e, 0xd78d, 0xdb82, 0xdb7f, 0xe086, 0xe084, 0xeecd, 0xeed1, 
0x1c6c, 0x1c71, 0x3aab, 0x3aae, 0x1dc6, 0x1dc9, 0x17f0, 0x17f0, 
0x1ab7, 0x1ab6, 0x1ded, 0x1def, 0x2851, 0x2853, 0x1a36, 0x1a36, 
0x1ae7, 0x1aea, 0x1884, 0x1889, 0x172e, 0x1731, 0x0e76, 0x0e76, 
0x0915, 0x0911, 0x1ecf, 0x1ecd, 0x1e44, 0x1e45, 0x2543, 0x2544, 
0x215f, 0x215e, 0xf361, 0xf361, 0xe135, 0xe13a, 0xdba4, 0xdbac, 
0xde24, 0xde29, 0xe846, 0xe849, 0xd557, 0xd55c, 0xd57b, 0xd57f, 
0xd748, 0xd74c, 0xe284, 0xe28a, 0xdfa2, 0xdfa5, 0xd33a, 0xd339, 
0xf7f1, 0xf7f3, 0xe305, 0xe30a, 0xc82f, 0xc833, 0xe58a, 0xe58c, 
0xeea5, 0xeea6, 0xf48d, 0xf48f, 0xeeac, 0xeeaf, 0xdf8b, 0xdf8c, 
0xf00a, 0xf009, 0xf842, 0xf840, 0xfbd5, 0xfbd1, 0x11ac, 0x11a6, 
0x38d4, 0x38cf, 0x5d1a, 0x5d18, 0x5b04, 0x5b04, 0x5777, 0x5778, 
0x4e48, 0x4e46, 0x448c, 0x4486, 0x33f9, 0x33f2, 0x2489, 0x2489, 
0x217a, 0x217d, 0x0dab, 0x0da9, 0xfedc, 0xfed1, 0xd62c, 0xd620, 
0xb513, 0xb50e, 0xbea5, 0xbea3, 0xc556, 0xc557, 0xd85f, 0xd862, 
0xe338, 0xe33b, 0xced1, 0xced3, 0xccc6, 0xccc6, 0xd26e, 0xd26e, 
0xe4e2, 0xe4e4, 0xfd3f, 0xfd40, 0x0325, 0x0322, 0x06c9, 0x06c5, 
0x0787, 0x0786, 0x2b7e, 0x2b7b, 0x2af8, 0x2af7, 0x1490, 0x1495, 
0x2bff, 0x2c06, 0x2542, 0x2545, 0x0ee5, 0x0ee4, 0x0274, 0x0275, 
0x03ac, 0x03af, 0x0fde, 0x0fe2, 0x0373, 0x0378, 0xecc1, 0xecc4, 
0xdf77, 0xdf79, 0xe1ac, 0xe1ab, 0xe6b1, 0xe6b0, 0xd849, 0xd84a, 
0xf150, 0xf150, 0x14e3, 0x14e1, 0x1870, 0x1870, 0x12a9, 0x12ac, 
0xfd60, 0xfd62, 0x0607, 0x0606, 0x0d4e, 0x0d4c, 0x136a, 0x1364, 
0x22a2, 0x229a, 0x25af, 0x25ab, 0x2e91, 0x2e8e, 0x0f3d, 0x0f3c, 
0xee8d, 0xee8f, 0xf25c, 0xf260, 0xf0c3, 0xf0c6, 0xfe0b, 0xfe0a, 
0x0798, 0x0794, 0xf3a8, 0xf3a4, 0xe036, 0xe033, 0xce49, 0xce49, 
0xccf7, 0xccf9, 0xd7fa, 0xd7f8, 0xf30a, 0xf307, 0xf817, 0xf815, 
0xefae, 0xefaf, 0x20da, 0x20dc, 0x251c, 0x251d, 0x13c3, 0x13c5, 
0x27aa, 0x27aa, 0x2294, 0x2292, 0x191c, 0x191a, 0xffa0, 0xff9d, 
0xefa8, 0xefa2, 0x02b6, 0x02af, 0xfd23, 0xfd1f, 0xe77b, 0xe77c, 
0xce00, 0xce03, 0xce1b, 0xce1f, 0xe3a0, 0xe3a7, 0xd5df, 0xd5e6, 
0xe710, 0xe712, 0x0e95, 0x0e97, 0x273b, 0x273c, 0x32ca, 0x32c5, 
0x249f, 0x2499, 0x26e6, 0x26e4, 0x2534, 0x2537, 0x1a02, 0x1a08, 
0x1345, 0x1345, 0x1f33, 0x1f2d, 0x303e, 0x303b, 0x145b, 0x145b, 
0xf4aa, 0xf4a8, 0xe3ff, 0xe3fe, 0xda27, 0xda24, 0xe9b1, 0xe9ac, 
0xf536, 0xf533, 0xf24f, 0xf24f, 0xe062, 0xe065, 0xcfea, 0xcff1, 
0xd379, 0xd37f, 0xd26b, 0xd270, 0xf9d3, 0xf9d8, 0x0ac4, 0x0aca, 
0xf188, 0xf18b, 0x15e5, 0x15e4, 0x22a1, 0x22a1, 0x1354, 0x1354, 
0x1a21, 0x1a24, 0x1554, 0x1558, 0x1d09, 0x1d0c, 0x13a7, 0x13a7, 
0x0015, 0x0014, 0x0590, 0x058a, 0x055e, 0x0555, 0xf7ed, 0xf7e8, 
0xd280, 0xd280, 0xcac6, 0xcac8, 0xdb58, 0xdb5c, 0xcb05, 0xcb0a, 
0xc518, 0xc518, 0xd5ae, 0xd5ae, 0x0064, 0x0064, 0x14da, 0x14da, 
0x0c67, 0x0c64, 0x1242, 0x123b, 0x1236, 0x1231, 0x1813, 0x1811, 
0x15e2, 0x15e5, 0x23e3, 0x23e3, 0x4749, 0x4744, 0x3dc6, 0x3dc1, 
0x2a22, 0x2a22, 0x1cb7, 0x1cb7, 0x0da6, 0x0da5, 0x1ad9, 0x1ada, 
0x2408, 0x240e, 0x28c6, 0x28ca, 0x196f, 0x196f, 0xfa5a, 0xfa58, 
0xe727, 0xe72a, 0xc17f, 0xc181, 0xcccb, 0xccca, 0xe42d, 0xe42f, 
0xcbef, 0xcbf3, 0xdbd8, 0xdbd8, 0xf061, 0xf05e, 0xe4c7, 0xe4c6, 
0xdf5a, 0xdf5b, 0xe571, 0xe573, 0xf9c6, 0xf9c3, 0xf9e0, 0xf9de, 
0xec51, 0xec56, 0xe8b0, 0xe8b5, 0xfa8b, 0xfa89, 0x0fe8, 0x0fe0, 
0xf2fb, 0xf2f7, 0xe9aa, 0xe9ab, 0xf947, 0xf949, 0xfb2d, 0xfb2c, 
0xf875, 0xf872, 0xf4c5, 0xf4c3, 0x1b33, 0x1b33, 0x36dd, 0x36e3, 
0x3b4b, 0x3b52, 0x45df, 0x45e5, 0x404c, 0x4053, 0x3ee3, 0x3eea, 
0x3168, 0x3170, 0x1be8, 0x1bee, 0x247a, 0x2481, 0x1b72, 0x1b78, 
0x0347, 0x0347, 0xf085, 0xf084, 0xd2cc, 0xd2cf, 0xcd8d, 0xcd93, 
0xd5ca, 0xd5d1, 0xeaab, 0xeaac, 0xef62, 0xef5d, 0xda6e, 0xda6a, 
0xcdcf, 0xcdcd, 0xb206, 0xb206, 0xbf58, 0xbf5b, 0xe73a, 0xe73d, 
0xdecd, 0xded1, 0xe554, 0xe558, 0x05cc, 0x05d0, 0x0fc9, 0x0fcd, 
0x07e0, 0x07e2, 0x0a04, 0x0a03, 0x23a0, 0x239c, 0x308f, 0x3090, 
0x2fe7, 0x2fee, 0x1cc5, 0x1cc9, 0x1fb5, 0x1fb1, 0x3593, 0x3590, 
0x103c, 0x103e, 0xf61e, 0xf621, 0xf03e, 0xf03b, 0xeedf, 0xeed9, 
0xef61, 0xef5d, 0xd3ca, 0xd3ca, 0xdb3a, 0xdb3d, 0xf4fb, 0xf4fc, 
0xfea1, 0xfe9c, 0x09a7, 0x09a0, 0x0241, 0x023e, 0x0480, 0x0481, 
0x0b38, 0x0b3d, 0x00d9, 0x00dd, 0x16f8, 0x16f7, 0x2617, 0x2612, 
0x2259, 0x2252, 0x1a04, 0x1a01, 0x0020, 0x0021, 0xf4cb, 0xf4d0, 
0xefb3, 0xefb9, 0xfc10, 0xfc11, 0x0d30, 0x0d2f, 0x14ef, 0x14f1, 
0x119e, 0x11a1, 0xeb3b, 0xeb39, 0xd903, 0xd8fe, 0xeb68, 0xeb63, 
0xeb0b, 0xeb06, 0xe030, 0xe029, 0xeec4, 0xeebe, 0x0cce, 0x0cca, 
0x0856, 0x0857, 0xfb5d, 0xfb61, 0x09bb, 0x09be, 0x1496, 0x1496, 
0x1f82, 0x1f81, 0x01c4, 0x01c3, 0xf0f9, 0xf0fc, 0x1052, 0x1056, 
0x02dd, 0x02da, 0xee1a, 0xee12, 0xe45f, 0xe45a, 0xdf81, 0xdf80, 
0xe78e, 0xe791, 0xda54, 0xda59, 0xdc7c, 0xdc7e, 0xf98b, 0xf98c, 
0x07df, 0x07e1, 0x1ae1, 0x1ae3, 0x280e, 0x280f, 0x2a13, 0x2a14, 
0x29ad, 0x29a9, 0x1712, 0x170d, 0x18b6, 0x18b9, 0x27a0, 0x27a6, 
0x2906, 0x2908, 0x177f, 0x177c, 0x030c, 0x030c, 0xefc3, 0xefc8, 
0xdb8b, 0xdb8d, 0xe494, 0xe491, 0xf086, 0xf085, 0xfcb4, 0xfcb3, 
0x00fc, 0x00fa, 0xe04a, 0xe04a, 0xd09d, 0xd0a0, 0xe3ab, 0xe3ad, 
0xf1a1, 0xf19f, 0xeefd, 0xeef8, 0xeee0, 0xeedf, 0x0d03, 0x0d04, 
0x0f15, 0x0f15, 0xfe85, 0xfe87, 0x0893, 0x089a, 0x06b8, 0x06be, 
0x1b21, 0x1b1d, 0x1bc3, 0x1bbb, 0x07ac, 0x07a6, 0x1cdb, 0x1cda, 
0x19b7, 0x19b9, 0xff4b, 0xff49, 0xeec1, 0xeebf, 0xe0d7, 0xe0dc, 
0xdec9, 0xdeca, 0xd2a9, 0xd2a8, 0xc5f7, 0xc5f8, 0xd1d2, 0xd1d3, 
0xe888, 0xe886, 0x060c, 0x060a, 0x1042, 0x1040, 0x1484, 0x1485, 
0x15f4, 0x15fb, 0x0f1e, 0x0f23, 0x127a, 0x1278, 0x2038, 0x2034, 
0x3faa, 0x3fa8, 0x3e7d, 0x3e7d, 0x3141, 0x3142, 0x236b, 0x236c, 
0x03a9, 0x03a9, 0x06bf, 0x06bf, 0x035f, 0x0362, 0x0675, 0x0677, 
0x2829, 0x2826, 0x0b89, 0x0b83, 0xdc08, 0xdc06, 0xd48e, 0xd492, 
0xd783, 0xd786, 0xd1da, 0xd1da, 0xc2f6, 0xc2f2, 0xe2ad, 0xe2a7, 
0xf581, 0xf581, 0xe3db, 0xe3de, 0xdee2, 0xdede, 0xd964, 0xd95c, 
0xf6b7, 0xf6b4, 0xfdb8, 0xfdb7, 0xe316, 0xe314, 0xf179, 0xf177, 
0x0a33, 0x0a32, 0x0a84, 0x0a83, 0xfe12, 0xfe14, 0xff2c, 0xff2e, 
0x05e0, 0x05dd, 0xfd38, 0xfd34, 0xf8c4, 0xf8c3, 0xf69d, 0xf69c, 
0x07e3, 0x07e3, 0x2442, 0x243f, 0x2918, 0x2910, 0x3c84, 0x3c7d, 
0x45b5, 0x45af, 0x420a, 0x4206, 0x36df, 0x36dc, 0x2c0a, 0x2c05, 
0x4070, 0x406b, 0x33a2, 0x339f, 0x21bf, 0x21be, 0x0f77, 0x0f78, 
0xddfe, 0xddfc, 0xce0c, 0xce07, 0xc450, 0xc450, 0xc33e, 0xc346, 
0xe921, 0xe927, 0xe00e, 0xe00d, 0xb898, 0xb897, 0xb173, 0xb172, 
0xbfc2, 0xbfbd, 0xc850, 0xc84b, 0xc9c8, 0xc9cb, 0xec63, 0xec6b, 
0x06b3, 0x06ba, 0x0ea2, 0x0ea5, 0x10bf, 0x10c1, 0x0ee7, 0x0eec, 
0x21ae, 0x21b6, 0x2725, 0x272a, 0x23c6, 0x23c7, 0x299a, 0x299c, 
0x3715, 0x3716, 0x383e, 0x383b, 0x1cb5, 0x1cb1, 0x0ddc, 0x0dd8, 
0x0298, 0x0293, 0xef28, 0xef26, 0xf05f, 0xf061, 0xe0d0, 0xe0d2, 
0xd748, 0xd748, 0xe0eb, 0xe0e8, 0xe535, 0xe535, 0xf732, 0xf737, 
0xf2c0, 0xf2c6, 0xf586, 0xf58b, 0xf974, 0xf974, 0xfa54, 0xfa52, 
0x1b6b, 0x1b6b, 0x22f5, 0x22fb, 0x2c3f, 0x2c49, 0x3049, 0x304e, 
0x092a, 0x092d, 0xfcf8, 0xfcf9, 0xf62c, 0xf62a, 0xe8ec, 0xe8ef, 
0x0638, 0x063d, 0x18c1, 0x18bd, 0x0a15, 0x0a0e, 0xf6be, 0xf6bd, 
0xf545, 0xf549, 0xee63, 0xee6d, 0xdef9, 0xdf02, 0xe66d, 0xe66f, 
0xed8d, 0xed87, 0x028c, 0x0284, 0x02a7, 0x02a4, 0xeeeb, 0xeeec, 
0xf66d, 0xf66d, 0xfec2, 0xfec0, 0x03b8, 0x03b8, 0xfa72, 0xfa71, 
0xfd47, 0xfd49, 0x1597, 0x159c, 0x0ae2, 0x0ae5, 0xf8e0, 0xf8e4, 
0xef44, 0xef48, 0xea4c, 0xea4d, 0xf49b, 0xf499, 0xe69b, 0xe69d, 
0xe929, 0xe930, 0xf275, 0xf27c, 0xf3e1, 0xf3e4, 0x092d, 0x0930, 
0x10df, 0x10e1, 0x2654, 0x2658, 0x259b, 0x259f, 0x1847, 0x1845, 
0x2691, 0x268f, 0x23af, 0x23b1, 0x2f30, 0x2f33, 0x329e, 0x329f, 
0x12b2, 0x12b2, 0x0036, 0x0034, 0xea1d, 0xea1d, 0xdb5c, 0xdb5e, 
0xec9d, 0xeca4, 0x0c9a, 0x0ca2, 0x0fb1, 0x0fba, 0xe808, 0xe811, 
0xe64d, 0xe654, 0xe8ca, 0xe8cb, 0xe29a, 0xe298, 0xecf7, 0xecf7, 
0xee3c, 0xee43, 0x0ddc, 0x0de3, 0x13e1, 0x13e2, 0xf704, 0xf703, 
0xf100, 0xf0ff, 0xf437, 0xf431, 0xfe35, 0xfe2d, 0xfddf, 0xfdda, 
0x04d1, 0x04d0, 0x1e9b, 0x1e9d, 0x1dd1, 0x1dd4, 0x0c8f, 0x0c91, 
0xf384, 0xf386, 0xe9be, 0xe9c0, 0xee1d, 0xee1d, 0xddb1, 0xddb1, 
0xe155, 0xe156, 0xdbf0, 0xdbf1, 0xdb47, 0xdb47, 0xedff, 0xedfd, 
0xf44b, 0xf44b, 0x0826, 0x0825, 0x0003, 0x0000, 0x0033, 0x0031, 
0x1605, 0x1605, 0x10ad, 0x10af, 0x26f9, 0x26fd, 0x3f59, 0x3f5e, 
0x396f, 0x3975, 0x312b, 0x312f, 0x18c2, 0x18bf, 0x081b, 0x0816, 
0xfe1b, 0xfe1a, 0x145c, 0x145e, 0x307e, 0x3082, 0x0d06, 0x0d0e, 
0xfe89, 0xfe94, 0xf045, 0xf04c, 0xd659, 0xd65b, 0xd76b, 0xd76e, 
0xcbc3, 0xcbc5, 0xdadc, 0xdae3, 0xf438, 0xf444, 0xe9ac, 0xe9b9, 
0xde20, 0xde2a, 0xe79d, 0xe7a4, 0xf63e, 0xf642, 0xf23e, 0xf240, 
0xed1c, 0xed1c, 0xf744, 0xf742, 0x0679, 0x0676, 0x11c9, 0x11c6, 
0xfadf, 0xfade, 0xf43f, 0xf440, 0xfddd, 0xfde1, 0xf0b1, 0xf0b5, 
0xfa0b, 0xfa0b, 0xf870, 0xf86e, 0xfc7d, 0xfc7d, 0x053b, 0x053c, 
0x09f1, 0x09ef, 0x2f3c, 0x2f38, 0x3623, 0x361f, 0x34a7, 0x34a7, 
0x3a5d, 0x3a63, 0x2855, 0x285b, 0x3280, 0x3285, 0x3672, 0x3679, 
0x24c0, 0x24c6, 0x1b3f, 0x1b3f, 0xfcf7, 0xfcf6, 0xde25, 0xde27, 
0xbdbe, 0xbdc3, 0xcc8a, 0xcc90, 0xf70b, 0xf70d, 0xe5b0, 0xe5b1, 
0xd599, 0xd59c, 0xcd59, 0xcd59, 0xc8cf, 0xc8cf, 0xc598, 0xc59b, 
0xbbe4, 0xbbe5, 0xd942, 0xd93d, 0xfdb8, 0xfdb2, 0x0ae3, 0x0adf, 
0x0a8a, 0x0a85, 0x0c03, 0x0c00, 0x1f0e, 0x1f15, 0x1d7f, 0x1d8c, 
0x1566, 0x156f, 0x2113, 0x2115, 0x2ce0, 0x2ce4, 0x37c2, 0x37c9, 
0x2306, 0x230c, 0x1aa0, 0x1aa5, 0x17d6, 0x17db, 0x0060, 0x0067, 
0x00d6, 0x00db, 0xf1db, 0xf1df, 0xeb87, 0xeb8c, 0xe92e, 0xe92f, 
0xd9a6, 0xd9a1, 0xed54, 0xed4f, 0xf4b3, 0xf4b2, 0xefbd, 0xefbf, 
0xf7f7, 0xf7fa, 0xef52, 0xef56, 0xf82e, 0xf832, 0x0df1, 0x0df1, 
0x1d28, 0x1d26, 0x23e7, 0x23e6, 0x1e0b, 0x1e0b, 0x1638, 0x163c, 
0xe9df, 0xe9e9, 0xe31b, 0xe327, 0x0993, 0x0999, 0x1245, 0x1243, 
0x16a1, 0x169d, 0x0946, 0x0941, 0xfe3d, 0xfe36, 0xf877, 0xf871, 
0xe0fd, 0xe0fb, 0xe2cd, 0xe2cc, 0xf63b, 0xf63a, 0x05e4, 0x05e6, 
0x0996, 0x0998, 0x003b, 0x003b, 0x0fb0, 0x0fb3, 0x10e3, 0x10e9, 
0x0054, 0x0057, 0xfbec, 0xfbeb, 0xf5d1, 0xf5d0, 0x0547, 0x0548, 
0x01bb, 0x01bc, 0xf497, 0xf496, 0xefaa, 0xefab, 0xe676, 0xe678, 
0xe7b6, 0xe7ba, 0xdbfb, 0xdbff, 0xe149, 0xe14b, 0xe8e9, 0xe8e7, 
0xdefb, 0xdefc, 0xf414, 0xf419, 0x00ef, 0x00f5, 0x0b17, 0x0b1a, 
0x26d6, 0x26d7, 0x1dca, 0x1dcc, 0x1b7a, 0x1b7b, 0x2b7e, 0x2b7e, 
0x3606, 0x3608, 0x3380, 0x3380, 0x2cb0, 0x2cac, 0x2db2, 0x2db1, 
0x0202, 0x0208, 0xe4f7, 0xe4fe, 0xede0, 0xede0, 0xf941, 0xf93e, 
0x08fc, 0x08fb, 0xf487, 0xf489, 0xe7f3, 0xe7f5, 0xf02a, 0xf02b, 
0xdcd4, 0xdcd4, 0xd428, 0xd429, 0xde96, 0xde94, 0xf723, 0xf721, 
0x0aee, 0x0af1, 0xff7c, 0xff87, 0x0568, 0x0571, 0x0ae0, 0x0adf, 
0x0afc, 0x0af7, 0x0531, 0x052e, 0xfaea, 0xfae7, 0x1170, 0x116c, 
0x1a3f, 0x1a3c, 0x15c3, 0x15c0, 0x07ae, 0x07ac, 0xf5c5, 0xf5c4, 
0xefe5, 0xefe8, 0xd6dd, 0xd6e0, 0xd000, 0xd000, 0xd8ad, 0xd8ab, 
0xcd78, 0xcd78, 0xd86a, 0xd86b, 0xe42a, 0xe42a, 0xeb7f, 0xeb80, 
0x04bc, 0x04c0, 0x0d6c, 0x0d72, 0x1191, 0x1196, 0x1b03, 0x1b06, 
0x337b, 0x3379, 0x3a9e, 0x3a9a, 0x3aa3, 0x3aa2, 0x53b8, 0x53b8, 
0x3f5a, 0x3f59, 0x1722, 0x1721, 0x08d4, 0x08d3, 0x0c8a, 0x0c8c, 
0x1a81, 0x1a84, 0x107d, 0x107d, 0xfc18, 0xfc17, 0xf2b2, 0xf2b0, 
0xe7bc, 0xe7b9, 0xdbd5, 0xdbd5, 0xcafa, 0xcafe, 0xd967, 0xd96f, 
0xede1, 0xedea, 0xddb9, 0xddc4, 0xe15c, 0xe166, 0xea2e, 0xea35, 
0xef9f, 0xefa2, 0xf009, 0xf00a, 0xe5ae, 0xe5b1, 0xea12, 0xea19, 
0xf6b2, 0xf6b6, 0x0693, 0x0693, 0x00e7, 0x00e8, 0xfb98, 0xfb98, 
0x021f, 0x0219, 0xf098, 0xf095, 0xf322, 0xf320, 0x0505, 0x0501, 
0xf811, 0xf80b, 0xfa3b, 0xfa37, 0x0426, 0x0421, 0x0ffd, 0x0ff6, 
0x278c, 0x2787, 0x3387, 0x3383, 0x351d, 0x3519, 0x3128, 0x3126, 
0x41cb, 0x41ce, 0x38b6, 0x38b9, 0x25a3, 0x25a3, 0x321b, 0x3218, 
0x1b44, 0x1b3f, 0xf0c7, 0xf0c4, 0xd6ea, 0xd6eb, 0xd031, 0xd02d, 
0xdec1, 0xdebc, 0xe3eb, 0xe3ed, 0xe080, 0xe089, 0xd7a3, 0xd7aa, 
0xd079, 0xd07a, 0xceff, 0xcefd, 0xb797, 0xb799, 0xc804, 0xc807, 
0xed2c, 0xed2d, 0xf5b8, 0xf5b8, 0x06c2, 0x06c3, 0x0e13, 0x0e17, 
0x182f, 0x1831, 0x17e5, 0x17e6, 0x135c, 0x135f, 0x1d12, 0x1d14, 
0x209c, 0x2099, 0x2f73, 0x2f6c, 0x2d74, 0x2d6e, 0x263e, 0x2638, 
0x2980, 0x297e, 0x099d, 0x09a1, 0xf7a5, 0xf7a8, 0xfa87, 0xfa89, 
0xee00, 0xee02, 0xe501, 0xe504, 0xd0d9, 0xd0dd, 0xce96, 0xce98, 
0xd6fb, 0xd6fe, 0xe217, 0xe21a, 0xf22f, 0xf231, 0xf391, 0xf390, 
0x0dad, 0x0daa, 0x11c1, 0x11be, 0x06e4, 0x06df, 0x225b, 0x2256, 
0x30ba, 0x30b5, 0x212e, 0x2128, 0x06db, 0x06d4, 0xf83a, 0xf836, 
0x0069, 0x0065, 0x0a65, 0x0a5e, 0x16b6, 0x16af, 0x1228, 0x1223, 
0x08e5, 0x08e1, 0x0b79, 0x0b79, 0xf2b4, 0xf2b7, 0xeb02, 0xeb03, 
0xf51b, 0xf51a, 0xf879, 0xf87a, 0xfbe7, 0xfbe6, 0xfaaa, 0xfaa5, 
0x0784, 0x0783, 0x06ac, 0x06b5, 0x0073, 0x007b, 0xfddc, 0xfdde, 
0xf7fd, 0xf7fd, 0x0773, 0x0773, 0x09c4, 0x09c2, 0xfbea, 0xfbea, 
0xfa40, 0xfa3f, 0xe4f0, 0xe4f1, 0xd9b5, 0xd9b4, 0xe1ac, 0xe1ab, 
0xe333, 0xe335, 0xe932, 0xe935, 0xe14a, 0xe14b, 0xdfc5, 0xdfc5, 
0xe514, 0xe510, 0xf794, 0xf793, 0x0cb3, 0x0cb2, 0x0dad, 0x0da6, 
0x2544, 0x253f, 0x3829, 0x3827, 0x2ff9, 0x2ff4, 0x3242, 0x323c, 
0x3c39, 0x3c38, 0x3709, 0x370d, 0x1cfd, 0x1cfc, 0x0301, 0x02fd, 
0xf9cf, 0xf9ca, 0xf9f4, 0xf9f1, 0x0611, 0x0611, 0xfcea, 0xfcea, 
0xf6cf, 0xf6cd, 0x006c, 0x006b, 0xe629, 0xe629, 0xd624, 0xd62b, 
0xd3a0, 0xd3a6, 0xdbcd, 0xdbcf, 0xe814, 0xe818, 0xde45, 0xde46, 
0xe957, 0xe953, 0xf7ee, 0xf7ec, 0xf8cf, 0xf8d0, 0xfc6f, 0xfc70, 
0xfe41, 0xfe42, 0x12cd, 0x12cc, 0x2000, 0x2000, 0x1ffa, 0x1ffc, 
0x2cd0, 0x2cd5, 0x195a, 0x1960, 0xffe3, 0xffe5, 0xf0c5, 0xf0c2, 
0xe7da, 0xe7d9, 0xed77, 0xed77, 0xe1ec, 0xe1e9, 0xd83f, 0xd83c, 
0xd294, 0xd28f, 0xdcfc, 0xdcf8, 0xeb0a, 0xeb09, 0xf023, 0xf027, 
0x0aec, 0x0af2, 0x1a1a, 0x1a1f, 0x1be2, 0x1be1, 0x2529, 0x2525, 
0x325c, 0x3257, 0x496e, 0x4969, 0x3ad9, 0x3ad5, 0x1dd2, 0x1dcd, 
0x19bb, 0x19b9, 0x0ab8, 0x0ab8, 0x1266, 0x1262, 0x0e94, 0x0e90, 
0xff7a, 0xff79, 0x0388, 0x0386, 0xf379, 0xf377, 0xead5, 0xead5, 
0xdcfb, 0xdcf7, 0xd7fa, 0xd7f3, 0xe470, 0xe46d, 0xdc00, 0xdbfd, 
0xdec1, 0xdebf, 0xe630, 0xe630, 0xe33c, 0xe33e, 0xe45a, 0xe45e, 
0xdbfc, 0xdbfc, 0xe845, 0xe842, 0x010b, 0x010f, 0x0d93, 0x0d9c, 
0x1512, 0x1514, 0x0b62, 0x0b60, 0x05cc, 0x05c8, 0xfaeb, 0xfae6, 
0xfb89, 0xfb83, 0x0226, 0x0220, 0x010c, 0x0108, 0x09c0, 0x09b9, 
0xf980, 0xf975, 0xfc7e, 0xfc77, 0x1522, 0x151f, 0x1044, 0x1044, 
0x180d, 0x180d, 0x29c9, 0x29c7, 0x311d, 0x311a, 0x328f, 0x328b, 
0x2573, 0x256f, 0x2d78, 0x2d74, 0x26eb, 0x26e6, 0x09a0, 0x099b, 
0xf5e5, 0xf5e3, 0xde99, 0xde98, 0xea89, 0xea88, 0xeb73, 0xeb73, 
0xdf41, 0xdf43, 0xeec4, 0xeec8, 0xee72, 0xee74, 0xdcf6, 0xdcf3, 
0xc65b, 0xc654, 0xc36f, 0xc36a, 0xd981, 0xd97f, 0xe822, 0xe821, 
0xf1a2, 0xf19f, 0xfc38, 0xfc37, 0x0b1c, 0x0b17, 0x0cc3, 0x0cb8, 
0xfdfc, 0xfdf4, 0x0e6e, 0x0e6e, 0x197b, 0x1980, 0x230f, 0x2315, 
0x3777, 0x3778, 0x350d, 0x350a, 0x36c5, 0x36c0, 0x2429, 0x2423, 
0x0da4, 0x0da2, 0x0061, 0x0066, 0xf0dc, 0xf0e4, 0xe996, 0xe99c, 
0xd066, 0xd06e, 0xc401, 0xc40b, 0xcec3, 0xcec8, 0xce33, 0xce37, 
0xe027, 0xe02b, 0xf775, 0xf773, 0x0075, 0x006d, 0x09ba, 0x09b1, 
0x0912, 0x090c, 0x1bed, 0x1be6, 0x2f57, 0x2f52, 0x28e7, 0x28e8, 
0x1312, 0x1313, 0xff84, 0xff84, 0xff7c, 0xff80, 0x0169, 0x0169, 
0x06f8, 0x06f1, 0x0a89, 0x0a82, 0x0e28, 0x0e23, 0x0ad2, 0x0acc, 
0xf6b2, 0xf6ac, 0xf1f4, 0xf1f5, 0xf84e, 0xf854, 0xf4e2, 0xf4e8, 
0xf8bf, 0xf8c0, 0xfb94, 0xfb91, 0xfde9, 0xfde8, 0x0472, 0x0476, 
0xfd98, 0xfd9a, 0xfc8b, 0xfc89, 0xfd00, 0xfcfb, 0x0723, 0x0720, 
0x152a, 0x1524, 0x0c24, 0x0c1d, 0xfd65, 0xfd64, 0xee27, 0xee2b, 
0xe67b, 0xe67b, 0xe763, 0xe761, 0xe7e5, 0xe7ea, 0xf011, 0xf01a, 
0xe829, 0xe82f, 0xd145, 0xd146, 0xdac5, 0xdac2, 0xee24, 0xee20, 
0xf6c8, 0xf6c7, 0x0764, 0x0764, 0x1ff1, 0x1ff3, 0x3066, 0x306a, 
0x34aa, 0x34ae, 0x3b42, 0x3b41, 0x3b93, 0x3b90, 0x3f92, 0x3f93, 
0x2f6d, 0x2f71, 0x070a, 0x070a, 0xfefc, 0xfef8, 0x002c, 0x0029, 
0xf71e, 0xf71c, 0xf476, 0xf472, 0xfe80, 0xfe7c, 0x0522, 0x051f, 
0xefb0, 0xefad, 0xde42, 0xde3f, 0xd9ce, 0xd9c9, 0xd7b4, 0xd7b0, 
0xe77f, 0xe77f, 0xe735, 0xe736, 0xe9e2, 0xe9e0, 0xf64d, 0xf649, 
0xe89c, 0xe89a, 0xe8dc, 0xe8dd, 0xf294, 0xf298, 0xfd0f, 0xfd13, 
0x0ae7, 0x0aea, 0x197c, 0x197e, 0x24c7, 0x24c8, 0x1dde, 0x1ddf, 
0x167f, 0x1680, 0x01bc, 0x01bd, 0xf471, 0xf470, 0x0401, 0x03f9, 
0xfa4f, 0xfa45, 0xe47e, 0xe479, 0xdca6, 0xdca8, 0xd918, 0xd91d, 
0xdde1, 0xdde7, 0xe5af, 0xe5b1, 0xfc81, 0xfc7f, 0x0cde, 0x0ce1, 
0x0fe5, 0x0feb, 0x1bbe, 0x1bc2, 0x2489, 0x2489, 0x3ed5, 0x3ed2, 
0x464f, 0x464c, 0x2a73, 0x2a71, 0x1a4d, 0x1a4d, 0x11af, 0x11b2, 
0x0ce3, 0x0ce3, 0x00ee, 0x00ee, 0xfc51, 0xfc56, 0x0195, 0x019f, 
0xf4ee, 0xf4f4, 0xed21, 0xed22, 0xeec1, 0xeebd, 0xe859, 0xe854, 
0xe6b6, 0xe6b3, 0xe097, 0xe099, 0xe275, 0xe278, 0xee4c, 0xee50, 
0xec9b, 0xec9e, 0xe48d, 0xe48c, 0xdec2, 0xdebf, 0xec4b, 0xec46, 
0xfb95, 0xfb90, 0x0bc9, 0x0bc9, 0x17a3, 0x17a3, 0x069e, 0x069e, 
0xfe7c, 0xfe7d, 0xfc41, 0xfc42, 0xee4e, 0xee4b, 0xf9bf, 0xf9bf, 
0x0a93, 0x0a95, 0x01d5, 0x01d9, 0xf4ba, 0xf4c0, 0xf692, 0xf697, 
0x006f, 0x006f, 0xfd9e, 0xfd98, 0x0ed5, 0x0ed0, 0x2651, 0x2651, 
0x2f89, 0x2f8c, 0x3c84, 0x3c89, 0x2e3b, 0x2e41, 0x295f, 0x2967, 
0x340d, 0x3413, 0x2062, 0x2064, 0x054b, 0x054f, 0xfa91, 0xfa9b, 
0xf17c, 0xf183, 0xd700, 0xd6fd, 0xd058, 0xd054, 0xe867, 0xe865, 
0xe83e, 0xe83c, 0xdf49, 0xdf47, 0xd3e4, 0xd3e3, 0xca56, 0xca59, 
0xde59, 0xde5a, 0xe190, 0xe18c, 0xe18b, 0xe188, 0xf065, 0xf067, 
0xfd8a, 0xfd8f, 0x005b, 0x0063, 0xfb31, 0xfb33, 0x0959, 0x0952, 
0x0e28, 0x0e25, 0x1ad4, 0x1ad3, 0x3739, 0x373b, 0x3b01, 0x3b02, 
0x454f, 0x4550, 0x3e33, 0x3e35, 0x17ae, 0x17ae, 0x0c0e, 0x0c0e, 
0x0f8d, 0x0f8b, 0x04d3, 0x04c9, 0xe969, 0xe960, 0xd3f7, 0xd3f2, 
0xc811, 0xc811, 0xb810, 0xb815, 0xc78a, 0xc792, 0xe164, 0xe16a, 
0xf1f6, 0xf1fa, 0xfb4f, 0xfb50, 0xf9ea, 0xf9eb, 0x0b71, 0x0b75, 
0x206b, 0x2070, 0x264c, 0x264d, 0x17f0, 0x17f1, 0x0d04, 0x0d02, 
0x14ba, 0x14b4, 0x0c79, 0x0c76, 0x0016, 0x0019, 0x0556, 0x055d, 
0x0639, 0x063d, 0x07b0, 0x07b2, 0x06b0, 0x06b2, 0x0600, 0x05fb, 
0x0a0f, 0x0a05, 0x0532, 0x052c, 0x0355, 0x0357, 0xfe3b, 0xfe3f, 
0x05b5, 0x05b7, 0x0bab, 0x0bac, 0xf988, 0xf988, 0xf3d3, 0xf3d1, 
0xf48d, 0xf48c, 0xf4a0, 0xf4a0, 0x0363, 0x0363, 0x028d, 0x028c, 
0xf77e, 0xf77e, 0xf950, 0xf950, 0xef39, 0xef38, 0xdeea, 0xdeeb, 
0xdf96, 0xdf97, 0xea93, 0xea96, 0xe2c8, 0xe2cc, 0xdc1a, 0xdc1e, 
0xe53d, 0xe53e, 0xdc57, 0xdc58, 0xddea, 0xdde7, 0xf464, 0xf45f, 
0x0ced, 0x0cec, 0x282d, 0x2833, 0x35f0, 0x35f6, 0x309f, 0x30a3, 
0x30a7, 0x30ae, 0x41de, 0x41e5, 0x3b1e, 0x3b23, 0x1e8a, 0x1e8b, 
0x1dcb, 0x1dc7, 0x1268, 0x1264, 0xf96b, 0xf966, 0xff67, 0xff65, 
0x01dd, 0x01dc, 0x03cb, 0x03c5, 0xfb90, 0xfb89, 0xe663, 0xe65e, 
0xe4af, 0xe4aa, 0xea4c, 0xea49, 0xea07, 0xea0a, 0xd9fd, 0xda00, 
0xdd73, 0xdd75, 0xeec1, 0xeec2, 0xebcb, 0xebd1, 0xf2d6, 0xf2de, 
0xf30c, 0xf310, 0xeb49, 0xeb4b, 0xfd14, 0xfd14, 0x09a3, 0x09a3, 
0x1146, 0x1143, 0x1ea3, 0x1e9d, 0x168a, 0x1685, 0xfb9b, 0xfb9c, 
0xf48f, 0xf490, 0x08f5, 0x08f4, 0x03f0, 0x03ed, 0xf775, 0xf772, 
0xeffb, 0xeffa, 0xdcba, 0xdcbb, 0xd928, 0xd92a, 0xe07c, 0xe079, 
0xf555, 0xf552, 0x0cbe, 0x0cc1, 0x1620, 0x1621, 0x18c4, 0x18c2, 
0x1ea2, 0x1ea3, 0x32f1, 0x32f7, 0x3828, 0x382e, 0x25ac, 0x25b3, 
0x27e5, 0x27ec, 0x23fa, 0x23ff, 0x0d04, 0x0d05, 0xff32, 0xff33, 
0xf5b5, 0xf5b8, 0xf630, 0xf636, 0xf486, 0xf48c, 0xf13a, 0xf13f, 
0xef9c, 0xef9f, 0xee10, 0xee0e, 0xee3f, 0xee39, 0xe6c6, 0xe6c8, 
0xe773, 0xe77b, 0xf1a6, 0xf1ac, 0xf10a, 0xf10f, 0xef85, 0xef89, 
0xed09, 0xed09, 0xe818, 0xe813, 0xf306, 0xf304, 0xfe15, 0xfe16, 
0x01b7, 0x01b6, 0x0934, 0x0933, 0x0e67, 0x0e67, 0xff5d, 0xff5b, 
0xec09, 0xec06, 0xf503, 0xf502, 0xfa13, 0xfa14, 0xfc49, 0xfc4a, 
0x06bd, 0x06be, 0xfdc4, 0xfdc7, 0xf098, 0xf09a, 0xf0e2, 0xf0e4, 
0x00b5, 0x00b8, 0x1d07, 0x1d09, 0x31c0, 0x31bd, 0x3668, 0x3662, 
0x2bb5, 0x2bb1, 0x28f1, 0x28ef, 0x31f2, 0x31f4, 0x2578, 0x2579, 
0x1e70, 0x1e6b, 0x12f6, 0x12ec, 0xf7c9, 0xf7bf, 0xe706, 0xe700, 
0xdd08, 0xdd07, 0xdfa3, 0xdfa2, 0xe0c9, 0xe0c8, 0xdc52, 0xdc52, 
0xd633, 0xd636, 0xd892, 0xd892, 0xe712, 0xe710, 0xe1e8, 0xe1e5, 
0xdb15, 0xdb13, 0xe458, 0xe458, 0xeb64, 0xeb67, 0xfdfa, 0xfdfd, 
0x0407, 0x0405, 0xfd7e, 0xfd79, 0x0776, 0x0774, 0x0fe0, 0x0fdf, 
0x1dd7, 0x1dd4, 0x311d, 0x311b, 0x4528, 0x4528, 0x3d53, 0x3d51, 
0x1f44, 0x1f3d, 0x1b39, 0x1b33, 0x152b, 0x152b, 0x0a6f, 0x0a70, 
0x0245, 0x0246, 0xe922, 0xe928, 0xcfe0, 0xcfe9, 0xc070, 0xc077, 
0xbf1e, 0xbf20, 0xd35c, 0xd35a, 0xeab8, 0xeab7, 0xf6c7, 0xf6c6, 
0xf752, 0xf74f, 0x045e, 0x045d, 0x11da, 0x11d8, 0x0cc8, 0x0cc6, 
0x0ffa, 0x0ffa, 0x15df, 0x15dd, 0x1887, 0x1883, 0x0c0a, 0x0c0a, 
0xfc4f, 0xfc50, 0x01db, 0x01dc, 0x05bc, 0x05bf, 0x05d7, 0x05d7, 
0x07f6, 0x07f0, 0x0fe8, 0x0fe1, 0x1a7d, 0x1a78, 0x1161, 0x1160, 
0x0bc6, 0x0bc5, 0x100c, 0x100d, 0x0a6b, 0x0a72, 0x1280, 0x1288, 
0x12ba, 0x12be, 0x042a, 0x0428, 0x0137, 0x0136, 0xf749, 0xf74b, 
0xec8e, 0xec94, 0xe785, 0xe78d, 0xec2d, 0xec32, 0xee51, 0xee53, 
0xe1c6, 0xe1c4, 0xd97a, 0xd979, 0xd2aa, 0xd2ac, 0xd109, 0xd10c, 
0xdef5, 0xdef4, 0xe9b3, 0xe9af, 0xe75c, 0xe758, 0xda6b, 0xda67, 
0xd489, 0xd488, 0xe9be, 0xe9bc, 0x09c5, 0x09c0, 0x2698, 0x2694, 
0x2f9d, 0x2f9d, 0x3796, 0x3797, 0x3d5d, 0x3d5d, 0x381c, 0x381b, 
0x3c24, 0x3c21, 0x3b29, 0x3b29, 0x3907, 0x390a, 0x24e2, 0x24e6, 
0x04e5, 0x04e5, 0x0134, 0x0132, 0xfe68, 0xfe63, 0xf859, 0xf84f, 
0xf3e9, 0xf3de, 0xe914, 0xe910, 0xf4b2, 0xf4b7, 0xf99a, 0xf9a0, 
0xef65, 0xef69, 0xe2fa, 0xe2fa, 0xce1a, 0xce1b, 0xd85d, 0xd85a, 
0xea61, 0xea5d, 0xec1d, 0xec19, 0xed07, 0xed00, 0xedaa, 0xeda6, 
0xef45, 0xef46, 0xef82, 0xef86, 0x065c, 0x0661, 0x1d4c, 0x1d51, 
0x16bf, 0x16c0, 0x0cb5, 0x0cb0, 0x08db, 0x08d2, 0x08c4, 0x08bd, 
0x09f1, 0x09ee, 0x0a09, 0x0a0c, 0x0248, 0x024b, 0xe6cc, 0xe6ce, 
0xd2ca, 0xd2c9, 0xcf01, 0xcefe, 0xdf74, 0xdf71, 0xfc2b, 0xfc28, 
0xfc87, 0xfc82, 0x0a07, 0x0a06, 0x23f1, 0x23f4, 0x2ac2, 0x2ac5, 
0x2bf8, 0x2bf7, 0x26bf, 0x26bb, 0x3070, 0x3070, 0x33e9, 0x33f0, 
0x1a59, 0x1a60, 0x03a8, 0x03ad, 0xf574, 0xf579, 0xf2ab, 0xf2ac, 
0xf0fc, 0xf0f8, 0xeb67, 0xeb64, 0xfbbc, 0xfbbf, 0x0260, 0x0263, 
0xfc88, 0xfc8a, 0xfc4b, 0xfc4b, 0xf228, 0xf224, 0xf111, 0xf108, 
0xf6be, 0xf6ba, 0xf662, 0xf664, 0xf26d, 0xf26b, 0xf7e7, 0xf7df, 
0xf7c0, 0xf7b9, 0xe673, 0xe66f, 0xe5a3, 0xe5a0, 0xee49, 0xee48, 
0xf1dc, 0xf1de, 0xf915, 0xf914, 0xf765, 0xf761, 0xf1d5, 0xf1d3, 
0xf083, 0xf082, 0xf82d, 0xf82b, 0x0c8f, 0x0c8f, 0x0b21, 0x0b1f, 
0xfdd4, 0xfdcf, 0xee43, 0xee42, 0xf276, 0xf27a, 0x1777, 0x177a, 
0x253d, 0x2543, 0x2507, 0x250e, 0x26e7, 0x26ec, 0x25d7, 0x25da, 
0x2a6f, 0x2a71, 0x27fd, 0x27ff, 0x2ddc, 0x2de1, 0x30b1, 0x30b5, 
0x178a, 0x178b, 0xfdeb, 0xfded, 0xeddc, 0xede0, 0xedcf, 0xedd4, 
0xe752, 0xe753, 0xcd59, 0xcd58, 0xc9f3, 0xc9f1, 0xd5b5, 0xd5b4, 
0xe404, 0xe408, 0xe87d, 0xe882, 0xdb73, 0xdb72, 0xd2e6, 0xd2e4, 
0xdb7e, 0xdb7f, 0xf49d, 0xf49f, 0xfb5a, 0xfb5b, 0x02a2, 0x02a0, 
0x1244, 0x123f, 0x07d2, 0x07c9, 0x0a35, 0x0a31, 0x233f, 0x2345, 
0x30a2, 0x30ac, 0x32d7, 0x32dc, 0x2aa8, 0x2aac, 0x2906, 0x290a, 
0x26e6, 0x26e8, 0x1be7, 0x1be9, 0x1337, 0x1336, 0x00bb, 0x00b5, 
0xf0e3, 0xf0db, 0xd1e2, 0xd1dd, 0xbd95, 0xbd92, 0xd0ab, 0xd0ab, 
0xd740, 0xd744, 0xd55b, 0xd55c, 0xe268, 0xe263, 0xf68b, 0xf68b, 
0x0191, 0x0195, 0xfbca, 0xfbcd, 0x01b6, 0x01b8, 0x1730, 0x172f, 
0x24ef, 0x24ed, 0x1bb1, 0x1bb4, 0x018b, 0x0190, 0x0125, 0x0126, 
0x0594, 0x0596, 0xfede, 0xfedf, 0x05c5, 0x05c2, 0x0a0e, 0x0a0d, 
0x1310, 0x130f, 0x1905, 0x1902, 0x1388, 0x1385, 0x0c7f, 0x0c81, 
0x0a74, 0x0a77, 0x128c, 0x128f, 0x0dd4, 0x0dd3, 0x0e71, 0x0e6b, 
0x1ba8, 0x1ba1, 0x0b97, 0x0b94, 0xf0e6, 0xf0e7, 0xe2c7, 0xe2c5, 
0xe0b1, 0xe0ac, 0xeddd, 0xedd9, 0xf078, 0xf075, 0xecc4, 0xecc2, 
0xe284, 0xe284, 0xd836, 0xd835, 0xdd85, 0xdd85, 0xe802, 0xe803, 
0xf0ea, 0xf0ef, 0xdda5, 0xdda6, 0xc813, 0xc80f, 0xd371, 0xd36a, 
0xed13, 0xed11, 0x061e, 0x061c, 0x0f11, 0x0f0b, 0x1a08, 0x1a01, 
0x2de8, 0x2de9, 0x3175, 0x317b, 0x3800, 0x3802, 0x43a4, 0x43a2, 
0x4b2e, 0x4b2d, 0x46fc, 0x46ff, 0x283d, 0x2840, 0x1841, 0x183f, 
0x1417, 0x1414, 0x04b0, 0x04af, 0xf46b, 0xf46e, 0xe88f, 0xe895, 
0xf300, 0xf305, 0xfa46, 0xfa4a, 0xed87, 0xed87, 0xd383, 0xd37e, 
0xbe70, 0xbe6b, 0xc805, 0xc804, 0xd68e, 0xd68e, 0xdf28, 0xdf28, 
0xf2f2, 0xf2f3, 0xfb44, 0xfb46, 0xf6f2, 0xf6f3, 0xf575, 0xf576, 
0xfd26, 0xfd26, 0x0be1, 0x0bdd, 0x1242, 0x1240, 0x17d7, 0x17db, 
0x153d, 0x1541, 0x1463, 0x1461, 0x0e14, 0x0e0d, 0x0051, 0x004e, 
0x05ba, 0x05bd, 0xfe68, 0xfe6b, 0xe744, 0xe742, 0xdd36, 0xdd34, 
0xdee7, 0xdee8, 0xec4a, 0xec4d, 0xf2ab, 0xf2b2, 0xfc62, 0xfc6a, 
0x16af, 0x16b5, 0x1cf3, 0x1cf4, 0x1809, 0x1808, 0x19cf, 0x19ce, 
0x2a70, 0x2a6d, 0x3b42, 0x3b3d, 0x281e, 0x281a, 0x112b, 0x1129, 
0x03b4, 0x03b5, 0xfa52, 0xfa57, 0xf727, 0xf72b, 0xee12, 0xee14, 
0xeed2, 0xeed4, 0xf975, 0xf973, 0x018e, 0x018b, 0xfbd5, 0xfbd2, 
0xebfb, 0xebf8, 0xe945, 0xe945, 0xeb2a, 0xeb2e, 0xedab, 0xedaf, 
0xfaf3, 0xfaf4, 0x0734, 0x0736, 0x0a6d, 0x0a6f, 0xf4c2, 0xf4c3, 
0xe2d6, 0xe2d9, 0xe94c, 0xe94f, 0xf402, 0xf405, 0x04ea, 0x04e9, 
0x05e3, 0x05e1, 0x01b9, 0x01b8, 0xfdff, 0xfdff, 0xf4b4, 0xf4b7, 
0xfc8e, 0xfc94, 0xff12, 0xff18, 0xf647, 0xf64b, 0xf07f, 0xf07f, 
0xf0df, 0xf0da, 0x03ca, 0x03c1, 0x09bb, 0x09b4, 0x03d6, 0x03d5, 
0x1174, 0x1178, 0x1c40, 0x1c46, 0x2486, 0x248a, 0x29f8, 0x29fd, 
0x2f06, 0x2f0b, 0x38e2, 0x38e7, 0x33a0, 0x33a1, 0x2017, 0x2017, 
0x078a, 0x078c, 0xf9f3, 0xf9fb, 0xec89, 0xec92, 0xd91d, 0xd91f, 
0xd039, 0xd039, 0xd5e4, 0xd5e5, 0xe968, 0xe969, 0xed77, 0xed77, 
0xd5d9, 0xd5db, 0xcbed, 0xcbef, 0xd1f6, 0xd1f9, 0xd7b7, 0xd7b8, 
0xe1ef, 0xe1ec, 0xf514, 0xf510, 0x1024, 0x1024, 0x1677, 0x1679, 
0x1591, 0x1591, 0x190e, 0x190b, 0x1cdf, 0x1cdc, 0x2e3b, 0x2e37, 
0x3509, 0x3505, 0x34d5, 0x34d4, 0x366b, 0x366e, 0x2391, 0x2396, 
0x1118, 0x1121, 0x0492, 0x049a, 0xf21b, 0xf21c, 0xde39, 0xde37, 
0xc9b3, 0xc9b5, 0xca8c, 0xca92, 0xd37b, 0xd381, 0xd2bd, 0xd2bf, 
0xdb35, 0xdb32, 0xea05, 0xea02, 0xfaf5, 0xfaf9, 0xfcdc, 0xfcdf, 
0xfc4b, 0xfc4a, 0x10a7, 0x10a5, 0x20f2, 0x20ee, 0x1c89, 0x1c85, 
0x0a41, 0x0a3d, 0x05dd, 0x05dc, 0x09af, 0x09b0, 0x063d, 0x063f, 
0x0407, 0x0406, 0xff9a, 0xff99, 0x0caa, 0x0cae, 0x2000, 0x2005, 
0x15c1, 0x15c5, 0x1209, 0x120b, 0x131e, 0x131f, 0x0ed8, 0x0ed9, 
0x10ed, 0x10ee, 0x1491, 0x1492, 0x1d78, 0x1d7b, 0x1080, 0x1083, 
0xfad1, 0xfacf, 0xe885, 0xe880, 0xdb27, 0xdb22, 0xe7ce, 0xe7c9, 
0xee62, 0xee5f, 0xee3b, 0xee3a, 0xf1e5, 0xf1e7, 0xe479, 0xe479, 
0xde64, 0xde66, 0xe011, 0xe015, 0xdcf1, 0xdcf6, 0xd656, 0xd65c, 
0xcd0d, 0xcd0b, 0xd5f6, 0xd5ee, 0xe80c, 0xe806, 0xf6a2, 0xf6a4, 
0xf7ee, 0xf7f2, 0xfac1, 0xfac4, 0x11f8, 0x11fb, 0x1e0d, 0x1e11, 
0x296c, 0x296e, 0x3d8f, 0x3d90, 0x4a5e, 0x4a61, 0x4cfb, 0x4cff, 
0x4122, 0x4120, 0x32e7, 0x32e3, 0x2108, 0x210a, 0x1050, 0x1052, 
0x07e3, 0x07e3, 0xf84d, 0xf84e, 0xfaee, 0xfaf0, 0x0831, 0x0832, 
0xf9aa, 0xf9ad, 0xe5a9, 0xe5ac, 0xd794, 0xd795, 0xd352, 0xd34f, 
0xd113, 0xd10f, 0xcebf, 0xcebb, 0xdfb3, 0xdfb3, 0xf126, 0xf12c, 
0xf83b, 0xf841, 0xf941, 0xf943, 0xf717, 0xf716, 0xfa8a, 0xfa85, 
0xf854, 0xf84d, 0xf95a, 0xf956, 0x049c, 0x049b, 0x0745, 0x0742, 
0x0775, 0x0772, 0x041a, 0x0418, 0x02f8, 0x02f7, 0x059a, 0x0596, 
0xf837, 0xf837, 0xedda, 0xeddc, 0xecda, 0xecdc, 0xf4da, 0xf4dc, 
0x0003, 0x0006, 0x0569, 0x0567, 0x1254, 0x124e, 0x16ac, 0x16a8, 
0x13b4, 0x13b3, 0x1e3d, 0x1e40, 0x34bf, 0x34c4, 0x40b5, 0x40b9, 
0x2cc2, 0x2cc5, 0x1a41, 0x1a45, 0x12c6, 0x12cd, 0x04f8, 0x0503, 
0x06fd, 0x0704, 0xf9ca, 0xf9cb, 0xea41, 0xea41, 0xf062, 0xf05f, 
0xe6bf, 0xe6bb, 0xda4b, 0xda4c, 0xdc3e, 0xdc44, 0xe914, 0xe915, 
0xeae2, 0xeade, 0xefbf, 0xefbd, 0x09e3, 0x09e2, 0x109c, 0x109c, 
0x0b96, 0x0b97, 0xfb51, 0xfb51, 0xe189, 0xe189, 0xe9a2, 0xe9a2, 
0xf2a1, 0xf29f, 0xf737, 0xf734, 0xfea0, 0xfe9f, 0xf13f, 0xf13d, 
0xec4d, 0xec4e, 0xf5d9, 0xf5dc, 0xfd8c, 0xfd8a, 0xf71e, 0xf71a, 
0xf395, 0xf393, 0xf8d8, 0xf8d7, 0xf43a, 0xf43b, 0x047f, 0x0481, 
0x0dbe, 0x0dc1, 0x0201, 0x0207, 0x08f2, 0x08f4, 0x0cb9, 0x0cba, 
0x0824, 0x0828, 0x0fed, 0x0ff0, 0x2727, 0x2727, 0x3c67, 0x3c69, 
0x410e, 0x4111, 0x4292, 0x4293, 0x3444, 0x3446, 0x1c50, 0x1c4d, 
0x0657, 0x064f, 0xe6c2, 0xe6c0, 0xe531, 0xe535, 0xf7ab, 0xf7aa, 
0xfeb2, 0xfead, 0xf473, 0xf46c, 0xd4b6, 0xd4af, 0xc75d, 0xc755, 
0xcb32, 0xcb2a, 0xc58a, 0xc585, 0xc50f, 0xc50d, 0xd5ed, 0xd5eb, 
0xed62, 0xed62, 0xfa3c, 0xfa3e, 0x02bf, 0x02c3, 0x0ca1, 0x0ca4, 
0x0e5f, 0x0e5f, 0x1fb0, 0x1fae, 0x354a, 0x3547, 0x3415, 0x3416, 
0x30d1, 0x30d5, 0x2303, 0x2307, 0x143e, 0x1441, 0x1335, 0x1335, 
0x0d24, 0x0d23, 0xffcd, 0xffd0, 0xed90, 0xed94, 0xd643, 0xd643, 
0xc651, 0xc64c, 0xcc59, 0xcc54, 0xdec1, 0xdec0, 0xedfd, 0xedff, 
0xf37d, 0xf37f, 0xe502, 0xe500, 0xe7bf, 0xe7be, 0x0ee4, 0x0ee9, 
0x1266, 0x126d, 0x0712, 0x0718, 0x0b2f, 0x0b33, 0x019d, 0x01a0, 
0x0582, 0x0583, 0x0f54, 0x0f56, 0x0861, 0x0863, 0x0356, 0x0354, 
0x1926, 0x1922, 0x2959, 0x2958, 0x1886, 0x1883, 0x168b, 0x168a, 
0x12c7, 0x12cf, 0x0780, 0x078a, 0x1936, 0x1939, 0x21db, 0x21d6, 
0x29c4, 0x29be, 0x285a, 0x2859, 0xfb67, 0xfb68, 0xdbf2, 0xdbf3, 
0xd7a3, 0xd7a7, 0xde18, 0xde1d, 0xebbb, 0xebbe, 0xf3fa, 0xf3fd, 
0xe88e, 0xe892, 0xda3f, 0xda44, 0xe6f5, 0xe6fa, 0xda0e, 0xda0f, 
0xc774, 0xc76d, 0xd0cd, 0xd0c5, 0xcb82, 0xcb80, 0xd0cc, 0xd0d3, 
0xe7a6, 0xe7b2, 0xefc4, 0xefce, 0xf3b5, 0xf3b6, 0x081b, 0x0814, 
0x206e, 0x2069, 0x21dc, 0x21d9, 0x286a, 0x2865, 0x3c99, 0x3c97, 
0x4b86, 0x4b8a, 0x64c8, 0x64ca, 0x6246, 0x6244, 0x4f9b, 0x4f9a, 
0x3fe6, 0x3fe4, 0x143c, 0x143b, 0xed58, 0xed57, 0xe04b, 0xe049, 
0xee89, 0xee82, 0x01bf, 0x01b5, 0xf775, 0xf771, 0xdf1b, 0xdf1f, 
0xd8a9, 0xd8ad, 0xdceb, 0xdce8, 0xcdd0, 0xcdc9, 0xc364, 0xc360, 
0xd8ee, 0xd8eb, 0xe4a1, 0xe49c, 0xe39b, 0xe399, 0xeae7, 0xeae8, 
0xe298, 0xe299, 0xe018, 0xe014, 0xf555, 0xf553, 0x0e58, 0x0e59, 
0x2082, 0x2084, 0x26d9, 0x26da, 0x2467, 0x246b, 0x25e1, 0x25e4, 
0x2b0e, 0x2b10, 0x2623, 0x2625, 0x2028, 0x2028, 0x0ddf, 0x0ddf, 
0xe60f, 0xe611, 0xcdbc, 0xcdbb, 0xcc5a, 0xcc59, 0xd2e7, 0xd2e7, 
0xef7e, 0xef82, 0xf8a6, 0xf8aa, 0xe6e6, 0xe6eb, 0x0166, 0x016b, 
0x2495, 0x2498, 0x2a89, 0x2a88, 0x2cc8, 0x2cc3, 0x2816, 0x2810, 
0x16f6, 0x16ee, 0x0fb6, 0x0faf, 0x0ac0, 0x0aba, 0xe9b9, 0xe9b7, 
0xded3, 0xded3, 0xf61d, 0xf61a, 0xfabc, 0xfab4, 0xfebe, 0xfeb7, 
0xfe28, 0xfe23, 0xf2d5, 0xf2d3, 0x0216, 0x0217, 0x06d0, 0x06d3, 
0x0d79, 0x0d7c, 0x2fac, 0x2fab, 0x303d, 0x303a, 0x052d, 0x052d, 
0xdef8, 0xdefb, 0xd439, 0xd43d, 0xd0ec, 0xd0ed, 0xe6b7, 0xe6b6, 
0xf686, 0xf686, 0xeadc, 0xeade, 0xfded, 0xfdf0, 0x08b9, 0x08ba, 
0xf6b7, 0xf6b4, 0xf9ba, 0xf9b5, 0xfc8c, 0xfc8a, 0xefa4, 0xefa9, 
0xf2a5, 0xf2ae, 0xfc61, 0xfc6b, 0xed7b, 0xed81, 0xe410, 0xe40f, 
0xfbdf, 0xfbda, 0x064c, 0x064a, 0x0ab9, 0x0abb, 0x0e86, 0x0e86, 
0x1097, 0x108f, 0x35f7, 0x35ed, 0x49d0, 0x49ca, 0x421e, 0x421c, 
0x43e0, 0x43df, 0x38e3, 0x38e0, 0x0f87, 0x0f80, 0xde70, 0xde6e, 
0xc7e2, 0xc7e3, 0xcf2a, 0xcf29, 0xe614, 0xe60f, 0xe5d8, 0xe5d6, 
0xd042, 0xd047, 0xdb7a, 0xdb81, 0xe6d5, 0xe6d9, 0xcdbf, 0xcdbe, 
0xd061, 0xd060, 0xee7f, 0xee81, 0xfce8, 0xfce8, 0x0a7d, 0x0a7a, 
0x1185, 0x1185, 0x04c1, 0x04c1, 0xfda0, 0xfda3, 0x0c16, 0x0c1b, 
0x20a5, 0x20a6, 0x35a2, 0x35a0, 0x34f2, 0x34ef, 0x2a9f, 0x2a9d, 
0x31ec, 0x31ef, 0x2c73, 0x2c78, 0x1d1b, 0x1d1d, 0x1c42, 0x1c3d, 
0x0e87, 0x0e80, 0xe79f, 0xe79c, 0xc772, 0xc774, 0xadf4, 0xadf3, 
0xb474, 0xb471, 0xd387, 0xd388, 0xd1ca, 0xd1cd, 0xc873, 0xc875, 
0xdf2d, 0xdf2f, 0xfe0e, 0xfe0e, 0x11a7, 0x11a8, 0x2522, 0x2524, 
0x27ba, 0x27bb, 0x2092, 0x208e, 0x29f4, 0x29f0, 0x1f97, 0x1f98, 
0x0103, 0x0108, 0xff86, 0xff88, 0x05a6, 0x05a6, 0x0ff2, 0x0ff0, 
0x194f, 0x194c, 0x0a2b, 0x0a29, 0x0ea0, 0x0ea0, 0x18e8, 0x18ec, 
0x0f9d, 0x0fa0, 0x161c, 0x1619, 0x3508, 0x34ff, 0x3847, 0x3841, 
0x127a, 0x127c, 0xee58, 0xee5f, 0xc960, 0xc966, 0xc346, 0xc349, 
0xdcea, 0xdce9, 0xdbe1, 0xdbd9, 0xda99, 0xda95, 0xe98e, 0xe990, 
0xe597, 0xe594, 0xe03f, 0xe034, 0xe721, 0xe714, 0xe42d, 0xe423, 
0xdbad, 0xdbaa, 0xeab1, 0xeaaf, 0xf4a6, 0xf4a6, 0xe287, 0xe286, 
0xe43b, 0xe437, 0xf0ef, 0xf0ea, 0x0548, 0x0544, 0x1469, 0x1467, 
0x084c, 0x084f, 0x17be, 0x17c1, 0x4108, 0x410c, 0x53b3, 0x53bb, 
0x56c3, 0x56cc, 0x6430, 0x6434, 0x6081, 0x6082, 0x38ee, 0x38e9, 
0x0a23, 0x0a1c, 0xe711, 0xe70d, 0xe5e1, 0xe5e2, 0xf9b0, 0xf9b6, 
0xebb4, 0xebb9, 0xd7b8, 0xd7b6, 0xe10b, 0xe105, 0xd7fa, 0xd7f7, 
0xc4b1, 0xc4b2, 0xc5ea, 0xc5ec, 0xd239, 0xd23b, 0xe24a, 0xe24a, 
0xf5c9, 0xf5c9, 0xf92a, 0xf92f, 0xeb38, 0xeb40, 0xe054, 0xe056, 
0xe094, 0xe096, 0xfd76, 0xfd7c, 0x1c13, 0x1c1a, 0x1c75, 0x1c7a, 
0x1bdf, 0x1bdd, 0x2a63, 0x2a60, 0x25d3, 0x25d2, 0x2046, 0x2047, 
0x26b5, 0x26b6, 0x1e70, 0x1e73, 0x0ee2, 0x0ee7, 0xeb9d, 0xeba1, 
0xc895, 0xc898, 0xd35f, 0xd35f, 0xe9d5, 0xe9d0, 0xe73a, 0xe734, 
0xe8f4, 0xe8ee, 0xfa7a, 0xfa71, 0x0856, 0x084e, 0x1c09, 0x1c05, 
0x2a1a, 0x2a1b, 0x1e3a, 0x1e3b, 0x1eba, 0x1eb5, 0x2581, 0x257c, 
0x0f77, 0x0f78, 0xfc6c, 0xfc6c, 0xebc3, 0xebc0, 0xe901, 0xe8ff, 
0xfd03, 0xfcfe, 0xfef2, 0xfeee, 0xf8d5, 0xf8d8, 0xff5d, 0xff61, 
0x060e, 0x060c, 0xf688, 0xf680, 0xff4f, 0xff4a, 0x2147, 0x2142, 
0x2295, 0x228e, 0x166a, 0x1666, 0xf772, 0xf775, 0xcbbf, 0xcbbd, 
0xc950, 0xc949, 0xd59f, 0xd59a, 0xde38, 0xde37, 0xf541, 0xf540, 
0x04f3, 0x04ef, 0x0402, 0x0400, 0x03da, 0x03d9, 0x0b00, 0x0afe, 
0xfd82, 0xfd82, 0xfb3f, 0xfb41, 0x0f7e, 0x0f79, 0x08f7, 0x08f0, 
0xfb48, 0xfb42, 0xec27, 0xec1e, 0xe78c, 0xe788, 0xfa70, 0xfa73, 
0xfeed, 0xfeef, 0xf387, 0xf389, 0xffdd, 0xffe0, 0x2415, 0x2414, 
0x2fca, 0x2fc4, 0x3200, 0x31fa, 0x45da, 0x45d7, 0x438a, 0x4389, 
0x27f7, 0x27f9, 0x00fa, 0x00fc, 0xdab4, 0xdab0, 0xe179, 0xe175, 
0xeb0e, 0xeb0e, 0xddb4, 0xddb2, 0xe36b, 0xe36a, 0xee6d, 0xee70, 
0xe805, 0xe80a, 0xdac3, 0xdac8, 0xd98f, 0xd995, 0xe141, 0xe148, 
0xf511, 0xf518, 0x0c37, 0x0c3c, 0x1077, 0x107b, 0x0758, 0x075a, 
0xf703, 0xf707, 0xefbf, 0xefc3, 0x08f3, 0x08f6, 0x206a, 0x206c, 
0x1ec4, 0x1ec4, 0x2340, 0x233c, 0x270d, 0x270c, 0x22dd, 0x22e1, 
0x1f29, 0x1f2a, 0x1950, 0x194f, 0x1839, 0x1839, 0x0b9a, 0x0b9a, 
0xe37a, 0xe37a, 0xbeaa, 0xbea9, 0xc14a, 0xc146, 0xc8f8, 0xc8f5, 
0xc3a4, 0xc3a5, 0xcc38, 0xcc3b, 0xd9fe, 0xd9fb, 0xef0a, 0xef03, 
0x0ee4, 0x0ee0, 0x1560, 0x155c, 0x17bd, 0x17bb, 0x2734, 0x2736, 
0x2653, 0x2658, 0x1d83, 0x1d84, 0x0ae4, 0x0adf, 0xfdd5, 0xfdcf, 
0x02e8, 0x02e8, 0x10ec, 0x10ef, 0x1182, 0x1182, 0x097d, 0x0978, 
0x19f7, 0x19f6, 0x1cd1, 0x1cd5, 0x11c9, 0x11cb, 0x1ebf, 0x1ec1, 
0x29ac, 0x29af, 0x305b, 0x305f, 0x27d3, 0x27d6, 0xfff4, 0xfff3, 
0xdba6, 0xdba4, 0xc8a3, 0xc8a0, 0xc2d0, 0xc2ce, 0xc864, 0xc867, 
0xdc8f, 0xdc93, 0xe6ba, 0xe6bb, 0xdf12, 0xdf11, 0xec95, 0xec92, 
0xeac4, 0xeabf, 0xddbe, 0xddba, 0xec7b, 0xec7f, 0xf8f3, 0xf8fa, 
0xfcc9, 0xfcce, 0xf2cf, 0xf2d2, 0xe721, 0xe723, 0xee88, 0xee8a, 
0x022c, 0x022d, 0x0525, 0x0526, 0xf7b1, 0xf7ba, 0x0d2c, 0x0d37, 
0x3119, 0x311d, 0x3e96, 0x3e97, 0x4edc, 0x4edf, 0x5594, 0x5595, 
0x578a, 0x5789, 0x4cb2, 0x4caf, 0x1cc6, 0x1cc4, 0xfe85, 0xfe84, 
0xfcae, 0xfcab, 0xf530, 0xf529, 0xe7b0, 0xe7a8, 0xe882, 0xe87d, 
0xec75, 0xec71, 0xdd80, 0xdd7f, 0xd479, 0xd47d, 0xcca2, 0xcca8, 
0xcb3a, 0xcb3c, 0xde47, 0xde45, 0xe871, 0xe86e, 0xef3a, 0xef3b, 
0xee32, 0xee38, 0xd776, 0xd77e, 0xd746, 0xd74b, 0xf1fc, 0xf1fb, 
0x028b, 0x028b, 0x0c13, 0x0c15, 0x1580, 0x157e, 0x1dac, 0x1dab, 
0x21ce, 0x21cf, 0x2232, 0x2232, 0x1e99, 0x1e99, 0x26a4, 0x26a5, 
0x26f7, 0x26f5, 0x0274, 0x0271, 0xe4ba, 0xe4b8, 0xde63, 0xde64, 
0xd8fa, 0xd8fa, 0xdd96, 0xdd91, 0xe516, 0xe512, 0xe96b, 0xe96e, 
0xfdf0, 0xfdf6, 0x1351, 0x135a, 0x183b, 0x1842, 0x1a0f, 0x1a0f, 
0x2366, 0x2361, 0x2251, 0x224b, 0x13dd, 0x13d9, 0x074e, 0x074c, 
0xf5ce, 0xf5c9, 0xf7cf, 0xf7cb, 0x0393, 0x0393, 0xf7aa, 0xf7ac, 
0xfa6b, 0xfa6b, 0x0348, 0x0344, 0xfde9, 0xfde5, 0xfeb5, 0xfeb5, 
0x053b, 0x053c, 0x1314, 0x1314, 0x239e, 0x239e, 0x2329, 0x2329, 
0x085e, 0x085d, 0xe77e, 0xe77b, 0xd893, 0xd88e, 0xc98a, 0xc985, 
0xd13d, 0xd13c, 0xf146, 0xf14a, 0xf677, 0xf67f, 0xf993, 0xf998, 
0x01a3, 0x01a5, 0xfd56, 0xfd54, 0xfa9b, 0xfa96, 0x041c, 0x0419, 
0x0f47, 0x0f44, 0x0df3, 0x0def, 0x04ab, 0x04ab, 0xeed0, 0xeed3, 
0xeb67, 0xeb6a, 0xfc40, 0xfc44, 0xee72, 0xee75, 0xe955, 0xe958, 
0xfd84, 0xfd84, 0x0ef6, 0x0ef4, 0x2780, 0x277e, 0x33f8, 0x33f8, 
0x3e9b, 0x3e98, 0x4fb8, 0x4fb7, 0x42e6, 0x42e6, 0x1b59, 0x1b57, 
0xfa7f, 0xfa80, 0xf4c7, 0xf4cb, 0xe755, 0xe758, 0xd828, 0xd828, 
0xe163, 0xe163, 0xe326, 0xe32a, 0xe19d, 0xe1a1, 0xd970, 0xd975, 
0xcf0f, 0xcf15, 0xdea5, 0xdead, 0xf190, 0xf196, 0xfdc0, 0xfdc3, 
0x0adb, 0x0adb, 0x06a2, 0x06a4, 0xf657, 0xf65b, 0xf687, 0xf683, 
0x05bd, 0x05b5, 0x0f65, 0x0f61, 0x19be, 0x19ba, 0x1fb5, 0x1fb0, 
0x1f59, 0x1f57, 0x248e, 0x2492, 0x1a22, 0x1a25, 0x1693, 0x1695, 
0x28da, 0x28dc, 0x1f23, 0x1f2a, 0xfd66, 0xfd73, 0xdea2, 0xdeaf, 
0xc99b, 0xc99f, 0xbfd1, 0xbfd0, 0xbc8e, 0xbc8d, 0xbcb5, 0xbcb4, 
0xc434, 0xc434, 0xddab, 0xddaa, 0xf7d5, 0xf7d3, 0x00ba, 0x00b8, 
0x104c, 0x104b, 0x22d7, 0x22d7, 0x27f2, 0x27ee, 0x28a9, 0x28a6, 
0x1587, 0x1588, 0x0b08, 0x0b0b, 0x1aab, 0x1aad, 0x1878, 0x187c, 
0x0eb4, 0x0eb8, 0x17bb, 0x17be, 0x1e61, 0x1e5f, 0x197b, 0x1975, 
0x16fd, 0x16f7, 0x1569, 0x1562, 0x1904, 0x18fe, 0x2d99, 0x2d96, 
0x2cfb, 0x2cf8, 0x090d, 0x090b, 0xebdd, 0xebdd, 0xcf4c, 0xcf4d, 
0xb7e2, 0xb7e1, 0xbe87, 0xbe87, 0xca79, 0xca7b, 0xd398, 0xd399, 
0xe216, 0xe215, 0xec6b, 0xec6b, 0xe7a9, 0xe7a8, 0xe9cb, 0xe9cd, 
0xf5a6, 0xf5af, 0xfabe, 0xfac4, 0x08e9, 0x08eb, 0xfbba, 0xfbbd, 
0xe1e7, 0xe1e8, 0xf0f7, 0xf0f7, 0xf7a2, 0xf79f, 0xead8, 0xead6, 
0xec9a, 0xec98, 0xf9c0, 0xf9bf, 0x1771, 0x176c, 0x32a3, 0x32a2, 
0x3e04, 0x3e08, 0x4e24, 0x4e28, 0x6a44, 0x6a49, 0x6a98, 0x6a9e, 
0x3fc6, 0x3fca, 0x2578, 0x2579, 0x13fe, 0x13fc, 0xf857, 0xf852, 
0xe8a6, 0xe89f, 0xdc7d, 0xdc79, 0xdec3, 0xdec3, 0xe21d, 0xe21d, 
0xd55c, 0xd55c, 0xccd8, 0xccdb, 0xcf0d, 0xcf14, 0xd7e3, 0xd7ea, 
0xe774, 0xe775, 0xf6f5, 0xf6f4, 0xedd4, 0xedd6, 0xd981, 0xd985, 
0xdc06, 0xdc0c, 0xe468, 0xe46a, 0xef4c, 0xef4c, 0xfce9, 0xfce9, 
0x0092, 0x0093, 0x1417, 0x1418, 0x207d, 0x2080, 0x17db, 0x17db, 
0x1f56, 0x1f56, 0x370d, 0x3711, 0x3fe2, 0x3fe8, 0x2965, 0x296a, 
0x0a41, 0x0a46, 0xf21e, 0xf220, 0xe4f4, 0xe4f3, 0xddf4, 0xddf3, 
0xd037, 0xd037, 0xd300, 0xd2fd, 0xeadd, 0xead6, 0xf9fd, 0xf9f3, 
0x07d2, 0x07cb, 0x146a, 0x1465, 0x1a81, 0x1a7b, 0x2b8d, 0x2b87, 
0x2b97, 0x2b92, 0x1149, 0x1145, 0x0571, 0x0571, 0x0b01, 0x0b03, 
0x032f, 0x032c, 0xf6ca, 0xf6c4, 0xfafd, 0xfaf9, 0xfaa3, 0xfa9c, 
0xfba8, 0xfb9f, 0x0132, 0x0130, 0xf66b, 0xf66e, 0xfa15, 0xfa17, 
0x174a, 0x1749, 0x1fdc, 0x1fd6, 0x1617, 0x1611, 0xff52, 0xff51, 
0xdb73, 0xdb7b, 0xcb87, 0xcb93, 0xd161, 0xd167, 0xd572, 0xd577, 
0xdcc3, 0xdcc9, 0xf320, 0xf321, 0xfa01, 0xfa02, 0xfd65, 0xfd67, 
0x0816, 0x0817, 0x053c, 0x053f, 0x1729, 0x172e, 0x271b, 0x271d, 
0x0ebb, 0x0ebc, 0xfbc8, 0xfbca, 0xfbec, 0xfbea, 0xf93e, 0xf93b, 
0xedbf, 0xedbe, 0xdf63, 0xdf63, 0xdf33, 0xdf32, 0xf362, 0xf35e, 
0x0e1c, 0x0e14, 0x1215, 0x120f, 0x1f14, 0x1f14, 0x4688, 0x4689, 
0x4964, 0x4963, 0x369f, 0x369e, 0x2211, 0x2211, 0x0a11, 0x0a0e, 
0xfb8a, 0xfb86, 0xe956, 0xe955, 0xe047, 0xe049, 0xe4a4, 0xe4a5, 
0xe44f, 0xe452, 0xe098, 0xe09f, 0xe311, 0xe319, 0xe3ba, 0xe3bf, 
0xe37a, 0xe37b, 0xf95b, 0xf95a, 0x0e72, 0x0e72, 0x0609, 0x060a, 
0xfd72, 0xfd75, 0xf9aa, 0xf9a8, 0xfef8, 0xfef2, 0x0b9f, 0x0b98, 
0x08cd, 0x08c9, 0x0ceb, 0x0ce8, 0x1747, 0x1744, 0x185b, 0x185a, 
0x0e2b, 0x0e2a, 0x0a45, 0x0a45, 0x1c49, 0x1c49, 0x25bb, 0x25b9, 
0x1de4, 0x1de6, 0x01b7, 0x01bb, 0xe028, 0xe02d, 0xd6ce, 0xd6cf, 
0xcbf1, 0xcbee, 0xbafd, 0xbafc, 0xc143, 0xc145, 0xcb5d, 0xcb5f, 
0xdcfc, 0xdcf8, 0xf792, 0xf788, 0x0054, 0x004e, 0x0b8d, 0x0b8c, 
0x2315, 0x2315, 0x2980, 0x2980, 0x18b0, 0x18b3, 0x160c, 0x1615, 
0x1aa7, 0x1aac, 0x1475, 0x1474, 0x153e, 0x153a, 0x158c, 0x1585, 
0x153a, 0x1534, 0x2265, 0x2265, 0x21a0, 0x21a3, 0x0f4b, 0x0f4f, 
0x1133, 0x1136, 0x1f40, 0x1f44, 0x2649, 0x264a, 0x2580, 0x257d, 
0x0e7e, 0x0e7b, 0xe28e, 0xe28c, 0xcd90, 0xcd90, 0xcb1c, 0xcb1b, 
0xc3f2, 0xc3f1, 0xd567, 0xd56b, 0xde57, 0xde5e, 0xde0a, 0xde0f, 
0xeeee, 0xeef1, 0xe878, 0xe873, 0xe125, 0xe11f, 0xf667, 0xf668, 
0x011c, 0x0123, 0xf6ca, 0xf6cf, 0xec78, 0xec79, 0xebc0, 0xebc5, 
0xecf6, 0xecff, 0xea00, 0xea05, 0xe62d, 0xe62b, 0xe662, 0xe65f, 
0x05e0, 0x05de, 0x1d65, 0x1d63, 0x1ba3, 0x1ba3, 0x2ff7, 0x2ffc, 
0x4bec, 0x4bf0, 0x5ccc, 0x5cca, 0x587d, 0x587c, 0x42b4, 0x42b8, 
0x2ca9, 0x2cac, 0x1767, 0x1769, 0x0274, 0x0274, 0xf4c5, 0xf4c3, 
0xf63f, 0xf63f, 0xf1c3, 0xf1c3, 0xe8fa, 0xe8f7, 0xe9b4, 0xe9b3, 
0xda86, 0xda8d, 0xcf95, 0xcf9f, 0xde59, 0xde61, 0xe4a8, 0xe4ac, 
0xe454, 0xe451, 0xd8b6, 0xd8b1, 0xd09e, 0xd09c, 0xdba8, 0xdba5, 
0xe197, 0xe196, 0xee6d, 0xee6b, 0x008e, 0x008b, 0x14bf, 0x14bd, 
0x1c30, 0x1c2e, 0x1388, 0x1388, 0x15b5, 0x15ba, 0x20d0, 0x20d2, 
0x310b, 0x3107, 0x3813, 0x3810, 0x1da3, 0x1da5, 0x0187, 0x0188, 
0xf52e, 0xf52f, 0xe640, 0xe640, 0xde32, 0xde31, 0xdab6, 0xdab7, 
0xdfc3, 0xdfc8, 0xf4a0, 0xf4a2, 0x087b, 0x087e, 0x07b3, 0x07b8, 
0x0b62, 0x0b63, 0x20b0, 0x20af, 0x1b92, 0x1b99, 0x0d29, 0x0d2e, 
0x0a37, 0x0a37, 0x028b, 0x0290, 0x0001, 0x0007, 0xfcb8, 0xfcb9, 
0xf1da, 0xf1d7, 0xf90f, 0xf90c, 0x0aad, 0x0aac, 0x077f, 0x0783, 
0xfa5b, 0xfa61, 0xfc41, 0xfc48, 0x096d, 0x0972, 0x17c1, 0x17c5, 
0x276f, 0x2773, 0x11cb, 0x11cf, 0xf209, 0xf208, 0xe741, 0xe73c, 
0xd6a5, 0xd6a2, 0xdcc9, 0xdcca, 0xed94, 0xed93, 0xecf2, 0xecf2, 
0xf9bc, 0xf9bf, 0x0a59, 0x0a5a, 0x023d, 0x0236, 0xfd2c, 0xfd22, 
0x0c44, 0x0c41, 0x133b, 0x133c, 0x0564, 0x0561, 0xf97f, 0xf97c, 
0xef7b, 0xef79, 0xed66, 0xed67, 0xec35, 0xec37, 0xd40e, 0xd40d, 
0xd6af, 0xd6af, 0xf24a, 0xf24b, 0xff6a, 0xff69, 0x0579, 0x0577, 
0x10c8, 0x10c8, 0x2aff, 0x2b01, 0x409a, 0x409b, 0x45ed, 0x45ec, 
0x3707, 0x3703, 0x221b, 0x2216, 0x150d, 0x1509, 0x0151, 0x014c, 
0xf31f, 0xf31e, 0xf105, 0xf108, 0xe9e7, 0xe9e7, 0xefb2, 0xefae, 
0xf12d, 0xf12c, 0xe39e, 0xe3a1, 0xe19a, 0xe19e, 0xe7c2, 0xe7c6, 
0xf67e, 0xf681, 0xf75f, 0xf760, 0xef69, 0xef69, 0xed24, 0xed28, 
0xefe7, 0xefeb, 0xf9ca, 0xf9cc, 0xfcee, 0xfcf2, 0x0aa7, 0x0aaa, 
0x1d24, 0x1d20, 0x1c40, 0x1c3a, 0x16d2, 0x16d1, 0x10ab, 0x10ae, 
0x151d, 0x1520, 0x2bcf, 0x2bd2, 0x2ebb, 0x2ebb, 0x174c, 0x174a, 
0xf7b4, 0xf7af, 0xdfbe, 0xdfbc, 0xd3c4, 0xd3c7, 0xc4fd, 0xc500, 
0xb960, 0xb960, 0xb782, 0xb77e, 0xd369, 0xd364, 0xec65, 0xec66, 
0xeb60, 0xeb65, 0xfbd0, 0xfbd2, 0x10de, 0x10da, 0x1622, 0x161a, 
0x1a1e, 0x1a18, 0x1a73, 0x1a73, 0x19b1, 0x19b7, 0x1f39, 0x1f3e, 
0x1937, 0x1937, 0x0d70, 0x0d71, 0x1726, 0x1729, 0x2c22, 0x2c26, 
0x2798, 0x279b, 0x1f90, 0x1f92, 0x19c2, 0x19c2, 0x11f9, 0x11f6, 
0x28d8, 0x28d5, 0x301c, 0x301c, 0x186a, 0x1868, 0x00cb, 0x00c8, 
0xe1db, 0xe1db, 0xce95, 0xce99, 0xd21d, 0xd21d, 0xd4e6, 0xd4e6, 
0xd1f0, 0xd1f0, 0xdc8b, 0xdc8b, 0xea1e, 0xea1f, 0xe06e, 0xe06c, 
0xdb2b, 0xdb27, 0xe987, 0xe985, 0xef6f, 0xef6f, 0xf565, 0xf564, 
0xeaf4, 0xeaf4, 0xde65, 0xde65, 0xee96, 0xee97, 0xee4e, 0xee4e, 
0xdf28, 0xdf28, 0xe5e1, 0xe5e1, 0x01f6, 0x01f4, 0x1266, 0x1267, 
0x17dc, 0x17dd, 0x24d0, 0x24ce, 0x3777, 0x3774, 0x5290, 0x528f, 
0x613c, 0x613c, 0x5778, 0x5778, 0x4b4a, 0x4b4c, 0x362d, 0x362c, 
0x1da0, 0x1d9e, 0x0c63, 0x0c63, 0xf6d1, 0xf6ce, 0xef11, 0xef0a, 
0xee7e, 0xee77, 0xebd4, 0xebd2, 0xdfb0, 0xdfb4, 0xce3a, 0xce3c, 
0xd0c0, 0xd0c1, 0xd2c9, 0xd2c8, 0xd76d, 0xd76c, 0xd8b2, 0xd8b2, 
0xcdf8, 0xcdf8, 0xd4d7, 0xd4d8, 0xdec2, 0xdec3, 0xe630, 0xe62e, 
0xfb19, 0xfb14, 0x0b90, 0x0b90, 0x140a, 0x140f, 0x1270, 0x1270, 
0x098a, 0x0985, 0x1425, 0x1423, 0x2c5e, 0x2c5e, 0x3d24, 0x3d26, 
0x3084, 0x3085, 0x17a3, 0x17a2, 0x02a8, 0x02a5, 0xf589, 0xf58a, 
0xf002, 0xf004, 0xdce3, 0xdce3, 0xda32, 0xda33, 0xeed9, 0xeed8, 
0xf6f4, 0xf6f2, 0xf787, 0xf788, 0xfd1a, 0xfd1f, 0x03b1, 0x03b9, 
0x08c4, 0x08ca, 0x0c2e, 0x0c31, 0x0c1f, 0x0c21, 0x0925, 0x0926, 
0x0ef6, 0x0ef7, 0x046c, 0x0468, 0xf00b, 0xf005, 0xffb8, 0xffb8, 
0x0a75, 0x0a76, 0x0ac4, 0x0ac3, 0x0c97, 0x0c92, 0xfb9e, 0xfb95, 
0xfddc, 0xfdd4, 0x112c, 0x1129, 0x1a6b, 0x1a6a, 0x1bcf, 0x1bce, 
0x0ea4, 0x0ea3, 0xf2b1, 0xf2b2, 0xe136, 0xe138, 0xe4b2, 0xe4b6, 
0xe5fd, 0xe602, 0xe621, 0xe626, 0xfa44, 0xfa46, 0x02d7, 0x02d9, 
0xfe1c, 0xfe1a, 0x00b6, 0x00b3, 0x0098, 0x0097, 0x0d32, 0x0d2e, 
0x141d, 0x1414, 0x01b5, 0x01ad, 0xefc3, 0xefbc, 0xf294, 0xf290, 
0xed0b, 0xed0c, 0xd485, 0xd485, 0xd9c7, 0xd9c3, 0xefc4, 0xefc0, 
0xf66d, 0xf668, 0xf8d2, 0xf8cd, 0xf813, 0xf80f, 0x0990, 0x098c, 
0x28b0, 0x28ae, 0x35ed, 0x35eb, 0x3ee1, 0x3ee0, 0x3d2c, 0x3d2b, 
0x2c08, 0x2c07, 0x1807, 0x1808, 0x0105, 0x0107, 0xf292, 0xf297, 
0xe9b3, 0xe9b9, 0xf1b7, 0xf1b9, 0xf853, 0xf854, 0xec24, 0xec23, 
0xe6dc, 0xe6da, 0xe323, 0xe323, 0xe64a, 0xe64c, 0xf541, 0xf53e, 
0xf73e, 0xf739, 0xf3e8, 0xf3e5, 0xf782, 0xf783, 0xf8a6, 0xf8a3, 
0xfaa7, 0xfaa3, 0x056b, 0x056b, 0x1830, 0x1833, 0x1d66, 0x1d67, 
0x1417, 0x1413, 0x03ea, 0x03e4, 0x0230, 0x022b, 0x1c30, 0x1c2f, 
0x29eb, 0x29eb, 0x243d, 0x243c, 0x0df3, 0x0df3, 0xef16, 0xef18, 
0xe17c, 0xe17d, 0xcf82, 0xcf81, 0xbbcb, 0xbbc8, 0xc10e, 0xc10a, 
0xd22a, 0xd229, 0xdd2a, 0xdd2a, 0xe126, 0xe123, 0xea88, 0xea85, 
0xf829, 0xf823, 0x097b, 0x0977, 0x1e28, 0x1e27, 0x1ca9, 0x1ca7, 
0x2130, 0x2131, 0x2bd8, 0x2bdc, 0x19e3, 0x19e4, 0x0ecb, 0x0ecb, 
0x149f, 0x149f, 0x23c4, 0x23c3, 0x313c, 0x313b, 0x278f, 0x278f, 
0x1624, 0x1621, 0x1362, 0x135e, 0x1b00, 0x1aff, 0x20f1, 0x20f2, 
0x25cc, 0x25cc, 0x1b88, 0x1b8b, 0xf696, 0xf69d, 0xe31d, 0xe320, 
0xdd1c, 0xdd15, 0xca28, 0xca21, 0xcc2f, 0xcc30, 0xda22, 0xda24, 
0xe0b2, 0xe0b1, 0xe118, 0xe11a, 0xda99, 0xda9d, 0xdea1, 0xdea4, 
0xf2d0, 0xf2d1, 0x02b7, 0x02b7, 0xf291, 0xf291, 0xe3b7, 0xe3b8, 
0xedaa, 0xedaa, 0xe5c5, 0xe5c3, 0xd797, 0xd795, 0xdfbb, 0xdfbe, 
0xf483, 0xf487, 0x0969, 0x096c, 0x09d0, 0x09d1, 0x0660, 0x065f, 
0x1a7c, 0x1a7e, 0x3857, 0x385a, 0x526a, 0x526f, 0x6131, 0x6135, 
0x651c, 0x6521, 0x51e6, 0x51ec, 0x359c, 0x35a0, 0x1f6a, 0x1f6c, 
0xfec7, 0xfec5, 0xed0d, 0xed06, 0xf17d, 0xf177, 0xefa7, 0xefa8, 
0xe942, 0xe943, 0xdb24, 0xdb21, 0xcb91, 0xcb8c, 0xcf05, 0xcf01, 
0xd91d, 0xd91b, 0xd7b6, 0xd7b4, 0xd12c, 0xd12a, 0xd7d9, 0xd7d7, 
0xdcad, 0xdcad, 0xd9d6, 0xd9da, 0xe5ac, 0xe5b2, 0xf8d4, 0xf8d6, 
0x0c48, 0x0c47, 0x1146, 0x1144, 0x0667, 0x0665, 0x0c39, 0x0c37, 
0x209a, 0x2096, 0x3797, 0x3790, 0x410d, 0x4108, 0x2ed5, 0x2ecf, 
0x1884, 0x1881, 0x0bc4, 0x0bc9, 0xfb64, 0xfb70, 0xe592, 0xe59e, 
0xde7b, 0xde80, 0xe880, 0xe87e, 0xeab9, 0xeab5, 0xedfb, 0xedf9, 
0xece3, 0xece6, 0xeb05, 0xeb0a, 0x0078, 0x007d, 0x0c6f, 0x0c72, 
0x0c60, 0x0c62, 0x10ee, 0x10f0, 0x0eca, 0x0ec7, 0x06b6, 0x06b0, 
0xf837, 0xf834, 0xf2eb, 0xf2eb, 0x02de, 0x02dd, 0x1349, 0x1347, 
0x137b, 0x137c, 0x0886, 0x0887, 0x0718, 0x0718, 0x0620, 0x0621, 
0x0cbe, 0x0cc1, 0x23ff, 0x2404, 0x1d4a, 0x1d4d, 0x0357, 0x0356, 
0xf8ef, 0xf8ed, 0xee14, 0xee11, 0xdf71, 0xdf6e, 0xda07, 0xda06, 
0xe558, 0xe556, 0xf4e4, 0xf4e2, 0xff28, 0xff2b, 0xfc3d, 0xfc41, 
0xf964, 0xf965, 0x0f94, 0x0f91, 0x17db, 0x17d5, 0x038b, 0x0384, 
0xf8ee, 0xf8e8, 0xf243, 0xf240, 0xe697, 0xe697, 0xda08, 0xda0b, 
0xd5ed, 0xd5f2, 0xe454, 0xe45a, 0xf16f, 0xf170, 0xf49a, 0xf495, 
0xf2b0, 0xf2a9, 0xfd85, 0xfd7e, 0x13ec, 0x13e8, 0x29e0, 0x29df, 
0x46ce, 0x46cf, 0x5083, 0x5084, 0x3db5, 0x3db5, 0x2d4b, 0x2d48, 
0x163e, 0x163b, 0xf830, 0xf82b, 0xeba9, 0xeba9, 0xecb7, 0xecbe, 
0xf245, 0xf24e, 0xf6bc, 0xf6be, 0xee66, 0xee62, 0xde4a, 0xde48, 
0xe152, 0xe157, 0xf025, 0xf02d, 0xf129, 0xf12e, 0xf37b, 0xf37c, 
0xf983, 0xf985, 0xf8d5, 0xf8d9, 0xf5b0, 0xf5ae, 0xf4e5, 0xf4dc, 
0x0203, 0x01fb, 0x1261, 0x1260, 0x13d4, 0x13d6, 0x0e7b, 0x0e7e, 
0x0c23, 0x0c2a, 0x13c4, 0x13c9, 0x259a, 0x2598, 0x2faf, 0x2faa, 
0x2450, 0x2453, 0x0a20, 0x0a2c, 0xf979, 0xf984, 0xe5c4, 0xe5c9, 
0xcd2a, 0xcd2a, 0xc527, 0xc525, 0xc39b, 0xc397, 0xcab7, 0xcab3, 
0xd32f, 0xd32d, 0xd337, 0xd336, 0xe08b, 0xe086, 0xf71c, 0xf719, 
0x096b, 0x0968, 0x17e5, 0x17e0, 0x1f87, 0x1f84, 0x2380, 0x237f, 
0x2096, 0x2093, 0x172d, 0x1728, 0x1107, 0x1106, 0x1d2d, 0x1d31, 
0x2f6c, 0x2f6e, 0x2e94, 0x2e8c, 0x2b0b, 0x2b01, 0x1fae, 0x1fa6, 
0x0ebd, 0x0ebc, 0x176d, 0x1770, 0x2608, 0x2608, 0x2214, 0x2212, 
0x1198, 0x1199, 0x02f8, 0x02fb, 0xef5b, 0xef5a, 0xd61c, 0xd61a, 
0xc8a5, 0xc8a5, 0xc64b, 0xc64c, 0xd237, 0xd237, 0xdeda, 0xded9, 
0xd695, 0xd697, 0xdb04, 0xdb0a, 0xeebd, 0xeec7, 0xf489, 0xf48e, 
0xf0ae, 0xf0ae, 0xea7f, 0xea7f, 0xe874, 0xe872, 0xe476, 0xe46f, 
0xdffc, 0xdff8, 0xdf66, 0xdf67, 0xe826, 0xe82a, 0xf8c1, 0xf8c2, 
0xfeda, 0xfed6, 0x0571, 0x056b, 0x1343, 0x1341, 0x222b, 0x222b, 
0x427d, 0x427f, 0x6486, 0x648b, 0x6934, 0x6937, 0x5cfd, 0x5cfd, 
0x4f2f, 0x4f2f, 0x34b3, 0x34b2, 0x106a, 0x1069, 0xf86a, 0xf86c, 
0xed48, 0xed4e, 0xeae8, 0xeaec, 0xefb3, 0xefaf, 0xe3a2, 0xe3a0, 
0xd3c0, 0xd3c2, 0xd46a, 0xd46c, 0xd839, 0xd839, 0xda05, 0xda09, 
0xdc18, 0xdc1e, 0xe002, 0xe003, 0xe521, 0xe51a, 0xe1e3, 0xe1df, 
0xdacb, 0xdacc, 0xe242, 0xe23f, 0xf455, 0xf450, 0x0265, 0x025f, 
0x04e7, 0x04e0, 0x07a3, 0x079a, 0x1206, 0x11fc, 0x27bf, 0x27b9, 
0x3c87, 0x3c87, 0x3839, 0x383f, 0x2b0b, 0x2b0f, 0x2136, 0x2134, 
0x11dc, 0x11d7, 0xfdee, 0xfded, 0xe893, 0xe897, 0xe0ad, 0xe0af, 
0xe44e, 0xe44b, 0xe0ef, 0xe0eb, 0xdc99, 0xdc95, 0xe033, 0xe02f, 
0xedd4, 0xedd1, 0xfcd0, 0xfcd1, 0x047e, 0x0481, 0x0b73, 0x0b70, 
0x0ebf, 0x0eb9, 0x1025, 0x1025, 0x0441, 0x0446, 0xf411, 0xf414, 
0xf839, 0xf835, 0x01d3, 0x01cc, 0x1002, 0x0ffe, 0x196c, 0x1969, 
0x0fe0, 0x0fde, 0x0781, 0x0784, 0x1109, 0x110a, 0x211e, 0x2117, 
0x20c0, 0x20b3, 0x1764, 0x1758, 0x13b3, 0x13ab, 0x0488, 0x0481, 
0xeebf, 0xeebb, 0xdbe3, 0xdbe0, 0xd776, 0xd772, 0xe884, 0xe882, 
0xef19, 0xef19, 0xec25, 0xec25, 0xf314, 0xf313, 0x0347, 0x0346, 
0x103e, 0x103e, 0x0d12, 0x0d18, 0x0422, 0x042a, 0xfb0f, 0xfb13, 
0xf440, 0xf43d, 0xe970, 0xe96e, 0xd973, 0xd971, 0xdd49, 0xdd48, 
0xe747, 0xe746, 0xe603, 0xe605, 0xeb0d, 0xeb0e, 0xee1e, 0xee20, 
0xf3dd, 0xf3e0, 0x100e, 0x100e, 0x31d9, 0x31d5, 0x442a, 0x4428, 
0x488b, 0x4888, 0x47f8, 0x47f6, 0x33f9, 0x33f4, 0x1312, 0x1309, 
0xfaa7, 0xfa9e, 0xef2a, 0xef26, 0xfade, 0xfadd, 0x0749, 0x074c, 
0xfd1d, 0xfd24, 0xf1df, 0xf1e3, 0xecb3, 0xecb0, 0xed55, 0xed51, 
0xf171, 0xf175, 0xf129, 0xf132, 0xf84f, 0xf852, 0xfecc, 0xfec6, 
0xf61a, 0xf612, 0xe76d, 0xe76a, 0xe87d, 0xe881, 0xf87d, 0xf884, 
0xfecf, 0xfed2, 0x00e0, 0x00e0, 0xff46, 0xff45, 0xff7c, 0xff79, 
0x1551, 0x154d, 0x2499, 0x2496, 0x2148, 0x2145, 0x1aee, 0x1af0, 
0x0f82, 0x0f84, 0xfe9a, 0xfe98, 0xe6c1, 0xe6bf, 0xd5ef, 0xd5ef, 
0xd446, 0xd445, 0xd710, 0xd711, 0xd76c, 0xd76c, 0xcf93, 0xcf92, 
0xd2dc, 0xd2dc, 0xe3f4, 0xe3f3, 0xf72d, 0xf72c, 0x0e11, 0x0e11, 
0x1b16, 0x1b19, 0x26f9, 0x26fc, 0x2dd7, 0x2dd5, 0x1e71, 0x1e6c, 
0x115d, 0x115b, 0x1159, 0x1155, 0x1c1c, 0x1c19, 0x2e6d, 0x2e71, 
0x3832, 0x3838, 0x2ec9, 0x2eca, 0x19df, 0x19dc, 0x170b, 0x1707, 
0x1b5f, 0x1b5e, 0x154a, 0x154b, 0x16dc, 0x16de, 0x14dc, 0x14de, 
0x06a1, 0x06a1, 0xe9c1, 0xe9c3, 0xc676, 0xc679, 0xc004, 0xc004, 
0xcbc3, 0xcbc5, 0xd042, 0xd046, 0xce30, 0xce36, 0xd1f7, 0xd1fa, 
0xe324, 0xe320, 0xf05c, 0xf053, 0xf3df, 0xf3d5, 0xef36, 0xef30, 
0xec41, 0xec3e, 0xee38, 0xee36, 0xe1d4, 0xe1d2, 0xdf9d, 0xdf9e, 
0xeffd, 0xefff, 0xf8e6, 0xf8e2, 0x02cd, 0x02c5, 0x0a49, 0x0a45, 
0x0ab7, 0x0ab7, 0x11e2, 0x11e2, 0x26f6, 0x26f5, 0x42c6, 0x42ca, 
0x54be, 0x54c4, 0x5f61, 0x5f67, 0x5bec, 0x5bf3, 0x4734, 0x4735, 
0x2ad2, 0x2ad1, 0x02f9, 0x02fa, 0xeb40, 0xeb42, 0xee3f, 0xee42, 
0xf155, 0xf157, 0xece0, 0xecdf, 0xdf06, 0xdf05, 0xd6f5, 0xd6f4, 
0xda07, 0xda02, 0xdac1, 0xdaba, 0xdd32, 0xdd2b, 0xe3c1, 0xe3ba, 
0xead0, 0xeace, 0xe5d8, 0xe5e0, 0xdad7, 0xdae0, 0xdcfe, 0xdd03, 
0xe717, 0xe71b, 0xf95c, 0xf95f, 0x0588, 0x0589, 0x0357, 0x0357, 
0x0baf, 0x0baf, 0x1d38, 0x1d38, 0x2cfa, 0x2cfa, 0x346e, 0x3473, 
0x31f5, 0x31fc, 0x2dd7, 0x2ddb, 0x2175, 0x2175, 0x0d8a, 0x0d86, 
0xf91d, 0xf916, 0xead5, 0xead2, 0xe47c, 0xe480, 0xdbc5, 0xdbca, 
0xd6bc, 0xd6bd, 0xd745, 0xd745, 0xe009, 0xe00b, 0xf4bd, 0xf4c0, 
0x0207, 0x020e, 0x0b51, 0x0b55, 0x146d, 0x146a, 0x0fd1, 0x0fcf, 
0x066e, 0x0674, 0xff25, 0xff29, 0xf63f, 0xf641, 0xf306, 0xf30a, 
0x034d, 0x0356, 0x155f, 0x1568, 0x0ea4, 0x0ea8, 0x04b6, 0x04b6, 
0x0593, 0x0593, 0x0911, 0x090c, 0x10e8, 0x10e4, 0x15a5, 0x15a7, 
0x1943, 0x1947, 0x1c13, 0x1c13, 0x0cdb, 0x0cd5, 0xef2d, 0xef24, 
0xde03, 0xde01, 0xe2f4, 0xe2f6, 0xe7a6, 0xe7a4, 0xe6e5, 0xe6e0, 
0xef79, 0xef78, 0x00a3, 0x00a4, 0x1340, 0x1340, 0x1828, 0x1824, 
0x101f, 0x1017, 0x0be0, 0x0bd9, 0x0135, 0x0132, 0xee80, 0xee7c, 
0xe91b, 0xe917, 0xed49, 0xed4b, 0xea1c, 0xea1c, 0xe7bb, 0xe7b8, 
0xeab2, 0xeab1, 0xe3af, 0xe3af, 0xe0ca, 0xe0c7, 0xf397, 0xf394, 
0x0bbf, 0x0bbd, 0x2551, 0x2550, 0x3eec, 0x3eee, 0x4814, 0x4817, 
0x43e3, 0x43e6, 0x362d, 0x3632, 0x158a, 0x158d, 0xf57d, 0xf580, 
0xf269, 0xf26e, 0xfa5e, 0xfa63, 0xf5bc, 0xf5c0, 0xeeeb, 0xeeee, 
0xec96, 0xec98, 0xe998, 0xe99b, 0xe660, 0xe663, 0xe889, 0xe88b, 
0xf459, 0xf45e, 0xfec2, 0xfeca, 0xf944, 0xf945, 0xee97, 0xee93, 
0xebdd, 0xebd9, 0xee55, 0xee50, 0xf6dc, 0xf6d6, 0x020c, 0x0209, 
0x01f8, 0x01f5, 0x0011, 0x000d, 0x0cde, 0x0cda, 0x1b98, 0x1b95, 
0x228d, 0x228b, 0x25da, 0x25da, 0x22fd, 0x22fd, 0x18d3, 0x18d0, 
0x092c, 0x0924, 0xf304, 0xf2fc, 0xdd67, 0xdd66, 0xd3b0, 0xd3b6, 
0xcdf0, 0xcdf3, 0xc17f, 0xc17e, 0xbd01, 0xbd00, 0xd003, 0xd001, 
0xea35, 0xea33, 0xf917, 0xf917, 0x09c9, 0x09cc, 0x1fa7, 0x1fa7, 
0x2866, 0x2863, 0x2596, 0x2593, 0x2437, 0x2435, 0x1e9a, 0x1e95, 
0x16ce, 0x16cb, 0x21d7, 0x21d6, 0x2ec4, 0x2ec4, 0x25e2, 0x25dd, 
0x16dc, 0x16d9, 0x0f11, 0x0f15, 0x12c1, 0x12c5, 0x1831, 0x182e, 
0x187d, 0x187b, 0x1ad1, 0x1acf, 0x19b0, 0x19ad, 0x0a65, 0x0a63, 
0xe825, 0xe824, 0xcc8c, 0xcc8b, 0xc60a, 0xc608, 0xc4df, 0xc4e0, 
0xc359, 0xc35f, 0xbe4b, 0xbe52, 0xcfc3, 0xcfc9, 0xed4f, 0xed57, 
0xec4f, 0xec56, 0xead4, 0xead9, 0xfae1, 0xfae0, 0x01d7, 0x01d4, 
0xf797, 0xf796, 0xf63b, 0xf63c, 0xfd9f, 0xfda1, 0xf38d, 0xf393, 
0xf697, 0xf69f, 0xff92, 0xff9a, 0xf73e, 0xf744, 0xf979, 0xf97b, 
0x075a, 0x0758, 0x231e, 0x2317, 0x3e5d, 0x3e55, 0x4a2c, 0x4a2b, 
0x50b3, 0x50b8, 0x4fb7, 0x4fba, 0x49c3, 0x49c3, 0x317c, 0x317a, 
0x15a5, 0x15a1, 0x0591, 0x058e, 0xf78a, 0xf78c, 0xf515, 0xf518, 
0xe7bc, 0xe7b9, 0xda2e, 0xda27, 0xdcb5, 0xdcb1, 0xd325, 0xd321, 
0xccf1, 0xccee, 0xd803, 0xd803, 0xe704, 0xe706, 0xe5ed, 0xe5ec, 
0xdb9f, 0xdb9e, 0xd821, 0xd828, 0xd220, 0xd22d, 0xe13f, 0xe148, 
0xfbb5, 0xfbb7, 0x015e, 0x015d, 0x0301, 0x0302, 0x0b9b, 0x0b9e, 
0x1dd7, 0x1dd9, 0x2cab, 0x2ca8, 0x2f44, 0x2f43, 0x2e18, 0x2e1c, 
0x2a63, 0x2a68, 0x2628, 0x262c, 0x1801, 0x1803, 0x0276, 0x0274, 
0xf101, 0xf0f9, 0xe440, 0xe439, 0xdb43, 0xdb40, 0xd3d1, 0xd3cb, 
0xd683, 0xd67e, 0xe35d, 0xe35c, 0xefc1, 0xefbc, 0xf9f8, 0xf9ef, 
0x0306, 0x0300, 0x08c1, 0x08c0, 0x0e0d, 0x0e0b, 0x10d8, 0x10d4, 
0x045b, 0x0458, 0xfc22, 0xfc21, 0x0a93, 0x0a92, 0x1d00, 0x1cfc, 
0x1c82, 0x1c7d, 0x0aa6, 0x0aa5, 0x080e, 0x0813, 0x0e83, 0x0e83, 
0x0b57, 0x0b55, 0x0f09, 0x0f09, 0x1e89, 0x1e8a, 0x2985, 0x2983, 
0x1735, 0x1731, 0xfdb7, 0xfdb2, 0xee0d, 0xee07, 0xe1fa, 0xe1f4, 
0xec37, 0xec33, 0xf1f9, 0xf1f9, 0xf07e, 0xf081, 0xfa95, 0xfa99, 
0xfc25, 0xfc28, 0xf593, 0xf593, 0xf009, 0xf006, 0xf52f, 0xf52b, 
0xec9d, 0xec9e, 0xdcb7, 0xdcbb, 0xe341, 0xe343, 0xe280, 0xe282, 
0xe0f1, 0xe0f0, 0xdf3b, 0xdf37, 0xdef6, 0xdef4, 0xe977, 0xe979, 
0xe747, 0xe749, 0xec85, 0xec86, 0x0403, 0x03fd, 0x201a, 0x2014, 
0x32b3, 0x32b4, 0x3c04, 0x3c07, 0x4a23, 0x4a26, 0x44c9, 0x44ce, 
0x2dfb, 0x2dfe, 0x1666, 0x166b, 0xff6b, 0xff6f, 0x0229, 0x022a, 
0x0889, 0x088b, 0xfdc4, 0xfdc7, 0xf545, 0xf547, 0xf436, 0xf435, 
0xf7b7, 0xf7b5, 0xf4e9, 0xf4e4, 0xfbbb, 0xfbb7, 0xfff8, 0xfff9, 
0xf6e1, 0xf6de, 0xef6d, 0xef61, 0xddd7, 0xddd0, 0xd5a1, 0xd5a5, 
0xe12b, 0xe133, 0xf37b, 0xf37f, 0x0139, 0x0138, 0x0ae4, 0x0ae1, 
0x104d, 0x104a, 0x103b, 0x103b, 0x1480, 0x1483, 0x1775, 0x1779, 
0x1c18, 0x1c18, 0x1d9d, 0x1d9a, 0x1692, 0x168e, 0x0880, 0x087a, 
0xfc08, 0xfc04, 0xedb0, 0xedae, 0xd95f, 0xd95e, 0xd109, 0xd10b, 
0xce47, 0xce4a, 0xd291, 0xd292, 0xdf35, 0xdf37, 0xf3a1, 0xf3a2, 
0x0874, 0x0875, 0x0ef7, 0x0ef5, 0x1153, 0x114d, 0x1a8e, 0x1a8f, 
0x213d, 0x2145, 0x176b, 0x1774, 0x0e04, 0x0e0a, 0x104a, 0x1048, 
0x1bae, 0x1ba9, 0x1ba4, 0x1ba2, 0x13f5, 0x13f7, 0x0abd, 0x0ac0, 
0xf4c0, 0xf4c5, 0xea37, 0xea38, 0xf210, 0xf20e, 0x1a0f, 0x1a0e, 
0x376e, 0x376d, 0x2ff5, 0x2ff0, 0x1abd, 0x1ab9, 0xfbea, 0xfbe4, 
0xf195, 0xf192, 0xe06d, 0xe070, 0xd07f, 0xd087, 0xcc24, 0xcc27, 
0xcda3, 0xcda4, 0xdb17, 0xdb1a, 0xd83c, 0xd83e, 0xe52c, 0xe52a, 
0xf3ff, 0xf3fd, 0xe942, 0xe942, 0xdde4, 0xdde8, 0xdf6b, 0xdf70, 
0xf079, 0xf079, 0xf255, 0xf254, 0xe8aa, 0xe8a7, 0xf22f, 0xf22f, 
0xfcf9, 0xfcfa, 0xfa2d, 0xfa2b, 0xf099, 0xf094, 0x0041, 0x0040, 
0x2013, 0x2016, 0x2191, 0x2193, 0x3a2d, 0x3a2e, 0x5f50, 0x5f53, 
0x665b, 0x6659, 0x5535, 0x5530, 0x3671, 0x366f, 0x34cd, 0x34ce, 
0x31c3, 0x31c1, 0x2cf4, 0x2cf4, 0x21af, 0x21b3, 0x106e, 0x1074, 
0x05a9, 0x05ae, 0xe9e4, 0xe9e8, 0xd8b9, 0xd8bd, 0xc4eb, 0xc4ed, 
0xc7a4, 0xc7a6, 0xe0a9, 0xe0b0, 0xde73, 0xde7e, 0xd8c0, 0xd8c7, 
0xd682, 0xd687, 0xd067, 0xd068, 0xcc60, 0xcc5e, 0xd57e, 0xd57a, 
0xedb4, 0xedb0, 0xf3ae, 0xf3ab, 0xed4e, 0xed4b, 0xf8ec, 0xf8e9, 
0x0a07, 0x0a01, 0x1471, 0x146d, 0x0fca, 0x0fc9, 0x25a8, 0x25a8, 
0x2cdd, 0x2cdc, 0x0acf, 0x0acf, 0x01bf, 0x01be, 0xfbce, 0xfbcc, 
0xfe25, 0xfe21, 0xec42, 0xec3d, 0xe133, 0xe133, 0xebab, 0xebad, 
0xef4c, 0xef48, 0xfde3, 0xfddf, 0x0019, 0x0018, 0x11e7, 0x11e3, 
0x186c, 0x1867, 0x1dab, 0x1daa, 0x1415, 0x1416, 0xe5ce, 0xe5d0, 
0xdeb0, 0xdeb0, 0xfabb, 0xfab4, 0x18de, 0x18d6, 0x2501, 0x24fd, 
0x2636, 0x2636, 0x1753, 0x1750, 0xfbe3, 0xfbe3, 0xf1f6, 0xf1f8, 
0x0ad4, 0x0ad4, 0x2366, 0x2364, 0x15b7, 0x15bc, 0xfb7c, 0xfb84, 
0xf629, 0xf62c, 0xeffb, 0xeffc, 0xdfb1, 0xdfaf, 0xee62, 0xee5e, 
0xf1b1, 0xf1af, 0xf033, 0xf032, 0xf0a4, 0xf0a3, 0xfced, 0xfcee, 
0x1518, 0x1519, 0x060e, 0x0611, 0xfcbe, 0xfcc1, 0xf549, 0xf549, 
0xfe09, 0xfe07, 0x00e5, 0x00e5, 0xfe1b, 0xfe1b, 0x05f9, 0x05f5, 
0xf2dd, 0xf2d6, 0xfba6, 0xfba1, 0xf5c4, 0xf5c1, 0xd54c, 0xd548, 
0xd0fd, 0xd0f8, 0xdc22, 0xdc1e, 0xf4e6, 0xf4e2, 0x1822, 0x1820, 
0x3c93, 0x3c8e, 0x4dd6, 0x4dd0, 0x377f, 0x377c, 0x15ec, 0x15ed, 
0x0869, 0x086a, 0x0831, 0x082e, 0xf661, 0xf65d, 0xe16c, 0xe16c, 
0xf9cf, 0xf9d0, 0xfa39, 0xfa39, 0xe5fb, 0xe5fc, 0xe6df, 0xe6e3, 
0xe80e, 0xe815, 0xedb9, 0xedbc, 0xf10b, 0xf10d, 0x0ef6, 0x0ef4, 
0x17e6, 0x17e3, 0x0688, 0x068b, 0xff1a, 0xff1f, 0x024d, 0x024f, 
0x1677, 0x1679, 0x161e, 0x1620, 0x1a94, 0x1a93, 0x21b2, 0x21ae, 
0x1706, 0x1702, 0x184e, 0x1849, 0x188f, 0x1889, 0x044f, 0x044a, 
0xee7c, 0xee78, 0xdcd1, 0xdccd, 0xde2c, 0xde29, 0xe719, 0xe719, 
0xebe5, 0xebe2, 0xf7be, 0xf7b7, 0xdfc6, 0xdfc1, 0xca97, 0xca9a, 
0xdc15, 0xdc1c, 0xf032, 0xf038, 0xe954, 0xe958, 0xe006, 0xe008, 
0xf7ab, 0xf7ae, 0x0b00, 0x0afc, 0x110e, 0x1102, 0x0b78, 0x0b6f, 
0x000a, 0x0009, 0xf134, 0xf137, 0xf5b8, 0xf5bb, 0x182d, 0x182f, 
0x35da, 0x35d9, 0x3ae1, 0x3adf, 0x2bc5, 0x2bc1, 0x2d28, 0x2d23, 
0x2935, 0x2931, 0x29bb, 0x29bb, 0x431c, 0x431c, 0x46b5, 0x46b6, 
0x334b, 0x334f, 0x1bd5, 0x1bd5, 0x041c, 0x0415, 0xe4d9, 0xe4d1, 
0xbd7b, 0xbd72, 0xa7b5, 0xa7af, 0xabdb, 0xabd9, 0xbc1a, 0xbc1a, 
0xd9bd, 0xd9bb, 0xf1cb, 0xf1c9, 0xe9c7, 0xe9c9, 0xd77b, 0xd77c, 
0xee6d, 0xee6f, 0x036f, 0x0372, 0xf054, 0xf053, 0xe81d, 0xe81e, 
0xe7c0, 0xe7c6, 0xf39f, 0xf3a8, 0xf356, 0xf35e, 0xec9a, 0xeca0, 
0xf169, 0xf16e, 0xe8e9, 0xe8ec, 0xf4cc, 0xf4cc, 0x0915, 0x0918, 
0x319c, 0x31a0, 0x4f66, 0x4f6b, 0x5585, 0x5589, 0x6ae8, 0x6ae7, 
0x4ed8, 0x4ed3, 0x3831, 0x382f, 0x408a, 0x4086, 0x2bba, 0x2bb5, 
0x1e6e, 0x1e6c, 0x1654, 0x1652, 0x0bfd, 0x0bf8, 0xeced, 0xeceb, 
0xba06, 0xba06, 0xa6af, 0xa6b2, 0xa262, 0xa269, 0xbccb, 0xbcd2, 
0xdf41, 0xdf48, 0xe354, 0xe358, 0xd793, 0xd794, 0xc237, 0xc238, 
0xdcef, 0xdcf3, 0xf0eb, 0xf0ed, 0xe5fc, 0xe5fc, 0xe926, 0xe922, 
0xf362, 0xf35c, 0x0c21, 0x0c1a, 0x0c0e, 0x0c0c, 0x1971, 0x1971, 
0x272b, 0x272b, 0x1a40, 0x1a3d, 0x21c0, 0x21bc, 0x218c, 0x2188, 
0x2543, 0x253c, 0x21b8, 0x21b2, 0x165a, 0x1655, 0x0ef2, 0x0eed, 
0xf4c7, 0xf4c1, 0xff4f, 0xff49, 0x0f07, 0x0f02, 0xffb6, 0xffaf, 
0x01b2, 0x01aa, 0x0654, 0x0652, 0x1c7c, 0x1c81, 0x1bd2, 0x1bd9, 
0xf4ed, 0xf4ef, 0xde6e, 0xde6e, 0xc736, 0xc737, 0xd322, 0xd324, 
0xf32b, 0xf32c, 0x0533, 0x0536, 0x005a, 0x005e, 0xf213, 0xf213, 
0x00fe, 0x00fc, 0xfcef, 0xfcee, 0xf678, 0xf679, 0x02eb, 0x02f1, 
0x1820, 0x1826, 0x21f6, 0x21f4, 0x0a8c, 0x0a87, 0x0406, 0x0405, 
0xfde6, 0xfde4, 0xebd4, 0xebd4, 0xe880, 0xe884, 0xebb9, 0xebc0, 
0xf669, 0xf66f, 0xfb41, 0xfb42, 0x051e, 0x051b, 0x057d, 0x0577, 
0xfba4, 0xfba3, 0x1e7c, 0x1e7c, 0x3077, 0x3076, 0x1f4b, 0x1f4d, 
0x0f49, 0x0f4a, 0x0651, 0x064f, 0x14cb, 0x14c5, 0xfff8, 0xfff4, 
0xdba2, 0xdba3, 0xc8c1, 0xc8c0, 0xbadd, 0xbada, 0xc843, 0xc845, 
0xea7e, 0xea80, 0x06b0, 0x06af, 0x05c5, 0x05c7, 0x1827, 0x1829, 
0x3957, 0x3959, 0x3086, 0x308a, 0x1a2c, 0x1a33, 0x128d, 0x1294, 
0x103a, 0x103d, 0x08b6, 0x08b4, 0x0930, 0x092e, 0x0fce, 0x0fcd, 
0x0813, 0x0811, 0xf598, 0xf595, 0xdefd, 0xdefd, 0xe349, 0xe34b, 
0x00af, 0x00af, 0x1000, 0x0ffc, 0x1355, 0x134f, 0xf39a, 0xf395, 
0xd8be, 0xd8bc, 0xf1c8, 0xf1c7, 0x0ae1, 0x0ade, 0x0cc2, 0x0cc1, 
0x04b6, 0x04ba, 0x0ea8, 0x0eaa, 0x1aab, 0x1aa9, 0x1485, 0x1484, 
0xff9d, 0xff9e, 0xec39, 0xec39, 0xee0a, 0xee05, 0xfa57, 0xfa50, 
0x10ca, 0x10ca, 0x142f, 0x1437, 0xfc0e, 0xfc17, 0xe41d, 0xe421, 
0xe1fe, 0xe1fe, 0xe11d, 0xe11a, 0xcf41, 0xcf3e, 0xd6b1, 0xd6b1, 
0xdfa6, 0xdfa5, 0xd6f2, 0xd6f2, 0xe12d, 0xe130, 0xfc88, 0xfc8c, 
0x1ea5, 0x1ea8, 0x246f, 0x2471, 0x0d74, 0x0d75, 0x0ad7, 0x0ad6, 
0x0d65, 0x0d68, 0x1d68, 0x1d6e, 0x2e30, 0x2e2d, 0x205f, 0x2055, 
0x1733, 0x172c, 0x1dc7, 0x1dc7, 0x2edc, 0x2edc, 0x248a, 0x2485, 
0x1d2a, 0x1d22, 0x38a9, 0x38a2, 0x44d4, 0x44cd, 0x3007, 0x3005, 
0xff76, 0xff77, 0xd6d9, 0xd6da, 0xb468, 0xb46a, 0xb09b, 0xb098, 
0xce31, 0xce29, 0xd695, 0xd68d, 0xd354, 0xd34d, 0xd111, 0xd108, 
0xdd11, 0xdd07, 0xe226, 0xe222, 0xe381, 0xe384, 0xfd44, 0xfd45, 
0x0938, 0x093b, 0xfef0, 0xfef6, 0xecbe, 0xecbf, 0xeaa7, 0xeaa2, 
0xfe51, 0xfe4b, 0xf227, 0xf221, 0xe4fd, 0xe4fa, 0xeb2b, 0xeb2b, 
0xf156, 0xf159, 0x105c, 0x105b, 0x1ae0, 0x1adc, 0x1c95, 0x1c94, 
0x2fea, 0x2fea, 0x4eaa, 0x4eab, 0x6be6, 0x6bea, 0x5dab, 0x5dae, 
0x4833, 0x4835, 0x386c, 0x386e, 0x3558, 0x3555, 0x2640, 0x2638, 
0x0145, 0x013d, 0xe962, 0xe95f, 0xc214, 0xc216, 0xac3e, 0xac43, 
0xbb98, 0xbb9a, 0xcefa, 0xcef9, 0xd85a, 0xd857, 0xddfd, 0xddfc, 
0xe139, 0xe138, 0xce3e, 0xce3e, 0xc3e7, 0xc3e6, 0xdab0, 0xdab0, 
0xefae, 0xefb0, 0xf736, 0xf737, 0xfa5b, 0xfa59, 0x0cb8, 0x0cb5, 
0x225d, 0x225d, 0x0fe0, 0x0fdf, 0x0dbf, 0x0dbb, 0x1d5f, 0x1d5a, 
0x270f, 0x270b, 0x4104, 0x40ff, 0x41fe, 0x41f9, 0x2bb6, 0x2bb3, 
0x0b16, 0x0b13, 0x03de, 0x03de, 0x0cec, 0x0ceb, 0xfc78, 0xfc78, 
0xf412, 0xf412, 0xf76e, 0xf76c, 0xfb0f, 0xfb0f, 0xf3a4, 0xf3a6, 
0xeac7, 0xeac7, 0xed8a, 0xed8a, 0xe3f4, 0xe3f6, 0xd4eb, 0xd4e8, 
0xdb92, 0xdb88, 0xe341, 0xe33e, 0xeaac, 0xeab0, 0xf72b, 0xf729, 
0xfdef, 0xfdea, 0x0683, 0x0681, 0x04fe, 0x0500, 0x08d8, 0x08db, 
0x06b5, 0x06b2, 0x0152, 0x014b, 0x12c4, 0x12be, 0x2cec, 0x2cea, 
0x37cc, 0x37cc, 0x1e92, 0x1e92, 0x04bd, 0x04bc, 0xee9f, 0xee9e, 
0xe472, 0xe473, 0xf6ec, 0xf6ee, 0x04a9, 0x04ab, 0x00c0, 0x00bf, 
0xf673, 0xf66d, 0xfa24, 0xfa20, 0x0690, 0x0691, 0x0788, 0x0787, 
0x0a7f, 0x0a7b, 0x242c, 0x242a, 0x2a5d, 0x2a5c, 0x1119, 0x111b, 
0xf78c, 0xf791, 0xe00f, 0xe013, 0xc255, 0xc256, 0xac2e, 0xac2e, 
0xbe0e, 0xbe0e, 0xd484, 0xd488, 0xdcaa, 0xdcb2, 0xe1fa, 0xe1ff, 
0xefee, 0xefed, 0x11ee, 0x11ed, 0x2f9b, 0x2f9b, 0x457a, 0x457b, 
0x482d, 0x4831, 0x2ea0, 0x2ea1, 0x1cdd, 0x1cd7, 0x1fb3, 0x1faf, 
0x1832, 0x1833, 0x07eb, 0x07f1, 0xf53e, 0xf546, 0xe379, 0xe37e, 
0xd92c, 0xd92c, 0xdf51, 0xdf4d, 0xf7e3, 0xf7df, 0x015b, 0x015b, 
0x075e, 0x0761, 0x07f6, 0x07f7, 0x0786, 0x0789, 0x05b8, 0x05bc, 
0xfca6, 0xfca4, 0x0fb8, 0x0fb5, 0x1b23, 0x1b27, 0x1be6, 0x1be9, 
0x1cde, 0x1cdb, 0x077f, 0x0779, 0xe6ad, 0xe6a9, 0xd4d2, 0xd4d4, 
0xea1e, 0xea22, 0x0479, 0x047d, 0x0b51, 0x0b53, 0x0e8b, 0x0e88, 
0x0ace, 0x0ac9, 0x014e, 0x0149, 0xf441, 0xf439, 0xea64, 0xea5b, 
0xe8b5, 0xe8af, 0xd9a0, 0xd99c, 0xd71b, 0xd717, 0xe009, 0xe005, 
0xd87f, 0xd87e, 0xd9b2, 0xd9b1, 0xe60b, 0xe608, 0xf9a4, 0xf9a1, 
0xff7d, 0xff80, 0x08cc, 0x08d3, 0x1f72, 0x1f79, 0x20ff, 0x2106, 
0x1c9a, 0x1ca0, 0x22ff, 0x2301, 0x3930, 0x3932, 0x3bf3, 0x3bf7, 
0x2a56, 0x2a5b, 0x2748, 0x274e, 0x285d, 0x2863, 0x2cc2, 0x2cc3, 
0x2c98, 0x2c96, 0x18e8, 0x18e7, 0xf58e, 0xf58c, 0xd826, 0xd820, 
0xd4f0, 0xd4e9, 0xd9c9, 0xd9c1, 0xd11d, 0xd116, 0xcb55, 0xcb54, 
0xd4ca, 0xd4cb, 0xe136, 0xe135, 0xe1fa, 0xe1fb, 0xe3f9, 0xe3fd, 
0xe7c1, 0xe7c0, 0xe970, 0xe96e, 0xfc26, 0xfc28, 0x04e3, 0x04e8, 
0xfc40, 0xfc42, 0xf506, 0xf504, 0xf31c, 0xf31b, 0xeef9, 0xeefc, 
0xe914, 0xe917, 0xfb19, 0xfb1d, 0x14b9, 0x14bb, 0x1a36, 0x1a35, 
0x09a9, 0x09ab, 0x0e31, 0x0e36, 0x33cf, 0x33d2, 0x47ec, 0x47ed, 
0x4f12, 0x4f12, 0x5799, 0x5795, 0x51cd, 0x51c9, 0x42ce, 0x42cf, 
0x35b1, 0x35b7, 0x1f0c, 0x1f10, 0xf91d, 0xf91b, 0xdaf3, 0xdaf0, 
0xd16b, 0xd16b, 0xc855, 0xc856, 0xb9a2, 0xb9a1, 0xb274, 0xb271, 
0xc3a6, 0xc3a5, 0xdc5a, 0xdc5a, 0xdda4, 0xdda9, 0xde40, 0xde47, 
0xdebb, 0xdebd, 0xde83, 0xde84, 0xeba5, 0xeba8, 0xf928, 0xf92d, 
0xf9a5, 0xf9ab, 0xf5e4, 0xf5e8, 0xfe53, 0xfe51, 0xfa48, 0xfa46, 
0xf04a, 0xf04c, 0x00f7, 0x00f9, 0x22ed, 0x22ef, 0x358a, 0x3587, 
0x2ed1, 0x2ecd, 0x2ab4, 0x2ab3, 0x341a, 0x341c, 0x32ed, 0x32ee, 
0x1fa4, 0x1fa1, 0x1373, 0x136f, 0x0e8a, 0x0e8b, 0x0854, 0x0858, 
0x0007, 0x0008, 0xeec1, 0xeec4, 0xd1bd, 0xd1be, 0xc5db, 0xc5d9, 
0xda29, 0xda2c, 0xe6e4, 0xe6ed, 0xe4eb, 0xe4f1, 0xe5c1, 0xe5c1, 
0xedd2, 0xedd1, 0xf47e, 0xf47c, 0xfe8d, 0xfe8b, 0x1047, 0x104a, 
0x1a9e, 0x1aa2, 0x1655, 0x165a, 0x0a5e, 0x0a62, 0x0a3d, 0x0a3e, 
0x0c10, 0x0c13, 0x0f76, 0x0f7d, 0x1a56, 0x1a5e, 0x182e, 0x1833, 
0x0062, 0x005e, 0xf63a, 0xf631, 0x0738, 0x0734, 0x0806, 0x0807, 
0xf7e6, 0xf7ea, 0xf5c6, 0xf5cb, 0x05b3, 0x05b6, 0x0d19, 0x0d1a, 
0x06a4, 0x06a4, 0x0053, 0x0053, 0x02d7, 0x02d6, 0x0da3, 0x0da1, 
0x1519, 0x1519, 0x10b4, 0x10b7, 0xf1c0, 0xf1c3, 0xce45, 0xce46, 
0xc178, 0xc179, 0xc378, 0xc378, 0xc566, 0xc565, 0xd6d9, 0xd6d7, 
0xed50, 0xed50, 0xea57, 0xea59, 0xe8b9, 0xe8bc, 0xfd33, 0xfd35, 
0x1a99, 0x1a99, 0x296e, 0x296e, 0x3353, 0x3357, 0x3809, 0x380c, 
0x2e6f, 0x2e6b, 0x2285, 0x227d, 0x16c4, 0x16be, 0x0deb, 0x0dec, 
0xff22, 0xff29, 0xf8d8, 0xf8e1, 0x06ad, 0x06b2, 0x06a5, 0x06a3, 
0xf479, 0xf471, 0xf5cb, 0xf5c0, 0x091e, 0x0916, 0x135f, 0x135c, 
0x1248, 0x1248, 0x0efe, 0x0efb, 0x0531, 0x052e, 0xfee1, 0xfedd, 
0x0a6b, 0x0a68, 0x0a2e, 0x0a2c, 0xfc60, 0xfc5d, 0xe859, 0xe859, 
0xdb72, 0xdb79, 0xdc15, 0xdc1d, 0xd88c, 0xd88d, 0xead5, 0xead3, 
0x0756, 0x0754, 0x13f4, 0x13f5, 0x1181, 0x1182, 0x104e, 0x104a, 
0x106b, 0x1061, 0xf850, 0xf845, 0xe5ce, 0xe5c5, 0xe6db, 0xe6d9, 
0xe6b5, 0xe6ba, 0xe4ed, 0xe4f3, 0xd84f, 0xd852, 0xc95e, 0xc960, 
0xc8f5, 0xc8f7, 0xdd23, 0xdd25, 0x0624, 0x0625, 0x1c15, 0x1c15, 
0x1aa1, 0x1a9f, 0x1b9b, 0x1b9e, 0x21c6, 0x21cb, 0x2bb1, 0x2bb0, 
0x3295, 0x3294, 0x40ed, 0x40ed, 0x3d6a, 0x3d6b, 0x2e4c, 0x2e4e, 
0x2eb9, 0x2eba, 0x2511, 0x2513, 0x0fc8, 0x0fcb, 0xfa09, 0xfa0b, 
0xf2ad, 0xf2af, 0xea94, 0xea94, 0xd88c, 0xd887, 0xd75c, 0xd752, 
0xddfd, 0xddf3, 0xdcb1, 0xdca8, 0xdbf7, 0xdbee, 0xe5e9, 0xe5e3, 
0xf1ef, 0xf1ee, 0xe90f, 0xe910, 0xded8, 0xdedb, 0xe97e, 0xe981, 
0xfa11, 0xfa12, 0x0895, 0x0893, 0x0a57, 0x0a55, 0xf7b3, 0xf7b4, 
0xe093, 0xe097, 0xdc66, 0xdc67, 0xe662, 0xe661, 0xee42, 0xee43, 
0xfc2e, 0xfc32, 0x09d4, 0x09d8, 0x0b62, 0x0b60, 0x0b6c, 0x0b65, 
0x16d8, 0x16d0, 0x290c, 0x2905, 0x3957, 0x3954, 0x4e08, 0x4e08, 
0x5ec2, 0x5ec2, 0x5daa, 0x5da9, 0x3b20, 0x3b20, 0x10aa, 0x10ac, 
0xfe04, 0xfe05, 0xed4d, 0xed4d, 0xdca3, 0xdca8, 0xd8fe, 0xd902, 
0xd50d, 0xd50d, 0xc3c7, 0xc3c8, 0xc03c, 0xc03f, 0xd9d5, 0xd9d6, 
0xee86, 0xee83, 0xf2d1, 0xf2d1, 0xe8e0, 0xe8e1, 0xe028, 0xe028, 
0xe7ad, 0xe7ad, 0xeee6, 0xeee4, 0xfa21, 0xfa1f, 0xfd65, 0xfd63, 
0xf1be, 0xf1b9, 0xf1a0, 0xf198, 0xfd85, 0xfd83, 0x0a1f, 0x0a23, 
0x14a6, 0x14aa, 0x2b3b, 0x2b3b, 0x3ccc, 0x3cd0, 0x35c4, 0x35c7, 
0x3944, 0x3943, 0x342f, 0x342c, 0x1afd, 0x1afb, 0x0e38, 0x0e38, 
0x11df, 0x11dd, 0x1b32, 0x1b34, 0x047a, 0x0480, 0xdb14, 0xdb19, 
0xbe48, 0xbe49, 0xb063, 0xb065, 0xbbd6, 0xbbdb, 0xd6fd, 0xd705, 
0xf3b3, 0xf3ba, 0xf66e, 0xf673, 0xf17b, 0xf17c, 0xff10, 0xff0e, 
0x04aa, 0x04a4, 0x0cd2, 0x0ccf, 0x1ab9, 0x1aba, 0x1cfc, 0x1cf9, 
0x16fc, 0x16f4, 0x124c, 0x1244, 0x1156, 0x1151, 0x019f, 0x01a0, 
0xf53e, 0xf543, 0x0290, 0x0294, 0x0c94, 0x0c96, 0x0a69, 0x0a6d, 
0x0195, 0x0199, 0x03d1, 0x03d1, 0x06fa, 0x06f7, 0xfea6, 0xfea1, 
0x098b, 0x0985, 0x1590, 0x158a, 0x0991, 0x098f, 0xf626, 0xf623, 
0x00e4, 0x00dd, 0x218f, 0x2184, 0x2369, 0x2363, 0x092c, 0x0929, 
0xe9d8, 0xe9d7, 0xd4d0, 0xd4d2, 0xc702, 0xc703, 0xbb6d, 0xbb6b, 
0xc20a, 0xc20b, 0xd29d, 0xd2a3, 0xe175, 0xe178, 0xe9bd, 0xe9b7, 
0xf0c5, 0xf0c1, 0xf572, 0xf573, 0xfd44, 0xfd46, 0x1370, 0x1375, 
0x2a8c, 0x2a90, 0x4089, 0x4087, 0x4df0, 0x4dec, 0x36f5, 0x36f2, 
0x12fa, 0x12f8, 0x093e, 0x093e, 0x0e2c, 0x0e2c, 0x0af9, 0x0af8, 
0x08db, 0x08d6, 0x0a40, 0x0a3f, 0xf60e, 0xf612, 0xe775, 0xe777, 
0xf275, 0xf274, 0x0a53, 0x0a51, 0x11cc, 0x11ca, 0xfc55, 0xfc57, 
0x0462, 0x0467, 0x1bab, 0x1baf, 0x0ee6, 0x0eea, 0xf0e8, 0xf0ed, 
0xe656, 0xe658, 0xe747, 0xe744, 0xd8ee, 0xd8ed, 0xd906, 0xd908, 
0xde79, 0xde79, 0xe0a8, 0xe0a3, 0xf935, 0xf92f, 0x0fbf, 0x0fbc, 
0x1cc6, 0x1cc5, 0x23a3, 0x23a4, 0x1e94, 0x1e95, 0x1009, 0x100c, 
0xf9a3, 0xf9a7, 0xf15b, 0xf15d, 0xf71c, 0xf720, 0xf0ee, 0xf0f3, 
0xd5dc, 0xd5e0, 0xbccc, 0xbcce, 0xc615, 0xc613, 0xd558, 0xd550, 
0xedf7, 0xeded, 0x13eb, 0x13e7, 0x1d1d, 0x1d1e, 0x2050, 0x2055, 
0x23e8, 0x23ea, 0x24dc, 0x24da, 0x2173, 0x2173, 0x2019, 0x201c, 
0x38bd, 0x38bd, 0x4bdc, 0x4bd7, 0x46cd, 0x46ca, 0x23a6, 0x23a6, 
0xff7e, 0xff81, 0xf452, 0xf451, 0xedef, 0xede7, 0xef6e, 0xef65, 
0xefb9, 0xefb8, 0xe594, 0xe593, 0xe456, 0xe453, 0xe6d3, 0xe6d5, 
0xe05e, 0xe05e, 0xe208, 0xe207, 0xf3aa, 0xf3ae, 0xf807, 0xf80d, 
0xe0fd, 0xe100, 0xdc50, 0xdc51, 0xf319, 0xf321, 0xff66, 0xff6e, 
0xeff2, 0xeff5, 0xe092, 0xe096, 0xed2a, 0xed30, 0xf28a, 0xf28e, 
0xe7d1, 0xe7d2, 0xe7dc, 0xe7dd, 0xf922, 0xf927, 0x0837, 0x083c, 
0x0e7d, 0x0e81, 0x1b58, 0x1b5b, 0x14b1, 0x14b2, 0x08dd, 0x08e0, 
0x1f74, 0x1f77, 0x4c39, 0x4c3c, 0x67e1, 0x67e5, 0x624a, 0x624e, 
0x4655, 0x4655, 0x20f5, 0x20f0, 0x06ea, 0x06e7, 0xf075, 0xf076, 
0xe6be, 0xe6c1, 0xe9ae, 0xe9b2, 0xe6d8, 0xe6d9, 0xdee1, 0xdede, 
0xce9b, 0xce9a, 0xcb67, 0xcb68, 0xe367, 0xe366, 0xf12f, 0xf12c, 
0xe2a0, 0xe2a0, 0xdf8e, 0xdf94, 0xf76f, 0xf774, 0xf4df, 0xf4e2, 
0xd2d5, 0xd2d4, 0xd35e, 0xd35e, 0xe765, 0xe768, 0xf7e3, 0xf7e3, 
0x0466, 0x0466, 0x01ef, 0x01ef, 0x0d27, 0x0d24, 0x199c, 0x1998, 
0x2b18, 0x2b16, 0x43c2, 0x43c0, 0x47b6, 0x47b4, 0x39a4, 0x39a8, 
0x31a2, 0x31a9, 0x3dff, 0x3e04, 0x2e64, 0x2e62, 0x1565, 0x1564, 
0x054f, 0x0554, 0xdbbf, 0xdbc4, 0xb47c, 0xb480, 0x9ded, 0x9dec, 
0x9b95, 0x9b94, 0xaf45, 0xaf48, 0xcca8, 0xccae, 0xec46, 0xec46, 
0xfbc2, 0xfbc1, 0x0564, 0x0566, 0x0e97, 0x0e99, 0x0cf5, 0x0cef, 
0x0e48, 0x0e42, 0x1371, 0x1371, 0x2c4e, 0x2c4f, 0x33a5, 0x33a5, 
0x084d, 0x084d, 0xedc4, 0xedc4, 0xec87, 0xec86, 0xfd5e, 0xfd5f, 
0x0e45, 0x0e47, 0x123f, 0x1241, 0x18d8, 0x18d8, 0x1886, 0x1887, 
0x2048, 0x204b, 0x1bc9, 0x1bcb, 0x0f00, 0x0f01, 0x0c70, 0x0c6e, 
0x1084, 0x107f, 0x199b, 0x1995, 0x1308, 0x1303, 0x0a2a, 0x0a27, 
0x04cb, 0x04c9, 0xedb7, 0xedb7, 0xd447, 0xd447, 0xcf0e, 0xcf0c, 
0xcfe9, 0xcfea, 0xc262, 0xc269, 0xbad3, 0xbadb, 0xcdbc, 0xcdbe, 
0xdcca, 0xdccb, 0xe82f, 0xe830, 0xf89d, 0xf89e, 0xf71e, 0xf71f, 
0xe9bc, 0xe9bc, 0xe970, 0xe971, 0x0daa, 0x0dad, 0x32ec, 0x32f0, 
0x3454, 0x3458, 0x25f3, 0x25f2, 0x239e, 0x239b, 0x2ab8, 0x2ab8, 
0x1db9, 0x1dba, 0x1a4a, 0x1a45, 0x2481, 0x247f, 0x2693, 0x2696, 
0x230a, 0x230f, 0x16bc, 0x16c1, 0x02d8, 0x02db, 0xf7d7, 0xf7da, 
0x051d, 0x051c, 0x0f69, 0x0f65, 0x156a, 0x156c, 0x1727, 0x1728, 
0x04de, 0x04db, 0xe405, 0xe409, 0xc44c, 0xc455, 0xc086, 0xc087, 
0xcfe5, 0xcfe0, 0xd36b, 0xd368, 0xd3f7, 0xd3fc, 0xe1a1, 0xe1a9, 
0xee54, 0xee59, 0xf946, 0xf948, 0x13e4, 0x13e6, 0x285e, 0x285e, 
0x18de, 0x18db, 0x144f, 0x144d, 0x1f27, 0x1f26, 0x1175, 0x1174, 
0xff5f, 0xff61, 0xeaf6, 0xeafa, 0xe229, 0xe229, 0xdb1d, 0xdb21, 
0xcc87, 0xcc8e, 0xcb5d, 0xcb64, 0xd5f8, 0xd5fb, 0xefa7, 0xefa5, 
0x0b7c, 0x0b78, 0x2a77, 0x2a74, 0x314f, 0x3153, 0x20b8, 0x20bb, 
0x2641, 0x2643, 0x30ce, 0x30cf, 0x3c6f, 0x3c70, 0x4e30, 0x4e33, 
0x4cf5, 0x4cf9, 0x27ba, 0x27bc, 0xf426, 0xf428, 0xdbaf, 0xdbaf, 
0xda22, 0xda1e, 0xdd38, 0xdd35, 0xe2b6, 0xe2b7, 0xe806, 0xe80b, 
0xf6e9, 0xf6f0, 0xfcb5, 0xfcba, 0xf7ce, 0xf7ce, 0xf837, 0xf835, 
0xeacb, 0xeac9, 0xeae4, 0xeae6, 0xf2ce, 0xf2d4, 0xf146, 0xf14b, 
0xe875, 0xe877, 0xd973, 0xd975, 0xda79, 0xda7d, 0xdf71, 0xdf72, 
0xed7a, 0xed76, 0xf995, 0xf98d, 0xf5e9, 0xf5e2, 0xf0d1, 0xf0cd, 
0xf7c9, 0xf7cb, 0x0feb, 0x0fec, 0x1aeb, 0x1ae8, 0x12a7, 0x12a5, 
0x0f8b, 0x0f8c, 0x12ac, 0x12ab, 0x1505, 0x1505, 0x2764, 0x2767, 
0x45cb, 0x45ce, 0x40bd, 0x40bd, 0x244f, 0x244b, 0x1c6a, 0x1c64, 
0x1553, 0x154e, 0x0235, 0x0232, 0xf73f, 0xf73e, 0xfd0a, 0xfd0a, 
0x08c1, 0x08c1, 0x042a, 0x0425, 0xfad3, 0xfacc, 0xec9c, 0xec9d, 
0xdbd8, 0xdbdc, 0xd94c, 0xd950, 0xe200, 0xe207, 0xf132, 0xf137, 
0xe8bc, 0xe8bb, 0xd901, 0xd8fd, 0xccd3, 0xccd0, 0xc07f, 0xc07f, 
0xcc1d, 0xcc1d, 0xe795, 0xe795, 0xf808, 0xf807, 0xf783, 0xf783, 
0x0955, 0x0958, 0x20f8, 0x20fd, 0x275a, 0x275d, 0x2e8a, 0x2e8c, 
0x351d, 0x351e, 0x42a5, 0x42a4, 0x4f99, 0x4f97, 0x513e, 0x513d, 
0x4a27, 0x4a23, 0x2849, 0x2840, 0x00b8, 0x00b2, 0xe99d, 0xe99c, 
0xd33e, 0xd33e, 0xb9fb, 0xb9f8, 0xa49c, 0xa49b, 0xac8a, 0xac87, 
0xbe84, 0xbe7d, 0xd51a, 0xd514, 0xfb5f, 0xfb5c, 0x049b, 0x0498, 
0x0096, 0x0093, 0xfd37, 0xfd38, 0xfea2, 0xfea2, 0x0fd0, 0x0fce, 
0x1c7c, 0x1c7b, 0x1e5f, 0x1e63, 0x0d0a, 0x0d0e, 0xf738, 0xf738, 
0xed17, 0xed15, 0xf7c3, 0xf7c1, 0x078a, 0x0787, 0x019e, 0x019c, 
0x0fe2, 0x0fde, 0x3072, 0x306f, 0x3316, 0x3316, 0x20a2, 0x20a3, 
0x1423, 0x1423, 0x17d7, 0x17d6, 0x1fed, 0x1fea, 0x25f8, 0x25f6, 
0x25d3, 0x25d5, 0x0ea2, 0x0ea5, 0xf017, 0xf016, 0xd898, 0xd895, 
0xd132, 0xd12d, 0xd358, 0xd356, 0xcf3a, 0xcf39, 0xd655, 0xd657, 
0xd399, 0xd39d, 0xd1a4, 0xd1a6, 0xe7a6, 0xe7a5, 0xf866, 0xf861, 
0xf5c3, 0xf5bc, 0xec5a, 0xec56, 0xe7e6, 0xe7e5, 0xe757, 0xe757, 
0xf391, 0xf391, 0x0424, 0x0426, 0x0a90, 0x0a92, 0x0f1c, 0x0f1c, 
0x1cc8, 0x1cc4, 0x3083, 0x3081, 0x317c, 0x317e, 0x1fe5, 0x1fe8, 
0x23c9, 0x23c6, 0x3ea8, 0x3ea4, 0x3d6d, 0x3d6d, 0x1c2e, 0x1c30, 
0x08ec, 0x08eb, 0x008e, 0x008b, 0xfd1f, 0xfd1d, 0x0fe5, 0x0fe8, 
0x1e73, 0x1e78, 0x1582, 0x1581, 0xfeb9, 0xfeb2, 0xe193, 0xe18c, 
0xc8b2, 0xc8b5, 0xbb44, 0xbb4c, 0xc4a0, 0xc4a6, 0xcf3b, 0xcf39, 
0xd375, 0xd372, 0xdda0, 0xdda2, 0xed05, 0xed08, 0x0237, 0x0238, 
0x0305, 0x0306, 0x0288, 0x0287, 0x1401, 0x1400, 0x2548, 0x254a, 
0x2bd6, 0x2bd7, 0x2018, 0x2016, 0x0a63, 0x0a5e, 0xee37, 0xee35, 
0xe5e1, 0xe5e2, 0xee40, 0xee40, 0xdd8e, 0xdd8f, 0xc9ae, 0xc9b4, 
0xcc98, 0xcca0, 0xe797, 0xe79a, 0x0818, 0x0814, 0x13bf, 0x13bb, 
0x1ea4, 0x1ea7, 0x259d, 0x259f, 0x26d2, 0x26cf, 0x300a, 0x300b, 
0x3b66, 0x3b6a, 0x4847, 0x4847, 0x3ad4, 0x3ad4, 0x23fc, 0x23fb, 
0x0652, 0x0652, 0xe39a, 0xe39c, 0xe51e, 0xe520, 0xe55b, 0xe55c, 
0xdf9d, 0xdf99, 0xed79, 0xed75, 0x04b4, 0x04b4, 0x12ab, 0x12ad, 
0x03e4, 0x03e7, 0xee58, 0xee5c, 0xe870, 0xe875, 0xf06f, 0xf074, 
0xf489, 0xf48b, 0xec4b, 0xec49, 0xe434, 0xe432, 0xcdbe, 0xcdbe, 
0xc213, 0xc216, 0xdaa5, 0xdaa8, 0xe9b9, 0xe9b8, 0xeafd, 0xeaf9, 
0xf71b, 0xf71b, 0x09a3, 0x09a7, 0x10c5, 0x10c9, 0x0deb, 0x0dee, 
0x1535, 0x1534, 0x18f5, 0x18f1, 0x1c2c, 0x1c2a, 0x1c3d, 0x1c3d, 
0x1efe, 0x1efe, 0x2982, 0x2984, 0x20fc, 0x2100, 0x1b68, 0x1b6d, 
0x170c, 0x1712, 0x0f68, 0x0f6e, 0x1507, 0x1507, 0x11ff, 0x11fc, 
0xfc4e, 0xfc4c, 0xf8b2, 0xf8b4, 0x0e8a, 0x0e8d, 0x1568, 0x1568, 
0x00e7, 0x00e5, 0xe792, 0xe790, 0xd970, 0xd971, 0xd57d, 0xd57e, 
0xdca6, 0xdca7, 0xe9ed, 0xe9ee, 0xee3b, 0xee39, 0xe086, 0xe083, 
0xd327, 0xd32a, 0xd7dd, 0xd7e7, 0xde1a, 0xde27, 0xdbbf, 0xdbc5, 
0xeae8, 0xeae6, 0x0b5a, 0x0b54, 0x16d2, 0x16cd, 0x1bed, 0x1bee, 
0x2316, 0x231b, 0x2080, 0x2082, 0x252b, 0x2528, 0x38df, 0x38d9, 
0x53db, 0x53d5, 0x586a, 0x5867, 0x49fe, 0x49fc, 0x2abd, 0x2abf, 
0x0169, 0x016e, 0xe9c3, 0xe9c5, 0xdb29, 0xdb25, 0xc76c, 0xc764, 
0xac84, 0xac7c, 0xa09e, 0xa099, 0xaf7a, 0xaf78, 0xcd26, 0xcd22, 
0xe3a2, 0xe39c, 0xec89, 0xec83, 0xfb11, 0xfb09, 0x01e2, 0x01dd, 
0xff94, 0xff95, 0x0d89, 0x0d86, 0x1768, 0x1760, 0x112b, 0x112b, 
0x0de3, 0x0deb, 0x0ab0, 0x0ab5, 0x079d, 0x079e, 0xfd61, 0xfd63, 
0xfd76, 0xfd79, 0x1158, 0x1157, 0x25f0, 0x25f1, 0x38da, 0x38da, 
0x39ac, 0x39a6, 0x3147, 0x313f, 0x1d05, 0x1cff, 0x13b1, 0x13b1, 
0x207c, 0x2082, 0x1daf, 0x1db7, 0x14e1, 0x14e7, 0x067f, 0x0683, 
0xe71c, 0xe71b, 0xca9f, 0xca9c, 0xc787, 0xc784, 0xcfbc, 0xcfba, 
0xcf6d, 0xcf69, 0xd17e, 0xd17c, 0xdd68, 0xdd64, 0xe9d6, 0xe9cf, 
0xe7d6, 0xe7d2, 0xe19c, 0xe19d, 0xeb3e, 0xeb40, 0xf0b3, 0xf0af, 
0xe81d, 0xe817, 0xefb2, 0xefb0, 0xf70c, 0xf70c, 0xed81, 0xed80, 
0xf08d, 0xf08e, 0x0aba, 0x0abe, 0x2438, 0x2434, 0x28c2, 0x28bd, 
0x2d89, 0x2d89, 0x2f21, 0x2f21, 0x34f8, 0x34f0, 0x403c, 0x4034, 
0x3ef7, 0x3ef6, 0x313b, 0x313a, 0x18db, 0x18d6, 0x0dcc, 0x0dcb, 
0x09db, 0x09da, 0x08d1, 0x08ca, 0x0fbb, 0x0fb7, 0x12d5, 0x12d6, 
0xffb0, 0xffb2, 0xe1bb, 0xe1bd, 0xd574, 0xd576, 0xcb91, 0xcb94, 
0xbce1, 0xbcdf, 0xbb69, 0xbb63, 0xcfd6, 0xcfd1, 0xe63e, 0xe63a, 
0xed87, 0xed82, 0xee81, 0xee7b, 0xf0f5, 0xf0f2, 0xf34d, 0xf34d, 
0x0178, 0x0179, 0x1ce1, 0x1cdf, 0x2d57, 0x2d51, 0x23c7, 0x23c1, 
0x088d, 0x088e, 0x01e4, 0x01e8, 0x0042, 0x0045, 0xf441, 0xf43f, 
0xeac7, 0xeac2, 0xe376, 0xe371, 0xe4d4, 0xe4d4, 0xe463, 0xe464, 
0xf108, 0xf102, 0xfdce, 0xfdc7, 0x0799, 0x0797, 0x1e6c, 0x1e69, 
0x2cca, 0x2cc7, 0x3371, 0x3373, 0x38cd, 0x38ce, 0x3a12, 0x3a0f, 
0x2f32, 0x2f2e, 0x1c82, 0x1c7f, 0x0d0c, 0x0d06, 0xfecb, 0xfec3, 
0xe8db, 0xe8d7, 0xd33b, 0xd33a, 0xd60c, 0xd60b, 0xef23, 0xef24, 
0x0043, 0x0042, 0x067e, 0x067e, 0x0c93, 0x0c93, 0xfe6b, 0xfe6a, 
0xf407, 0xf408, 0xfac4, 0xfac7, 0x0292, 0x028e, 0xf799, 0xf791, 
0xe690, 0xe68d, 0xe7a9, 0xe7ac, 0xdc84, 0xdc86, 0xd3af, 0xd3b0, 
0xda1b, 0xda19, 0xea78, 0xea73, 0xff61, 0xff5b, 0x0efc, 0x0ef5, 
0x1928, 0x1923, 0x110c, 0x110c, 0x0572, 0x0571, 0x0f1d, 0x0f19, 
0x1daf, 0x1dae, 0x1e28, 0x1e26, 0x1ccb, 0x1cc7, 0x17df, 0x17dc, 
0x0701, 0x0703, 0xf370, 0xf371, 0xf254, 0xf253, 0x0382, 0x0385, 
0x0736, 0x0739, 0x00dc, 0x00db, 0x0052, 0x0056, 0x09fc, 0x0a03, 
0x1163, 0x1169, 0x15e7, 0x15eb, 0x14ff, 0x1500, 0x0523, 0x0520, 
0xf445, 0xf442, 0xebbe, 0xebbd, 0xea48, 0xea49, 0xe0bb, 0xe0bb, 
0xde5b, 0xde5d, 0xe5eb, 0xe5f1, 0xe7fd, 0xe807, 0xe3b8, 0xe3be, 
0xdeaf, 0xdeb1, 0xe0dd, 0xe0db, 0xec15, 0xec10, 0x0695, 0x068f, 
0x1ad1, 0x1acc, 0x1bf6, 0x1bf3, 0x1289, 0x128a, 0x11d7, 0x11d8, 
0x1a8b, 0x1a89, 0x220f, 0x220b, 0x36a7, 0x36a9, 0x4b0b, 0x4b10, 
0x469a, 0x469d, 0x26dd, 0x26dd, 0x0715, 0x0715, 0xfa4a, 0xfa49, 
0xeabe, 0xeab9, 0xd166, 0xd160, 0xc5ee, 0xc5e7, 0xc22b, 0xc222, 
0xbdf5, 0xbdee, 0xc33f, 0xc33d, 0xcec3, 0xcec6, 0xdd86, 0xdd8b, 
0xe8f5, 0xe8f7, 0x0030, 0x002d, 0x0fd5, 0x0fd0, 0x066e, 0x066e, 
0x003e, 0x0041, 0x0521, 0x0521, 0x1459, 0x1455, 0x14e7, 0x14e6, 
0x0c72, 0x0c72, 0x093c, 0x0939, 0x056e, 0x056e, 0x10dc, 0x10dd, 
0x2196, 0x2198, 0x2990, 0x2993, 0x2a9f, 0x2a9f, 0x2de2, 0x2de1, 
0x2d50, 0x2d53, 0x20f9, 0x20f9, 0x21a3, 0x21a2, 0x2c2d, 0x2c2e, 
0x23b1, 0x23b2, 0x0cc6, 0x0cc7, 0xf1d5, 0xf1d7, 0xde34, 0xde38, 
0xcd85, 0xcd88, 0xb8ae, 0xb8ad, 0xbc0d, 0xbc0c, 0xcc47, 0xcc46, 
0xdd8b, 0xdd8d, 0xe849, 0xe84a, 0xe725, 0xe729, 0xdc3a, 0xdc43, 
0xd409, 0xd411, 0xee07, 0xee08, 0xfeef, 0xfeed, 0xf0a7, 0xf0a7, 
0xe4d9, 0xe4d6, 0xe459, 0xe453, 0xecf5, 0xecef, 0xf2e6, 0xf2e3, 
0x0178, 0x0175, 0x1a42, 0x1a40, 0x2c6b, 0x2c6b, 0x3c11, 0x3c16, 
0x4720, 0x4726, 0x47c4, 0x47c5, 0x4271, 0x426e, 0x3c80, 0x3c7a, 
0x350a, 0x3501, 0x2517, 0x250d, 0x1aa2, 0x1a9c, 0x1bbb, 0x1bbb, 
0x13de, 0x13e1, 0x0429, 0x042d, 0xf3ab, 0xf3b0, 0xed9c, 0xed9c, 
0xe1fa, 0xe1f3, 0xc781, 0xc77b, 0xb6aa, 0xb6a7, 0xb819, 0xb818, 
0xcc83, 0xcc81, 0xe3db, 0xe3d8, 0xf027, 0xf024, 0xe783, 0xe782, 
0xe343, 0xe342, 0xf6c6, 0xf6c6, 0x035c, 0x035e, 0x0660, 0x065e, 
0x0e97, 0x0e91, 0x1c70, 0x1c6c, 0x1d36, 0x1d38, 0x0d54, 0x0d55, 
0x0002, 0x0002, 0xfd46, 0xfd4a, 0xfb75, 0xfb78, 0xf937, 0xf935, 
0xf94d, 0xf94b, 0xf387, 0xf389, 0xe941, 0xe942, 0xe88b, 0xe88c, 
0xf2fa, 0xf2fd, 0xfffe, 0xfffe, 0x15a4, 0x15a3, 0x2e86, 0x2e87, 
0x375e, 0x375f, 0x2678, 0x2679, 0x194d, 0x194f, 0x2030, 0x202f, 
0x1bde, 0x1bd8, 0x05b5, 0x05ab, 0xed69, 0xed62, 0xe6b7, 0xe6b4, 
0xe8b9, 0xe8ba, 0xf0f3, 0xf0f5, 0xfe8d, 0xfe8c, 0xff07, 0xff03, 
0x03bb, 0x03b8, 0x0d27, 0x0d22, 0x0f1e, 0x0f18, 0x03f0, 0x03eb, 
0xf616, 0xf613, 0xf8dd, 0xf8de, 0xf6ea, 0xf6ed, 0xe79c, 0xe7a0, 
0xdcff, 0xdd03, 0xd694, 0xd697, 0xd376, 0xd37b, 0xdd47, 0xdd4f, 
0xf47b, 0xf47e, 0x09d2, 0x09d2, 0x12d3, 0x12d4, 0x1384, 0x1387, 
0x05ea, 0x05ee, 0xff03, 0xff09, 0x0e3e, 0x0e43, 0x2516, 0x2513, 
0x2c32, 0x2c2f, 0x1349, 0x134b, 0x0295, 0x0298, 0xfd4d, 0xfd4e, 
0xf0cf, 0xf0cd, 0xe5fa, 0xe5f9, 0xeb87, 0xeb86, 0xfd4f, 0xfd4c, 
0x07ec, 0x07ea, 0x1851, 0x184f, 0x257a, 0x257b, 0x2128, 0x2128, 
0x1af3, 0x1aee, 0x16e7, 0x16df, 0x1420, 0x1417, 0x0449, 0x0442, 
0xe95c, 0xe95c, 0xe1db, 0xe1e0, 0xe18c, 0xe191, 0xdba2, 0xdba5, 
0xdeac, 0xdeaf, 0xe2fc, 0xe2fe, 0xde9c, 0xde9d, 0xd99d, 0xd99c, 
0xe40f, 0xe40f, 0xf7cd, 0xf7cc, 0x0f23, 0x0f23, 0x18cc, 0x18cb, 
0x0f67, 0x0f62, 0x0ed0, 0x0ec7, 0x14d2, 0x14d2, 0x23c1, 0x23c3, 
0x3279, 0x3274, 0x36cb, 0x36c4, 0x3acd, 0x3acb, 0x3ac5, 0x3ac8, 
0x29bb, 0x29c1, 0x074c, 0x0751, 0xf382, 0xf384, 0xe6a7, 0xe6a7, 
0xd40c, 0xd40d, 0xd3db, 0xd3dd, 0xd5b8, 0xd5bc, 0xc587, 0xc58a, 
0xb860, 0xb864, 0xc081, 0xc083, 0xd8c4, 0xd8c7, 0xea9b, 0xeaa0, 
0xf382, 0xf383, 0xfb17, 0xfb11, 0xfb94, 0xfb8f, 0xfb68, 0xfb6a, 
0x01b1, 0x01b6, 0x115a, 0x115d, 0x12ac, 0x12ab, 0x0e0b, 0x0e0b, 
0x1714, 0x1716, 0x1d7e, 0x1d80, 0x1fe3, 0x1fe1, 0x1cb3, 0x1cb0, 
0x20ac, 0x20ae, 0x248b, 0x2492, 0x27ea, 0x27ef, 0x3879, 0x3879, 
0x3937, 0x3933, 0x2d06, 0x2d03, 0x2255, 0x2253, 0x186d, 0x186b, 
0x0ab7, 0x0ab4, 0xefcf, 0xefce, 0xd59e, 0xd5a0, 0xc20f, 0xc211, 
0xb748, 0xb749, 0xc399, 0xc399, 0xdbec, 0xdbe9, 0xec3a, 0xec35, 
0xe514, 0xe50f, 0xdd84, 0xdd81, 0xe543, 0xe547, 0xe73c, 0xe749, 
0xecbc, 0xeccc, 0xefdc, 0xefe7, 0xec8c, 0xec91, 0xec06, 0xec09, 
0xe9c7, 0xe9cc, 0xe8bf, 0xe8c1, 0xe69a, 0xe696, 0xf704, 0xf704, 
0x1399, 0x139e, 0x2c1a, 0x2c1f, 0x3f7b, 0x3f7c, 0x44c8, 0x44c3, 
0x4881, 0x487b, 0x3d6b, 0x3d68, 0x305a, 0x3057, 0x3c85, 0x3c86, 
0x3e33, 0x3e39, 0x2647, 0x264c, 0x1160, 0x1163, 0x0490, 0x0490, 
0xf441, 0xf43c, 0xe39f, 0xe39a, 0xdc23, 0xdc24, 0xcf28, 0xcf2c, 
0xbe50, 0xbe53, 0xbcf6, 0xbcf5, 0xcdf1, 0xcdec, 0xe484, 0xe47d, 
0xe884, 0xe880, 0xecab, 0xecab, 0xfd4d, 0xfd4e, 0x016a, 0x016a, 
0xfbd3, 0xfbd4, 0xf7ad, 0xf7b0, 0xfd82, 0xfd83, 0x072f, 0x072f, 
0x1195, 0x1196, 0x160b, 0x160d, 0x0c95, 0x0c93, 0x0830, 0x082a, 
0x04e4, 0x04de, 0x0231, 0x0231, 0x07fa, 0x0801, 0x0ac0, 0x0ac7, 
0xff0d, 0xff0e, 0xea0c, 0xea0d, 0xe0b2, 0xe0b9, 0xeec7, 0xeed0, 
0x0b30, 0x0b38, 0x1bb7, 0x1bbd, 0x1f51, 0x1f54, 0x21b1, 0x21ae, 
0x1b96, 0x1b90, 0x0ddc, 0x0dd7, 0x072d, 0x072a, 0x00e8, 0x00e1, 
0xf36c, 0xf365, 0xf100, 0xf0fe, 0x00e7, 0x00e5, 0x0532, 0x0530, 
0xf68f, 0xf690, 0xf50b, 0xf50f, 0xfcca, 0xfccd, 0x0750, 0x0754, 
0x0d8d, 0x0d8f, 0x08ca, 0x08c8, 0x01c0, 0x01bd, 0xf446, 0xf444, 
0xeeb8, 0xeeb6, 0xf2a3, 0xf2a3, 0xf258, 0xf257, 0xe58b, 0xe587, 
0xe25e, 0xe25c, 0xebd8, 0xebd9, 0xec94, 0xec97, 0xfe60, 0xfe63, 
0x12c0, 0x12c5, 0x0beb, 0x0bee, 0x02c2, 0x02c3, 0x0d0f, 0x0d11, 
0x1b0b, 0x1b0d, 0x1ce8, 0x1ce8, 0x1e30, 0x1e35, 0x1f72, 0x1f7a, 
0x1510, 0x1516, 0x097e, 0x0983, 0xf80f, 0xf812, 0xe295, 0xe296, 
0xd4c6, 0xd4c8, 0xce55, 0xce5a, 0xe4bc, 0xe4bd, 0xfd81, 0xfd82, 
0x02ed, 0x02ed, 0x0984, 0x0982, 0x09b1, 0x09ae, 0x0ccd, 0x0ccd, 
0x13d3, 0x13d4, 0x1a4c, 0x1a4f, 0x0db2, 0x0db4, 0x0231, 0x0232, 
0x0363, 0x0363, 0xf2c8, 0xf2c7, 0xe75c, 0xe758, 0xe58b, 0xe58c, 
0xe5f1, 0xe5f6, 0xed8c, 0xed8d, 0xf278, 0xf273, 0xf957, 0xf94f, 
0x065d, 0x0657, 0x0feb, 0x0fe8, 0x15c5, 0x15c5, 0x2607, 0x2608, 
0x40f5, 0x40f5, 0x4103, 0x40ff, 0x31dd, 0x31d4, 0x268d, 0x2684, 
0x0a75, 0x0a74, 0xfa6d, 0xfa6e, 0xf3bb, 0xf3be, 0xe6bd, 0xe6c4, 
0xd54d, 0xd555, 0xbd89, 0xbd8d, 0xbb9b, 0xbb9b, 0xcbeb, 0xcbeb, 
0xd79e, 0xd79f, 0xd157, 0xd157, 0xd9e9, 0xd9eb, 0xe85d, 0xe85f, 
0xe0ed, 0xe0f0, 0xeb93, 0xeb95, 0xf8c1, 0xf8c2, 0xfa12, 0xfa13, 
0x0bff, 0x0c01, 0x1cfe, 0x1cfb, 0x1832, 0x182f, 0x1742, 0x1743, 
0x2b36, 0x2b37, 0x3858, 0x3859, 0x3df9, 0x3dfc, 0x4db1, 0x4db2, 
0x4e97, 0x4e95, 0x3c40, 0x3c3f, 0x1af9, 0x1af9, 0xfb7e, 0xfb7f, 
0x035d, 0x035e, 0x1231, 0x1230, 0x1851, 0x184a, 0x1897, 0x188e, 
0xfeab, 0xfea4, 0xdea3, 0xdea0, 0xd998, 0xd996, 0xd8aa, 0xd8aa, 
0xbc00, 0xbbfe, 0xba23, 0xba22, 0xccb7, 0xccb8, 0xcce9, 0xcce9, 
0xd9dd, 0xd9df, 0xe883, 0xe889, 0xf135, 0xf13a, 0x0407, 0x0409, 
0x16da, 0x16da, 0x13a2, 0x13a3, 0x079b, 0x079d, 0x0737, 0x0735, 
0x02ba, 0x02b6, 0x02ed, 0x02ec, 0x01e9, 0x01ec, 0xf426, 0xf426, 
0xf8c7, 0xf8c3, 0xf324, 0xf321, 0xdff2, 0xdff2, 0xefe4, 0xefe7, 
0x12b1, 0x12b6, 0x2652, 0x2656, 0x25f7, 0x25fa, 0x1bf2, 0x1bf7, 
0x1530, 0x1537, 0x2360, 0x2365, 0x2ac2, 0x2ac5, 0x16fe, 0x1701, 
0x17eb, 0x17ec, 0x1252, 0x124f, 0xf967, 0xf965, 0xf3a5, 0xf3a8, 
0xe3a0, 0xe3a3, 0xd697, 0xd696, 0xeba3, 0xeba1, 0x0564, 0x0566, 
0xfb56, 0xfb5c, 0xf0b8, 0xf0bc, 0xfb99, 0xfb9a, 0xfdcc, 0xfdcb, 
0x0e90, 0x0e90, 0x1b7b, 0x1b7b, 0x141f, 0x141f, 0x1322, 0x1325, 
0xfb22, 0xfb25, 0xdc04, 0xdc00, 0xd129, 0xd121, 0xd3db, 0xd3d9, 
0xe814, 0xe817, 0xfd17, 0xfd17, 0xf52c, 0xf52a, 0xeca1, 0xec9f, 
0x0762, 0x075c, 0x04e3, 0x04e0, 0xe0c2, 0xe0c4, 0xe762, 0xe767, 
0xf015, 0xf019, 0xeeb8, 0xeeba, 0x0600, 0x0600, 0x1230, 0x1230, 
0x1426, 0x1426, 0x25b5, 0x25b7, 0x38f5, 0x38f9, 0x2e29, 0x2e29, 
0x1f85, 0x1f7e, 0x1d1a, 0x1d18, 0x20d3, 0x20d4, 0x32f2, 0x32f2, 
0x2a05, 0x2a00, 0x1f98, 0x1f90, 0x204e, 0x204b, 0xfa7c, 0xfa82, 
0xd14f, 0xd151, 0xc4c8, 0xc4c0, 0xc927, 0xc91f, 0xd839, 0xd837, 
0xeef4, 0xeef4, 0xe8ba, 0xe8b4, 0xd6d2, 0xd6c9, 0xe532, 0xe52c, 
0xe662, 0xe65f, 0xdd97, 0xdd98, 0xeeeb, 0xeeeb, 0xf6bb, 0xf6ba, 
0xfcfe, 0xfcff, 0x091c, 0x091f, 0xfd69, 0xfd69, 0xf024, 0xf026, 
0x052c, 0x0531, 0x232e, 0x2337, 0x292b, 0x2937, 0x38ad, 0x38b4, 
0x3f5c, 0x3f5d, 0x39c0, 0x39c2, 0x3dc2, 0x3dc6, 0x24cc, 0x24cb, 
0x0d01, 0x0cfd, 0xfece, 0xfecc, 0xe0b4, 0xe0b7, 0xc1e0, 0xc1e5, 
0xb4ed, 0xb4f2, 0xbfa3, 0xbfa8, 0xd736, 0xd73b, 0xf371, 0xf374, 
0xf0b2, 0xf0b4, 0xf360, 0xf360, 0x1428, 0x1428, 0x0dd6, 0x0dda, 
0x041e, 0x0426, 0x1289, 0x1292, 0x0523, 0x0529, 0xf104, 0xf107, 
0xf178, 0xf177, 0xe825, 0xe825, 0xd83c, 0xd83b, 0xf043, 0xf03e, 
0x1515, 0x150d, 0x1a3e, 0x1a36, 0x1bea, 0x1be4, 0x1509, 0x1508, 
0x1f87, 0x1f8c, 0x3440, 0x3445, 0x3266, 0x326a, 0x47c6, 0x47c7, 
0x5098, 0x5097, 0x2c26, 0x2c2a, 0x0176, 0x017c, 0xe260, 0xe264, 
0xc8c7, 0xc8c8, 0xc6fe, 0xc702, 0xdbab, 0xdbad, 0xd111, 0xd10d, 
0xd3f3, 0xd3ed, 0xee78, 0xee7b, 0xe07c, 0xe084, 0xd6ee, 0xd6f5, 
0xe00e, 0xe015, 0xdefd, 0xdf05, 0xe39b, 0xe3a2, 0xedf2, 0xedf7, 
0xec6e, 0xec75, 0xea72, 0xea7b, 0xfac4, 0xfacd, 0x069f, 0x06a5, 
0x0fc8, 0x0fc9, 0x1d58, 0x1d53, 0x1d8d, 0x1d84, 0x384e, 0x384c, 
0x509e, 0x50a1, 0x48e4, 0x48e7, 0x4d19, 0x4d19, 0x47e4, 0x47e6, 
0x2137, 0x213b, 0xf513, 0xf514, 0xdbba, 0xdbb8, 0xd893, 0xd891, 
0xf0ac, 0xf0aa, 0x03c1, 0x03bb, 0xf385, 0xf383, 0xf417, 0xf419, 
0xf126, 0xf128, 0xd09f, 0xd09e, 0xca45, 0xca49, 0xd834, 0xd83a, 
0xdd5b, 0xdd5b, 0xe41d, 0xe419, 0xf250, 0xf24e, 0xeaf5, 0xeaf5, 
0xe1ff, 0xe1fe, 0xf6bc, 0xf6b9, 0x0692, 0x068e, 0x11cd, 0x11cb, 
0x1b1d, 0x1b1a, 0x20a6, 0x20a3, 0x307c, 0x307c, 0x288f, 0x2892, 
0x150f, 0x1513, 0x18a6, 0x18a9, 0x188a, 0x188a, 0x005c, 0x005a, 
0xec95, 0xec93, 0xe055, 0xe056, 0xd740, 0xd742, 0xf128, 0xf128, 
0x0271, 0x026e, 0xf2c8, 0xf2c5, 0x0373, 0x0372, 0x1a7d, 0x1a7d, 
0x17da, 0x17dd, 0x1998, 0x199b, 0x2504, 0x2504, 0x23c9, 0x23c7, 
0x1159, 0x1159, 0x02a3, 0x02a3, 0xe7c6, 0xe7c5, 0xd8f4, 0xd8f5, 
0xe187, 0xe187, 0xe91c, 0xe91b, 0xf856, 0xf858, 0xf311, 0xf317, 
0xf385, 0xf392, 0x1023, 0x1031, 0x1603, 0x160d, 0x1200, 0x1203, 
0x2a14, 0x2a10, 0x3a40, 0x3a3d, 0x1e3f, 0x1e42, 0xf693, 0xf699, 
0xd1fc, 0xd1fd, 0xbed1, 0xbecf, 0xd35b, 0xd35b, 0xdc3c, 0xdc3d, 
0xdb5d, 0xdb5b, 0xf289, 0xf284, 0xf7c0, 0xf7bc, 0xef39, 0xef38, 
0xeeaa, 0xeea7, 0xeee7, 0xeee4, 0xf211, 0xf212, 0xffc9, 0xffd0, 
0x0eed, 0x0ef1, 0x0757, 0x0757, 0x0cfc, 0x0cf8, 0x1802, 0x17fd, 
0x1950, 0x194d, 0x1b2a, 0x1b28, 0x0aea, 0x0ae7, 0x1003, 0x1000, 
0x2c25, 0x2c27, 0x309d, 0x30a0, 0x2cfb, 0x2cfd, 0x3b79, 0x3b79, 
0x3bea, 0x3be7, 0x1f77, 0x1f71, 0xfad2, 0xfacd, 0xcd80, 0xcd7f, 
0xc2b5, 0xc2b5, 0xe1bc, 0xe1bc, 0xe234, 0xe232, 0xd209, 0xd204, 
0xd896, 0xd892, 0xd71a, 0xd719, 0xcb06, 0xcb07, 0xd155, 0xd156, 
0xe886, 0xe885, 0xf787, 0xf788, 0x025a, 0x025e, 0x0879, 0x087b, 
0xfc03, 0xfc01, 0xf79e, 0xf79b, 0xfbbb, 0xfbbc, 0x14d1, 0x14d1, 
0x2a83, 0x2a82, 0x238e, 0x2391, 0x2f78, 0x2f7e, 0x493b, 0x493d, 
0x3fca, 0x3fc9, 0x2526, 0x2521, 0x24aa, 0x24a4, 0x1c79, 0x1c78, 
0x018c, 0x0191, 0xe557, 0xe559, 0xbdf8, 0xbdf5, 0xb86a, 0xb864, 
0xd457, 0xd452, 0xdc67, 0xdc62, 0xdd11, 0xdd11, 0xea3f, 0xea44, 
0xf719, 0xf71d, 0xff82, 0xff82, 0x0736, 0x0735, 0x0a6c, 0x0a6b, 
0x0b1e, 0x0b1a, 0x0ee5, 0x0ede, 0xffa6, 0xffa2, 0xef6f, 0xef71, 
0xf494, 0xf499, 0xf887, 0xf889, 0x0bf5, 0x0bf7, 0x1766, 0x1767, 
0x0a17, 0x0a19, 0x0c9b, 0x0c9d, 0x225d, 0x225c, 0x2aae, 0x2aac, 
0x2eda, 0x2ed9, 0x4478, 0x4476, 0x4b5d, 0x4b5b, 0x4148, 0x4147, 
0x1c7c, 0x1c7d, 0xdbf0, 0xdbed, 0xc42f, 0xc42a, 0xca43, 0xca42, 
0xc366, 0xc369, 0xc4e5, 0xc4e3, 0xd1b0, 0xd1ab, 0xd4b6, 0xd4b4, 
0xd70a, 0xd70c, 0xe10c, 0xe10a, 0xe1b0, 0xe1ad, 0xe1f1, 0xe1f1, 
0xf03a, 0xf036, 0xf528, 0xf522, 0xf421, 0xf41f, 0xf101, 0xf103, 
0xf162, 0xf166, 0x052c, 0x052f, 0x0833, 0x0833, 0xfe12, 0xfe10, 
0x1685, 0x1682, 0x3c68, 0x3c65, 0x40f9, 0x40f5, 0x4435, 0x4431, 
0x555d, 0x555a, 0x4efb, 0x4ef9, 0x40c4, 0x40c4, 0x2148, 0x2148, 
0xf111, 0xf113, 0xe86d, 0xe86e, 0xf99b, 0xf998, 0xf9ef, 0xf9ea, 
0xf332, 0xf332, 0xed6c, 0xed6d, 0xdc2a, 0xdc2a, 0xd121, 0xd121, 
0xd650, 0xd654, 0xd838, 0xd83f, 0xe317, 0xe318, 0xed83, 0xed80, 
0xea68, 0xea6b, 0xecf9, 0xed00, 0xe776, 0xe779, 0xe002, 0xe001, 
0xf6ca, 0xf6c8, 0x0c19, 0x0c18, 0x04c2, 0x04c3, 0x0cfe, 0x0cfc, 
0x245b, 0x2458, 0x1b4b, 0x1b4b, 0x0f27, 0x0f27, 0x1448, 0x1447, 
0x1aac, 0x1aac, 0x212a, 0x212c, 0x048f, 0x0492, 0xdb4f, 0xdb52, 
0xda38, 0xda3b, 0xe4e2, 0xe4e3, 0xe3e4, 0xe3e6, 0xee11, 0xee15, 
0x012b, 0x012f, 0x0899, 0x089b, 0x1819, 0x1819, 0x28bd, 0x28b7, 
0x2420, 0x2417, 0x25f4, 0x25ef, 0x1e0e, 0x1e11, 0x072e, 0x0733, 
0xf8f1, 0xf8f2, 0xea13, 0xea12, 0xe283, 0xe286, 0xf14f, 0xf155, 
0xf89c, 0xf8a1, 0xf2fc, 0xf2fc, 0xff04, 0xfefe, 0x09c3, 0x09be, 
0x0773, 0x0770, 0x1724, 0x1720, 0x244b, 0x2443, 0x27a6, 0x279d, 
0x2e3d, 0x2e36, 0x0ab7, 0x0ab9, 0xd009, 0xd012, 0xbff8, 0xc000, 
0xc916, 0xc918, 0xce71, 0xce72, 0xda52, 0xda51, 0xeac4, 0xeabe, 
0xeef1, 0xeee9, 0xf73e, 0xf735, 0xfc19, 0xfc11, 0xf9c6, 0xf9c1, 
0x08f1, 0x08ed, 0x1144, 0x1141, 0x1151, 0x1153, 0x16e8, 0x16ee, 
0x0f09, 0x0f12, 0x0632, 0x0638, 0x1316, 0x1317, 0x0cc4, 0x0cc4, 
0xfbc3, 0xfbc2, 0x0f3f, 0x0f3c, 0x22a7, 0x22a0, 0x1f52, 0x1f4b, 
0x2616, 0x2612, 0x33ef, 0x33ef, 0x3ba4, 0x3ba3, 0x38b2, 0x38b0, 
0x11a5, 0x11a1, 0xe2e8, 0xe2e5, 0xd6e1, 0xd6de, 0xd356, 0xd354, 
0xcecc, 0xceca, 0xd5ee, 0xd5ed, 0xd07c, 0xd07f, 0xc107, 0xc10a, 
0xcf39, 0xcf38, 0xdcd0, 0xdccf, 0xe334, 0xe333, 0xfc08, 0xfc09, 
0x0755, 0x0759, 0x017b, 0x017e, 0x0228, 0x0224, 0xfbe9, 0xfbdf, 
0xfb2b, 0xfb24, 0x16f3, 0x16ef, 0x20f4, 0x20f2, 0x20a6, 0x20a8, 
0x352a, 0x3530, 0x3be6, 0x3beb, 0x3134, 0x3137, 0x235e, 0x2361, 
0x135d, 0x1360, 0x1645, 0x1645, 0x1ce9, 0x1ce6, 0xf27e, 0xf27b, 
0xc3d7, 0xc3d9, 0xc65f, 0xc663, 0xce5b, 0xce5b, 0xc876, 0xc872, 
0xd4f6, 0xd4ef, 0xe390, 0xe392, 0xe872, 0xe878, 0xfa0d, 0xfa0f, 
0x025c, 0x0258, 0x04ef, 0x04ea, 0x0ac6, 0x0ac0, 0x01de, 0x01dd, 
0xfd74, 0xfd76, 0xfff2, 0xfff2, 0xf5d6, 0xf5d3, 0xfb8e, 0xfb8b, 
0x138e, 0x138d, 0x0df6, 0x0df5, 0x07de, 0x07dc, 0x182e, 0x1830, 
0x1fcb, 0x1fcc, 0x25cb, 0x25ca, 0x3384, 0x3384, 0x3b5a, 0x3b5c, 
0x4b85, 0x4b8b, 0x5377, 0x537c, 0x24c6, 0x24c6, 0xe993, 0xe994, 
0xcef2, 0xcef5, 0xc781, 0xc782, 0xc690, 0xc68b, 0xcafd, 0xcaf4, 
0xc9eb, 0xc9e4, 0xd386, 0xd383, 0xea98, 0xea97, 0xe726, 0xe728, 
0xe54a, 0xe54c, 0xf84d, 0xf84d, 0xf676, 0xf675, 0xf1cb, 0xf1cf, 
0xf2ab, 0xf2b1, 0xe290, 0xe296, 0xe0f1, 0xe0f8, 0xefc9, 0xefd0, 
0xecbf, 0xecc4, 0xf302, 0xf306, 0x0e14, 0x0e1a, 0x2643, 0x2647, 
0x38d7, 0x38d6, 0x444a, 0x4447, 0x454e, 0x454f, 0x59fe, 0x5a01, 
0x6589, 0x658e, 0x3aba, 0x3abd, 0x12c5, 0x12c4, 0x08d3, 0x08cf, 
0xfe86, 0xfe87, 0xf93e, 0xf945, 0xfa5c, 0xfa60, 0xe629, 0xe626, 
0xd257, 0xd252, 0xd7e2, 0xd7e5, 0xd550, 0xd55a, 0xd377, 0xd37d, 
0xdfaa, 0xdfa9, 0xe5c4, 0xe5be, 0xf142, 0xf13e, 0xec18, 0xec15, 
0xd63b, 0xd63b, 0xe2e4, 0xe2e6, 0xf66e, 0xf66f, 0xf154, 0xf153, 
0xf7f7, 0xf7f8, 0x060b, 0x060d, 0x075e, 0x075d, 0x0bd3, 0x0bd0, 
0x0d02, 0x0cff, 0x088f, 0x088d, 0x230f, 0x230d, 0x379e, 0x379b, 
0x1766, 0x1766, 0xf0cb, 0xf0d3, 0xe3f1, 0xe3fc, 0xe206, 0xe20b, 
0xe784, 0xe787, 0xf0ce, 0xf0ce, 0xf82d, 0xf82b, 0x0aeb, 0x0aed, 
0x2041, 0x2043, 0x2413, 0x2415, 0x2b22, 0x2b27, 0x2759, 0x275b, 
0x12c3, 0x12c5, 0x1116, 0x1116, 0x0487, 0x0483, 0xe714, 0xe710, 
0xe544, 0xe544, 0xf1d5, 0xf1d5, 0xf0f5, 0xf0f2, 0xf0a0, 0xf09c, 
0xf588, 0xf584, 0xfbab, 0xfbab, 0x09db, 0x09dc, 0x0bc9, 0x0bca, 
0x112c, 0x112b, 0x3118, 0x3116, 0x3708, 0x3705, 0x0e89, 0x0e85, 
0xe3ff, 0xe3ff, 0xcc31, 0xcc33, 0xc738, 0xc737, 0xd722, 0xd725, 
0xe597, 0xe5a0, 0xe189, 0xe18c, 0xe96e, 0xe96d, 0xf7f0, 0xf7f2, 
0xf615, 0xf616, 0xfe5c, 0xfe5a, 0x055e, 0x055b, 0x0bb2, 0x0baf, 
0x1bf1, 0x1bef, 0x119b, 0x119c, 0x0028, 0x0029, 0xff48, 0xff47, 
0xfb0e, 0xfb10, 0xf27f, 0xf282, 0xfaec, 0xfaee, 0x0100, 0x00ff, 
0x0321, 0x031d, 0x1b62, 0x1b5e, 0x220a, 0x220a, 0x24c9, 0x24ca, 
0x46ba, 0x46bb, 0x5333, 0x5333, 0x324b, 0x324d, 0x0c9a, 0x0ca1, 
0xf638, 0xf641, 0xea0f, 0xea15, 0xe4e8, 0xe4ed, 0xddf3, 0xddf9, 
0xcf08, 0xcf08, 0xcc48, 0xcc43, 0xcf0a, 0xcf05, 0xd6dd, 0xd6df, 
0xec45, 0xec50, 0xec91, 0xec9b, 0xf333, 0xf334, 0x0a06, 0x0a02, 
0xfec3, 0xfec3, 0xede3, 0xede9, 0xf688, 0xf68b, 0x0711, 0x070f, 
0x0f28, 0x0f25, 0x1dd7, 0x1dd6, 0x2604, 0x2602, 0x24aa, 0x24aa, 
0x2318, 0x231d, 0x11ea, 0x11f0, 0x11fb, 0x1200, 0x2913, 0x2914, 
0x2878, 0x2875, 0x0cf7, 0x0cf0, 0xeceb, 0xece0, 0xd404, 0xd3fa, 
0xce8a, 0xce83, 0xd6bc, 0xd6b5, 0xd769, 0xd765, 0xd848, 0xd848, 
0xea70, 0xea70, 0xf549, 0xf546, 0xfae9, 0xfae6, 0x0588, 0x0587, 
0x0070, 0x006f, 0x060f, 0x0609, 0x1478, 0x1472, 0x0f8e, 0x0f89, 
0x0681, 0x067d, 0x02ce, 0x02cb, 0x000e, 0x000e, 0xff18, 0xff1c, 
0x0493, 0x0496, 0xffe1, 0xffde, 0x07e9, 0x07e4, 0x18c9, 0x18ca, 
0x15a5, 0x15a8, 0x252e, 0x2530, 0x4c86, 0x4c89, 0x5555, 0x5558, 
0x338d, 0x338b, 0x0ad4, 0x0acb, 0xeb57, 0xeb4d, 0xd6f9, 0xd6f6, 
0xd044, 0xd046, 0xc9f6, 0xc9f5, 0xc9f2, 0xc9f2, 0xd105, 0xd105, 
0xd084, 0xd081, 0xdc4e, 0xdc4a, 0xe4c4, 0xe4c3, 0xdfaa, 0xdfaf, 
0xf64b, 0xf64f, 0x0bcc, 0x0bc9, 0xfe12, 0xfe0a, 0xeb56, 0xeb51, 
0xe968, 0xe968, 0xe2f5, 0xe2f8, 0xdf8e, 0xdf8c, 0xf00e, 0xf006, 
0xfc56, 0xfc4d, 0x1185, 0x1180, 0x221f, 0x221f, 0x1d58, 0x1d5b, 
0x2c90, 0x2c93, 0x4db2, 0x4db3, 0x5e4c, 0x5e4c, 0x5598, 0x5598, 
0x4009, 0x4009, 0x2a8f, 0x2a8f, 0x2167, 0x2168, 0x1731, 0x1732, 
0xf819, 0xf817, 0xe63e, 0xe63e, 0xe101, 0xe103, 0xceca, 0xcece, 
0xcf11, 0xcf13, 0xd19e, 0xd1a1, 0xcb7b, 0xcb7d, 0xdc26, 0xdc21, 
0xf1f9, 0xf1f3, 0xf2ec, 0xf2ed, 0xe740, 0xe744, 0xe746, 0xe74a, 
0xee65, 0xee6a, 0xf530, 0xf536, 0xf78e, 0xf791, 0xf4b8, 0xf4b8, 
0x02f9, 0x02fa, 0x0598, 0x059b, 0xf26e, 0xf26e, 0xff4b, 0xff49, 
0x2633, 0x2631, 0x3839, 0x3839, 0x2a94, 0x2a94, 0x11a2, 0x11a2, 
0xfa3e, 0xfa3d, 0xf06e, 0xf06c, 0xef84, 0xef82, 0xe951, 0xe950, 
0xf22e, 0xf22c, 0x04a5, 0x04a4, 0x1326, 0x1327, 0x2438, 0x243c, 
0x1acc, 0x1ad1, 0x0aee, 0x0af6, 0x1709, 0x1712, 0x220a, 0x2210, 
0x1426, 0x1426, 0x03e1, 0x03e2, 0xfb83, 0xfb8a, 0xf0d1, 0xf0d6, 
0xee09, 0xee05, 0xed18, 0xed0e, 0xe501, 0xe4f9, 0xef1c, 0xef15, 
0xf92f, 0xf925, 0xf008, 0xf000, 0xf804, 0xf801, 0x14cc, 0x14cd, 
0x24d8, 0x24d5, 0x1bd3, 0x1bcc, 0x020c, 0x0206, 0xeb1e, 0xeb1c, 
0xed36, 0xed36, 0xed3a, 0xed3c, 0xdf0d, 0xdf14, 0xe46e, 0xe477, 
0xe885, 0xe887, 0xe89b, 0xe898, 0xf6af, 0xf6af, 0xf3e2, 0xf3e2, 
0xec97, 0xec90, 0x07be, 0x07b7, 0x2b89, 0x2b85, 0x284a, 0x2846, 
0x118a, 0x1189, 0x0282, 0x0281, 0xfc5a, 0xfc57, 0xfa8e, 0xfa8c, 
0xf02e, 0xf032, 0xecd5, 0xecda, 0x0201, 0x0200, 0x07c2, 0x07bf, 
0xfc24, 0xfc29, 0x0902, 0x090c, 0x235f, 0x2366, 0x30f9, 0x30fe, 
0x364f, 0x3653, 0x2cc4, 0x2cc5, 0x12b2, 0x12b0, 0x0828, 0x081f, 
0xfac6, 0xfabf, 0xe0b2, 0xe0b3, 0xd7c2, 0xd7c6, 0xd0c9, 0xd0cb, 
0xd650, 0xd64f, 0xe73b, 0xe73a, 0xe25e, 0xe25e, 0xd927, 0xd92a, 
0xebe8, 0xebee, 0x0606, 0x060f, 0x0676, 0x067d, 0xfd14, 0xfd1a, 
0xf906, 0xf90c, 0x02a2, 0x02a7, 0x1cd0, 0x1cd0, 0x22e6, 0x22e1, 
0x1765, 0x1765, 0x2183, 0x218e, 0x2265, 0x2272, 0x09cf, 0x09d5, 
0x026b, 0x0268, 0x139f, 0x139e, 0x1eb2, 0x1eb7, 0x18ad, 0x18b0, 
0x0414, 0x0414, 0xe828, 0xe824, 0xde31, 0xde2c, 0xd196, 0xd195, 
0xc7d9, 0xc7d7, 0xd627, 0xd624, 0xdd03, 0xdd04, 0xe97e, 0xe980, 
0x0131, 0x012f, 0xfd7d, 0xfd7e, 0xed58, 0xed5d, 0xfdf4, 0xfdf6, 
0x1c4c, 0x1c4c, 0x218d, 0x218f, 0x175e, 0x1764, 0x0b4a, 0x0b51, 
0x059e, 0x059f, 0x0c87, 0x0c85, 0x06d1, 0x06d2, 0xfd3e, 0xfd3d, 
0x093f, 0x0939, 0x0dfc, 0x0df6, 0x0f83, 0x0f81, 0x2224, 0x2224, 
0x31a8, 0x31ad, 0x3adf, 0x3ae7, 0x4026, 0x402c, 0x27e1, 0x27e7, 
0x012c, 0x0131, 0xf513, 0xf516, 0xe5a8, 0xe5ae, 0xd542, 0xd548, 
0xd545, 0xd545, 0xd000, 0xd000, 0xd2b2, 0xd2b4, 0xe039, 0xe03c, 
0xd98a, 0xd98e, 0xd254, 0xd259, 0xe767, 0xe76b, 0xfd2b, 0xfd2e, 
0xfd7f, 0xfd83, 0xee5f, 0xee62, 0xd62a, 0xd62c, 0xd29d, 0xd29e, 
0xe798, 0xe795, 0xecb8, 0xecb1, 0xf187, 0xf182, 0x0be2, 0x0be5, 
0x14bd, 0x14c5, 0x122c, 0x1235, 0x2556, 0x2558, 0x3c9a, 0x3c95, 
0x4a4f, 0x4a49, 0x5915, 0x5912, 0x571d, 0x571e, 0x4801, 0x4806, 
0x38e4, 0x38e8, 0x1bad, 0x1bab, 0x08cf, 0x08ca, 0xfd4a, 0xfd49, 
0xe453, 0xe453, 0xdb43, 0xdb3e, 0xe37e, 0xe377, 0xd3d7, 0xd3d4, 
0xc175, 0xc17a, 0xd213, 0xd218, 0xe594, 0xe595, 0xe528, 0xe525, 
0xdf7d, 0xdf77, 0xd410, 0xd40c, 0xdb20, 0xdb21, 0xf318, 0xf31b, 
0xf4d8, 0xf4da, 0xf2df, 0xf2dd, 0xfb92, 0xfb90, 0xf73e, 0xf73c, 
0xf293, 0xf293, 0x02ae, 0x02b1, 0x174e, 0x1753, 0x2ae4, 0x2aeb, 
0x3a76, 0x3a7d, 0x278b, 0x278e, 0x0fd7, 0x0fd2, 0x045b, 0x0453, 
0xe9be, 0xe9b8, 0xe025, 0xe022, 0xf183, 0xf182, 0xfe4f, 0xfe4c, 
0x0d71, 0x0d70, 0x1d33, 0x1d30, 0x159a, 0x1595, 0x0814, 0x0811, 
0x0f3c, 0x0f3e, 0x1a4c, 0x1a4f, 0x1d84, 0x1d87, 0x1438, 0x143c, 
0xf9ac, 0xf9af, 0xf57a, 0xf57a, 0xfbb0, 0xfbb1, 0xe96c, 0xe96b, 
0xe3a4, 0xe3a3, 0xed9a, 0xed9a, 0xec78, 0xec76, 0xecbd, 0xecbd, 
0xf9f6, 0xf9f4, 0x063f, 0x063d, 0x160f, 0x160d, 0x237d, 0x237c, 
0x18c6, 0x18c9, 0x0ad4, 0x0ad6, 0xff30, 0xff31, 0xede8, 0xedea, 
0xeb1f, 0xeb23, 0xeb21, 0xeb25, 0xe775, 0xe778, 0xf64e, 0xf655, 
0xfd75, 0xfd7e, 0xec06, 0xec09, 0xec90, 0xec8a, 0x0889, 0x0881, 
0x1bba, 0x1bb3, 0x2102, 0x20fc, 0x16f6, 0x16f2, 0xfc49, 0xfc48, 
0xf4ea, 0xf4ea, 0xf45c, 0xf45b, 0xe5f3, 0xe5f0, 0xe619, 0xe613, 
0xf22a, 0xf229, 0xf708, 0xf70c, 0xfac1, 0xfac8, 0xffb0, 0xffb9, 
0x074f, 0x0751, 0x2421, 0x2417, 0x3da3, 0x3d98, 0x3e76, 0x3e74, 
0x3804, 0x3806, 0x24cb, 0x24ce, 0x007d, 0x007e, 0xe845, 0xe848, 
0xdb0f, 0xdb13, 0xd076, 0xd07a, 0xdba9, 0xdbab, 0xea92, 0xea92, 
0xdffc, 0xdff9, 0xd80c, 0xd80d, 0xe6f6, 0xe6fc, 0xfc3d, 0xfc3f, 
0x0b34, 0x0b31, 0x0328, 0x0326, 0xf8d7, 0xf8d7, 0x0e46, 0x0e46, 
0x1c15, 0x1c16, 0x1265, 0x1267, 0x12c1, 0x12c1, 0x1992, 0x1993, 
0x1173, 0x117a, 0x080e, 0x0819, 0x00e5, 0x00f0, 0xff70, 0xff74, 
0x16a1, 0x16a0, 0x2643, 0x2646, 0x1b4c, 0x1b52, 0x07f9, 0x07fe, 
0xeda3, 0xeda9, 0xd28c, 0xd290, 0xc873, 0xc877, 0xc7cc, 0xc7d2, 
0xd001, 0xd006, 0xe71c, 0xe71f, 0xf273, 0xf275, 0xe5bf, 0xe5bc, 
0xe2d2, 0xe2ce, 0xee8b, 0xee8b, 0x01f2, 0x01f5, 0x1d0f, 0x1d0e, 
0x1e30, 0x1e2a, 0x12c0, 0x12bd, 0x1b53, 0x1b52, 0x18e6, 0x18e4, 
0x05c0, 0x05c0, 0xff88, 0xff88, 0x0c35, 0x0c32, 0x1d3f, 0x1d3a, 
0x266b, 0x266a, 0x1fbe, 0x1fbd, 0x205c, 0x2058, 0x3259, 0x3255, 
0x39a0, 0x39a2, 0x3399, 0x339d, 0x2508, 0x2510, 0x061d, 0x0622, 
0xe971, 0xe971, 0xdb2d, 0xdb2d, 0xc987, 0xc98a, 0xbeea, 0xbee7, 
0xca7b, 0xca76, 0xd574, 0xd573, 0xd1f5, 0xd1f6, 0xd557, 0xd556, 
0xe844, 0xe844, 0xff88, 0xff87, 0x062e, 0x0630, 0xf03e, 0xf03f, 
0xe094, 0xe091, 0xe56e, 0xe567, 0xe35a, 0xe350, 0xde11, 0xde0a, 
0xe851, 0xe84e, 0xfbbd, 0xfbbe, 0x114b, 0x114e, 0x1bcf, 0x1bd0, 
0x1284, 0x1282, 0x12f2, 0x12f5, 0x2e4c, 0x2e51, 0x518f, 0x5192, 
0x689e, 0x68a3, 0x6af1, 0x6af8, 0x54b1, 0x54b3, 0x32f9, 0x32f3, 
0x16be, 0x16b3, 0xfa4d, 0xfa46, 0xe453, 0xe454, 0xe326, 0xe324, 
0xe5db, 0xe5d5, 0xdb58, 0xdb57, 0xcd25, 0xcd26, 0xc79e, 0xc79c, 
0xd1ca, 0xd1c7, 0xdc93, 0xdc8f, 0xd46d, 0xd467, 0xd278, 0xd272, 
0xebac, 0xeba8, 0xf9a4, 0xf9a3, 0xe981, 0xe981, 0xe1ab, 0xe1ad, 
0xece6, 0xeceb, 0xf9d4, 0xf9d6, 0xfe97, 0xfe94, 0xfec5, 0xfebf, 
0x0999, 0x0993, 0x2299, 0x2298, 0x3bb0, 0x3bb2, 0x460a, 0x460d, 
0x353a, 0x353e, 0x0c61, 0x0c65, 0xf065, 0xf06a, 0xef96, 0xef9d, 
0xebc9, 0xebce, 0xeceb, 0xecec, 0x04f2, 0x04ef, 0x118e, 0x1187, 
0x06ad, 0x06a3, 0xfeca, 0xfec1, 0xffe3, 0xffdb, 0x0b3e, 0x0b3b, 
0x1716, 0x1718, 0x0de4, 0x0de9, 0x0065, 0x0068, 0x0281, 0x0282, 
0xfb77, 0xfb73, 0xe589, 0xe583, 0xdbbf, 0xdbbb, 0xe738, 0xe73a, 
0xfdc4, 0xfdca, 0x0685, 0x0688, 0xf9aa, 0xf9a8, 0xf4e9, 0xf4e9, 
0x0122, 0x0127, 0x0e08, 0x0e08, 0x1c7a, 0x1c75, 0x1efa, 0x1ef7, 
0x095d, 0x095b, 0xfc61, 0xfc5f, 0xfed0, 0xfecd, 0xf35d, 0xf35b, 
0xe619, 0xe61b, 0xe953, 0xe956, 0xf034, 0xf037, 0xf585, 0xf58b, 
0xfbf5, 0xfbfc, 0x0925, 0x0925, 0x2394, 0x2392, 0x2ef8, 0x2ef8, 
0x17f8, 0x17f9, 0x01a2, 0x01a8, 0xf90e, 0xf913, 0xe9ed, 0xe9f1, 
0xd7b8, 0xd7bc, 0xd20c, 0xd20f, 0xdd95, 0xdd96, 0xee56, 0xee55, 
0xf3e8, 0xf3ea, 0xf269, 0xf26a, 0xf9bb, 0xf9b8, 0x0b9e, 0x0b98, 
0x294b, 0x2944, 0x4ac6, 0x4ac1, 0x4853, 0x4851, 0x2387, 0x2383, 
0x0740, 0x0739, 0xf2dd, 0xf2d8, 0xdb90, 0xdb91, 0xd224, 0xd22a, 
0xdb88, 0xdb8e, 0xe572, 0xe575, 0xea64, 0xea63, 0xee78, 0xee72, 
0xf0d4, 0xf0ce, 0xfcd1, 0xfcce, 0x0bb0, 0x0bb1, 0x0d9e, 0x0da0, 
0x0e0f, 0x0e0f, 0x16d5, 0x16d7, 0x1f7e, 0x1f82, 0x19de, 0x19df, 
0x0fe9, 0x0fe6, 0x12a6, 0x12a2, 0x1853, 0x1850, 0x11f0, 0x11ee, 
0x03f0, 0x03ef, 0x025a, 0x0255, 0x07c2, 0x07bf, 0x0f6d, 0x0f6e, 
0x2002, 0x2002, 0x1750, 0x1750, 0xeead, 0xeeaf, 0xd3c6, 0xd3c9, 
0xd0d1, 0xd0d2, 0xcaf5, 0xcaf4, 0xc6e8, 0xc6e7, 0xd5ba, 0xd5ba, 
0xe088, 0xe087, 0xe0a4, 0xe0a4, 0xe173, 0xe175, 0xe895, 0xe896, 
0x0299, 0x0298, 0x1a52, 0x1a50, 0x2122, 0x2122, 0x2462, 0x2463, 
0x2090, 0x2092, 0x10cf, 0x10d2, 0xff8a, 0xff8c, 0xf9da, 0xf9d9, 
0x0172, 0x016d, 0x188e, 0x1887, 0x2a4f, 0x2a4a, 0x24ec, 0x24ea, 
0x2376, 0x2372, 0x26a7, 0x26a0, 0x2c88, 0x2c86, 0x392a, 0x3928, 
0x2c74, 0x2c73, 0x09fa, 0x0a00, 0xf383, 0xf389, 0xe5cd, 0xe5d0, 
0xce41, 0xce45, 0xbee5, 0xbeea, 0xc0d9, 0xc0dd, 0xc352, 0xc356, 
0xcecd, 0xced2, 0xd86a, 0xd86c, 0xe010, 0xe00b, 0xf9dd, 0xf9d4, 
0x09a3, 0x099e, 0x017c, 0x017a, 0xf5fa, 0xf5fb, 0xf10b, 0xf10f, 
0xe9d0, 0xe9d5, 0xdf40, 0xdf42, 0xdf8d, 0xdf8c, 0xeee6, 0xeee9, 
0x085a, 0x0861, 0x0d5f, 0x0d63, 0x019e, 0x019e, 0x097d, 0x097b, 
0x1caa, 0x1cab, 0x40f4, 0x40fa, 0x717d, 0x717d, 0x7f9d, 0x7f96, 
0x680b, 0x6808, 0x501c, 0x501d, 0x3863, 0x3863, 0x0aeb, 0x0aec, 
0xe7b3, 0xe7b3, 0xdce4, 0xdce1, 0xd373, 0xd36d, 0xcd6d, 0xcd68, 
0xc27c, 0xc27c, 0xbd25, 0xbd27, 0xca3c, 0xca3f, 0xd5f8, 0xd5fb, 
0xdca2, 0xdca5, 0xe791, 0xe797, 0xf56e, 0xf576, 0xf74b, 0xf750, 
0xee82, 0xee86, 0xe04b, 0xe04d, 0xdcba, 0xdcba, 0xf5c7, 0xf5c7, 
0xffbc, 0xffbc, 0xf5ba, 0xf5b8, 0xfee4, 0xfee4, 0x11cf, 0x11d3, 
0x27e9, 0x27ed, 0x3dd6, 0x3dd5, 0x3e89, 0x3e87, 0x275a, 0x275b, 
0x16ec, 0x16ef, 0x1031, 0x1032, 0x00bf, 0x00be, 0xfb10, 0xfb11, 
0xfbd9, 0xfbde, 0xfd00, 0xfd03, 0xfe9d, 0xfe9e, 0xee2e, 0xee2f, 
0xe56d, 0xe56f, 0xf68c, 0xf68e, 0x04d7, 0x04d4, 0x026f, 0x026a, 
0x03ab, 0x03a7, 0x096f, 0x096b, 0xfac2, 0xfac2, 0xe3ee, 0xe3f0, 
0xd6f0, 0xd6f1, 0xe36d, 0xe371, 0x04c7, 0x04cc, 0x0da0, 0x0da1, 
0x0220, 0x0222, 0xfa72, 0xfa73, 0xf94c, 0xf94b, 0x0909, 0x0909, 
0x22d2, 0x22d4, 0x2b9e, 0x2ba1, 0x21c0, 0x21c4, 0x217d, 0x217b, 
0x1868, 0x1862, 0xf73e, 0xf73d, 0xe1f7, 0xe1f7, 0xdc68, 0xdc69, 
0xe1f6, 0xe1f9, 0xee6a, 0xee6e, 0xf3c8, 0xf3ca, 0xfbfd, 0xfbfe, 
0x0e2e, 0x0e2d, 0x1b36, 0x1b35, 0x1444, 0x1446, 0x0af4, 0x0af9, 
0x05eb, 0x05f1, 0xf5fb, 0xf5ff, 0xde3e, 0xde3c, 0xc895, 0xc88f, 
0xd0c1, 0xd0bc, 0xec54, 0xec53, 0xed40, 0xed41, 0xe17e, 0xe17d, 
0xe688, 0xe684, 0xf987, 0xf984, 0x170e, 0x170d, 0x3e97, 0x3e96, 
0x5180, 0x517e, 0x4291, 0x428e, 0x3401, 0x3400, 0x214d, 0x214f, 
0x0013, 0x0013, 0xe7a4, 0xe7a1, 0xe264, 0xe262, 0xed8a, 0xed8c, 
0xf2f0, 0xf2f5, 0xe6be, 0xe6c3, 0xddd9, 0xddda, 0xe5de, 0xe5de, 
0xee41, 0xee43, 0xf12d, 0xf12d, 0x02f0, 0x02ed, 0x1509, 0x1503, 
0x15b3, 0x15b1, 0x0e03, 0x0e04, 0x048d, 0x0491, 0x0ad1, 0x0ad7, 
0x1a03, 0x1a0d, 0x16ed, 0x16f4, 0x067b, 0x067f, 0xfb59, 0xfb58, 
0xfa87, 0xfa82, 0x06bb, 0x06b8, 0x1ba8, 0x1baa, 0x1c92, 0x1c98, 
0x0c6a, 0x0c6f, 0x04b8, 0x04b7, 0xf7e8, 0xf7e5, 0xe3d5, 0xe3d7, 
0xd5fa, 0xd5fc, 0xcd89, 0xcd8a, 0xceaa, 0xcea8, 0xd4bc, 0xd4b8, 
0xd18e, 0xd18b, 0xcf8e, 0xcf8e, 0xe35f, 0xe35f, 0xfde2, 0xfddf, 
0x0f04, 0x0efd, 0x1de5, 0x1ddc, 0x2418, 0x2414, 0x1ba2, 0x1ba3, 
0x07ea, 0x07e8, 0xf9db, 0xf9d8, 0x0884, 0x0880, 0x2153, 0x2150, 
0x28c4, 0x28c4, 0x2a05, 0x2a03, 0x2b0d, 0x2b05, 0x2266, 0x225c, 
0x23de, 0x23d4, 0x34ee, 0x34e8, 0x3239, 0x3234, 0x1f24, 0x1f1d, 
0x1521, 0x1519, 0x07c0, 0x07b8, 0xec32, 0xec2b, 0xce73, 0xce6c, 
0xbd77, 0xbd6d, 0xc07a, 0xc073, 0xcb76, 0xcb74, 0xd0c9, 0xd0c5, 
0xd6f0, 0xd6ea, 0xdf31, 0xdf2d, 0xe40a, 0xe40c, 0xebf4, 0xebf9, 
0xf12b, 0xf130, 0xed50, 0xed56, 0xeb23, 0xeb2b, 0xe945, 0xe948, 
0xe666, 0xe662, 0xf2f2, 0xf2ed, 0x05d2, 0x05d1, 0x09c6, 0x09c7, 
0x0816, 0x081a, 0x0af7, 0x0afc, 0x11cb, 0x11cf, 0x295a, 0x295c, 
0x4d04, 0x4d03, 0x6237, 0x6234, 0x67b0, 0x67b0, 0x6123, 0x6125, 
0x4a67, 0x4a68, 0x29c5, 0x29c3, 0x0098, 0x0096, 0xdc46, 0xdc42, 
0xd461, 0xd45f, 0xd9da, 0xd9dc, 0xcea3, 0xcea5, 0xc139, 0xc136, 
0xc4ab, 0xc4a9, 0xcb94, 0xcb93, 0xd5d9, 0xd5d7, 0xe6ad, 0xe6ab, 
0xf6a1, 0xf6a2, 0xff94, 0xff95, 0xf364, 0xf366, 0xe01b, 0xe01d, 
0xe01b, 0xe01d, 0xe860, 0xe862, 0xee22, 0xee22, 0xfccb, 0xfcc8, 
0x0b89, 0x0b87, 0x0e5a, 0x0e59, 0x1c2e, 0x1c2c, 0x2f39, 0x2f37, 
0x318d, 0x318d, 0x33e4, 0x33e1, 0x345c, 0x3457, 0x29bc, 0x29bf, 
0x1c25, 0x1c2e, 0x099f, 0x09a5, 0xf7c4, 0xf7c2, 0xf3cc, 0xf3ca, 
0xf61d, 0xf61e, 0xecdd, 0xecdf, 0xe190, 0xe190, 0xdf00, 0xdefe, 
0xe562, 0xe55f, 0xf641, 0xf63f, 0xfec3, 0xfec2, 0x020b, 0x020d, 
0x063c, 0x063c, 0xf72f, 0xf72c, 0xe5c2, 0xe5bf, 0xeb53, 0xeb53, 
0xfafa, 0xfafd, 0x01dc, 0x01e1, 0x0497, 0x049b, 0x01ba, 0x01be, 
0xf5eb, 0xf5f3, 0xf751, 0xf75b, 0x03a8, 0x03a7, 0x1189, 0x1183, 
0x2121, 0x211e, 0x26f4, 0x26ef, 0x2573, 0x2571, 0x17b8, 0x17b9, 
0xfc6a, 0xfc6c, 0xe8a3, 0xe8a4, 0xeb0d, 0xeb09, 0xf629, 0xf620, 
0xf650, 0xf646, 0xfc85, 0xfc7b, 0x0ad7, 0x0ad1, 0x1124, 0x1121, 
0x127e, 0x127c, 0x103d, 0x103d, 0x0cba, 0x0cc3, 0xfe29, 0xfe31, 
0xe7c8, 0xe7cb, 0xdce4, 0xdce5, 0xdc9a, 0xdc9a, 0xdeac, 0xdeac, 
0xdde5, 0xdde3, 0xe3f7, 0xe3f4, 0xe9c1, 0xe9c4, 0xede4, 0xede7, 
0x078d, 0x078e, 0x246f, 0x2470, 0x32aa, 0x32ac, 0x3824, 0x3825, 
0x351f, 0x3520, 0x288d, 0x288f, 0x137d, 0x137e, 0xfbe5, 0xfbe2, 
0xe67b, 0xe672, 0xe9ab, 0xe9a3, 0xf8a2, 0xf899, 0xee53, 0xee4d, 
0xe17e, 0xe181, 0xe473, 0xe47c, 0xed72, 0xed7b, 0xf08e, 0xf091, 
0xf101, 0xf102, 0x0227, 0x0227, 0x1213, 0x1212, 0x0c6a, 0x0c69, 
0x0270, 0x026e, 0x0951, 0x094a, 0x0cd8, 0x0cce, 0x021c, 0x0216, 
0x0771, 0x0773, 0x0b0c, 0x0b11, 0x0427, 0x0428, 0x0c60, 0x0c60, 
0x1678, 0x167b, 0x1805, 0x1809, 0x137b, 0x137e, 0x0f1d, 0x0f1f, 
0x0c99, 0x0c9a, 0x00bf, 0x00c2, 0xe430, 0xe433, 0xc7f1, 0xc7f3, 
0xc9b5, 0xc9b9, 0xd0d8, 0xd0dd, 0xcaab, 0xcaab, 0xcb3e, 0xcb3c, 
0xd70f, 0xd70f, 0xf346, 0xf347, 0x0996, 0x0994, 0x0d5a, 0x0d56, 
0x176e, 0x176c, 0x21c6, 0x21c5, 0x1c57, 0x1c56, 0x10f2, 0x10f2, 
0x1012, 0x1015, 0x1461, 0x1461, 0x1f97, 0x1f97, 0x2ddd, 0x2ddc, 
0x256c, 0x256a, 0x1ccc, 0x1cc8, 0x2003, 0x2002, 0x1cf5, 0x1cf6, 
0x1b36, 0x1b34, 0x18ad, 0x18a8, 0x1699, 0x1696, 0x1537, 0x1533, 
0x068b, 0x0686, 0xe6ec, 0xe6e8, 0xcc45, 0xcc40, 0xd06b, 0xd065, 
0xdf50, 0xdf4d, 0xe28c, 0xe28f, 0xda72, 0xda75, 0xd822, 0xd823, 
0xe63c, 0xe63a, 0xe4e1, 0xe4e2, 0xdb19, 0xdb1a, 0xe063, 0xe05f, 
0xe238, 0xe237, 0xdf09, 0xdf0b, 0xe361, 0xe363, 0xeb3f, 0xeb40, 
0xeb6d, 0xeb6c, 0xf6c0, 0xf6bf, 0x0f28, 0x0f2a, 0x1190, 0x1191, 
0x0d36, 0x0d35, 0x1dd3, 0x1dd5, 0x3d1a, 0x3d1b, 0x53e1, 0x53e1, 
0x5a49, 0x5a4b, 0x631c, 0x631d, 0x61e6, 0x61e1, 0x4791, 0x478a, 
0x1dbf, 0x1dbc, 0xfa38, 0xfa39, 0xf02b, 0xf02e, 0xedc6, 0xedcb, 
0xe27f, 0xe283, 0xcc46, 0xcc47, 0xbd9a, 0xbd98, 0xc77b, 0xc777, 
0xd0e6, 0xd0e5, 0xd4c4, 0xd4c3, 0xddc1, 0xddbe, 0xe5b0, 0xe5af, 
0xe396, 0xe396, 0xde5b, 0xde5d, 0xe381, 0xe383, 0xe47e, 0xe480, 
0xeb49, 0xeb4b, 0x0189, 0x018a, 0x0be5, 0x0be5, 0x0b39, 0x0b38, 
0x0d5b, 0x0d59, 0x1a1d, 0x1a1f, 0x28ad, 0x28b4, 0x2be0, 0x2be6, 
0x2c6b, 0x2c6e, 0x2de6, 0x2de9, 0x2a69, 0x2a6c, 0x148c, 0x1492, 
0xfede, 0xfee6, 0xffef, 0xfff5, 0x0061, 0x0062, 0xf5d2, 0xf5ce, 
0xe404, 0xe403, 0xdc50, 0xdc55, 0xe84d, 0xe854, 0xf16c, 0xf170, 
0xf6f3, 0xf6f1, 0xfd26, 0xfd21, 0xfd87, 0xfd82, 0xf734, 0xf730, 
0xf718, 0xf715, 0xfe9a, 0xfe9c, 0xfbe2, 0xfbe1, 0x013d, 0x0135, 
0x0d27, 0x0d21, 0x0646, 0x0646, 0xfa2a, 0xfa2b, 0xf54b, 0xf54e, 
0xfadc, 0xfae1, 0x0692, 0x0697, 0x170c, 0x170e, 0x27a4, 0x27a4, 
0x2942, 0x2943, 0x1ec0, 0x1ec2, 0x0784, 0x0783, 0xf0cc, 0xf0cb, 
0xea61, 0xea60, 0xee99, 0xee93, 0xf6f9, 0xf6f4, 0xf672, 0xf66f, 
0xfadb, 0xfad8, 0x09ef, 0x09ec, 0x0b05, 0x0b02, 0x0074, 0x006e, 
0xf9c5, 0xf9bf, 0xf776, 0xf771, 0xe97f, 0xe97e, 0xdd47, 0xdd4b, 
0xe078, 0xe07d, 0xdc07, 0xdc08, 0xda6e, 0xda70, 0xe587, 0xe58c, 
0xefaf, 0xefaf, 0xf67f, 0xf67a, 0xfe92, 0xfe90, 0x0ece, 0x0ed2, 
0x1e9d, 0x1e9f, 0x2be8, 0x2be7, 0x35e2, 0x35e0, 0x3746, 0x3743, 
0x2f7e, 0x2f78, 0x1909, 0x1902, 0x0a8d, 0x0a8a, 0x0a75, 0x0a77, 
0x074e, 0x0753, 0x018e, 0x0194, 0xf58e, 0xf594, 0xecba, 0xecc2, 
0xeb5c, 0xeb62, 0xeb0d, 0xeb0c, 0xef1b, 0xef1b, 0xfb65, 0xfb69, 
0x0c8c, 0x0c90, 0x0dfa, 0x0dfa, 0x0781, 0x0780, 0x0178, 0x0176, 
0xf243, 0xf240, 0xedfd, 0xedff, 0xf5d5, 0xf5dc, 0xfc7d, 0xfc86, 
0xfe1c, 0xfe23, 0xf924, 0xf927, 0xf531, 0xf535, 0xf6ce, 0xf6d2, 
0x0278, 0x027b, 0x0c32, 0x0c34, 0x129e, 0x12a1, 0x1712, 0x1710, 
0x05fd, 0x05f8, 0xeedf, 0xeedd, 0xe148, 0xe146, 0xdb7a, 0xdb76, 
0xd973, 0xd972, 0xd543, 0xd546, 0xdfbd, 0xdfc2, 0xf244, 0xf24b, 
0xf744, 0xf74a, 0xf8b2, 0xf8b6, 0x0a9d, 0x0aa0, 0x1bf7, 0x1bfa, 
0x132d, 0x132e, 0x1078, 0x1076, 0x1772, 0x176c, 0x1187, 0x117c, 
0x1688, 0x1681, 0x2852, 0x2851, 0x3296, 0x3296, 0x2b06, 0x2b07, 
0x19a8, 0x19ae, 0x0e8c, 0x0e93, 0x0b05, 0x0b07, 0x10fa, 0x10f5, 
0x1aa0, 0x1a9d, 0x22de, 0x22de, 0x1b40, 0x1b3e, 0x0014, 0x000d, 
0xe80d, 0xe807, 0xd319, 0xd319, 0xce92, 0xce93, 0xdad8, 0xdada, 
0xdb2e, 0xdb34, 0xda4e, 0xda57, 0xde7c, 0xde86, 0xd943, 0xd944, 
0xcfec, 0xcfe4, 0xd8b6, 0xd8af, 0xeb30, 0xeb30, 0xef9f, 0xefa2, 
0xf127, 0xf126, 0xec7e, 0xec76, 0xe383, 0xe380, 0xe75b, 0xe75d, 
0xf374, 0xf377, 0x04ea, 0x04ed, 0x0d8b, 0x0d90, 0x128f, 0x1294, 
0x264c, 0x264d, 0x3d87, 0x3d85, 0x505a, 0x5059, 0x60d9, 0x60dc, 
0x6ecf, 0x6ed5, 0x6524, 0x6527, 0x4087, 0x4087, 0x1acf, 0x1ad2, 
0xfe0d, 0xfe12, 0xf14a, 0xf14d, 0xe3f8, 0xe3f7, 0xd071, 0xd06e, 
0xcaa1, 0xca9f, 0xc7d0, 0xc7d2, 0xc249, 0xc24d, 0xc5f2, 0xc5f6, 
0xda0f, 0xda13, 0xec35, 0xec39, 0xedb3, 0xedb1, 0xee9e, 0xee9f, 
0xe68a, 0xe68a, 0xd6ee, 0xd6e8, 0xd8de, 0xd8d9, 0xef89, 0xef8a, 
0x056a, 0x056c, 0x059e, 0x059a, 0x04f7, 0x04f2, 0x0e2a, 0x0e29, 
0x17a4, 0x17a1, 0x246c, 0x2469, 0x33a3, 0x33a6, 0x4825, 0x482d, 
0x511e, 0x5123, 0x4311, 0x4312, 0x26f7, 0x26fa, 0x0786, 0x0789, 
0xfa67, 0xfa66, 0xf1ed, 0xf1ec, 0xddce, 0xddd1, 0xd2c2, 0xd2c4, 
0xda75, 0xda71, 0xdf5f, 0xdf5d, 0xd611, 0xd612, 0xdcd0, 0xdcce, 
0xeda6, 0xeda5, 0xf253, 0xf259, 0xf759, 0xf75e, 0xf4f4, 0xf4f7, 
0xed76, 0xed78, 0xef1a, 0xef1a, 0xfa3a, 0xfa38, 0x0562, 0x0561, 
0x0198, 0x019a, 0xfbb1, 0xfbb2, 0x020a, 0x0207, 0x1103, 0x1103, 
0x1ab2, 0x1ab5, 0x252e, 0x252f, 0x3a2e, 0x3a31, 0x3bef, 0x3bf5, 
0x2cc7, 0x2ccb, 0x1979, 0x197a, 0x00fc, 0x00fe, 0xf99c, 0xf9a0, 
0xfd8c, 0xfd95, 0xfd74, 0xfd7c, 0xfdc8, 0xfdcf, 0x010d, 0x0113, 
0xff07, 0xff06, 0xf92c, 0xf926, 0xf83e, 0xf83d, 0xf02a, 0xf02f, 
0xedd8, 0xeddd, 0xf0dc, 0xf0de, 0xde6c, 0xde6c, 0xc806, 0xc801, 
0xbea0, 0xbe98, 0xc682, 0xc67e, 0xd86b, 0xd86b, 0xe2a8, 0xe2a8, 
0xeb2d, 0xeb2e, 0xfb31, 0xfb32, 0x0ddd, 0x0ddd, 0x16d6, 0x16d5, 
0x2221, 0x2224, 0x354f, 0x3557, 0x4029, 0x402f, 0x415e, 0x415f, 
0x2d49, 0x2d47, 0x11ff, 0x11fa, 0x0761, 0x075d, 0xfcee, 0xfce9, 
0xee1a, 0xee15, 0xe789, 0xe786, 0xed8e, 0xed8b, 0xf320, 0xf31f, 
0xf708, 0xf709, 0x02fb, 0x02fe, 0x0ed2, 0x0eda, 0x1822, 0x1827, 
0x1758, 0x1755, 0x0bf1, 0x0bed, 0xfc52, 0xfc50, 0xea85, 0xea82, 
0xe9c1, 0xe9be, 0xf56a, 0xf56c, 0xf8b5, 0xf8b6, 0xf0cc, 0xf0c9, 
0xeb56, 0xeb50, 0xf299, 0xf293, 0xfa26, 0xfa22, 0x05ae, 0x05a9, 
0x199c, 0x1994, 0x2750, 0x274f, 0x22ea, 0x22f0, 0x0acf, 0x0ad3, 
0xf01d, 0xf01c, 0xdbaf, 0xdbae, 0xd1b2, 0xd1b1, 0xd2ee, 0xd2ea, 
0xd735, 0xd72e, 0xe069, 0xe063, 0xe9b1, 0xe9ac, 0xf153, 0xf153, 
0xf7c5, 0xf7cb, 0xff88, 0xff8b, 0x12ff, 0x12fe, 0x2334, 0x2330, 
0x216c, 0x2166, 0x191f, 0x1919, 0x1a71, 0x1a6a, 0x22ef, 0x22e7, 
0x2785, 0x2780, 0x27fb, 0x27fb, 0x1e42, 0x1e42, 0x115f, 0x115c, 
0x0d29, 0x0d2a, 0x0b5d, 0x0b5c, 0x0d0b, 0x0d04, 0x1178, 0x1176, 
0x1287, 0x128b, 0x0a1e, 0x0a20, 0xf6be, 0xf6bd, 0xe58f, 0xe58b, 
0xdf8d, 0xdf86, 0xdfd6, 0xdfd1, 0xded5, 0xded6, 0xe229, 0xe22d, 
0xe704, 0xe709, 0xdf43, 0xdf46, 0xd533, 0xd533, 0xd5ad, 0xd5ac, 
0xe086, 0xe086, 0xf19f, 0xf19f, 0xfe2a, 0xfe2c, 0xfd2a, 0xfd2c, 
0xeef1, 0xeef1, 0xe3da, 0xe3da, 0xebcd, 0xebca, 0xff81, 0xff7a, 
0x0c78, 0x0c6f, 0x12d7, 0x12d0, 0x20c1, 0x20bb, 0x2f89, 0x2f83, 
0x34e4, 0x34df, 0x39a0, 0x399f, 0x4265, 0x4262, 0x46b0, 0x46ad, 
0x3eb8, 0x3eb6, 0x2c92, 0x2c95, 0x15f4, 0x15ff, 0xff6c, 0xff7a, 
0xed08, 0xed10, 0xe022, 0xe024, 0xd910, 0xd910, 0xd78b, 0xd78d, 
0xd769, 0xd76a, 0xd37d, 0xd380, 0xd0d6, 0xd0dd, 0xd8ee, 0xd8f5, 
0xe6b3, 0xe6ba, 0xec98, 0xec9e, 0xe5bd, 0xe5c0, 0xdb76, 0xdb78, 
0xda9d, 0xda9b, 0xe779, 0xe774, 0xfb5e, 0xfb5b, 0x0958, 0x0956, 
0x0d68, 0x0d62, 0x10ba, 0x10b2, 0x1993, 0x1993, 0x208b, 0x2091, 
0x2696, 0x269a, 0x3458, 0x3455, 0x4385, 0x437f, 0x4263, 0x4260, 
0x3197, 0x3199, 0x1fe2, 0x1fe2, 0x0c5b, 0x0c59, 0xf3fa, 0xf3f9, 
0xe0d1, 0xe0d3, 0xdf84, 0xdf88, 0xe2a7, 0xe2a7, 0xe0aa, 0xe0a4, 
0xdc73, 0xdc6e, 0xd92b, 0xd92c, 0xddfe, 0xde02, 0xeb3b, 0xeb40, 
0xfb9a, 0xfb9d, 0x027f, 0x0281, 0x0092, 0x0093, 0x01b4, 0x01b4, 
0x066f, 0x066f, 0x0475, 0x0479, 0xfd09, 0xfd0e, 0xf8dc, 0xf8e1, 
0xfd67, 0xfd6b, 0x03ce, 0x03ce, 0x0798, 0x0793, 0x0b6c, 0x0b68, 
0x1203, 0x1206, 0x1b4d, 0x1b54, 0x1eec, 0x1ef1, 0x1864, 0x1865, 
0x0a02, 0x0a03, 0x02ae, 0x02b1, 0xff0a, 0xff0f, 0xfcdb, 0xfce0, 
0xfe72, 0xfe74, 0x00ef, 0x00ef, 0xfe5f, 0xfe5d, 0xf1e9, 0xf1e6, 
0xeca2, 0xec9e, 0xee08, 0xee02, 0xf297, 0xf293, 0xfa96, 0xfa9a, 
0xfa51, 0xfa58, 0xedf1, 0xedf9, 0xe1ce, 0xe1d6, 0xe2c5, 0xe2c6, 
0xe92f, 0xe929, 0xebf1, 0xebed, 0xf149, 0xf146, 0xfe71, 0xfe71, 
0x0636, 0x0637, 0x0871, 0x0871, 0x0e07, 0x0e06, 0x1769, 0x176a, 
0x251f, 0x2522, 0x28aa, 0x28b0, 0x2772, 0x2774, 0x2340, 0x233c, 
0x19ae, 0x19a5, 0x0c5e, 0x0c54, 0xfd77, 0xfd72, 0xf9c3, 0xf9c4, 
0xf9a7, 0xf9aa, 0xfa05, 0xfa0a, 0xf6af, 0xf6b4, 0xf33a, 0xf33e, 
0xf5a5, 0xf5a6, 0x0270, 0x026f, 0x0faa, 0x0fa9, 0x0dbc, 0x0dbc, 
0xfef5, 0xfef7, 0xee60, 0xee63, 0xec50, 0xec53, 0xf52d, 0xf532, 
0xfaba, 0xfabc, 0xf886, 0xf884, 0xf597, 0xf597, 0xf4a1, 0xf4a7, 
0xf61d, 0xf626, 0xf768, 0xf76a, 0x0710, 0x070b, 0x18c7, 0x18c2, 
0x1f96, 0x1f96, 0x1797, 0x1797, 0xfca1, 0xfca2, 0xe92a, 0xe92f, 
0xe2d2, 0xe2d6, 0xe709, 0xe70e, 0xe743, 0xe749, 0xe4cb, 0xe4cc, 
0xe42a, 0xe427, 0xe8f9, 0xe8f9, 0xf1e1, 0xf1e3, 0xf79c, 0xf79f, 
0xff01, 0xff02, 0x0acf, 0x0ace, 0x1932, 0x1931, 0x1762, 0x175f, 
0x0e80, 0x0e7f, 0x154f, 0x1550, 0x23c8, 0x23ca, 0x1fd0, 0x1fcd, 
0x1470, 0x146a, 0x1070, 0x106b, 0x0ec2, 0x0ec2, 0x113f, 0x113f, 
0x07a4, 0x07a3, 0x01ed, 0x01ef, 0x0b94, 0x0b95, 0x0dca, 0x0dc8, 
0x0a4f, 0x0a4b, 0xf62c, 0xf62b, 0xeec2, 0xeec6, 0xfb5e, 0xfb5f, 
0xf6b0, 0xf6ad, 0xf65c, 0xf65c, 0xf13d, 0xf13f, 0xebe2, 0xebe0, 
0xf229, 0xf225, 0xeca6, 0xeca4, 0xec98, 0xec96, 0xfa0f, 0xfa0f, 
0x0018, 0x0018, 0xfe60, 0xfe61, 0xf18b, 0xf193, 0xe5df, 0xe5e8, 
0xe6d0, 0xe6d2, 0xf4ed, 0xf4ee, 0xf2fe, 0xf301, 0xf630, 0xf632, 
0xffda, 0xffda, 0x106e, 0x106e, 0x3065, 0x3065, 0x2b0d, 0x2b12, 
0x4148, 0x414b, 0x4126, 0x4122, 0x16f6, 0x16f5, 0x021e, 0x021d, 
0xf04c, 0xf045, 0xe48b, 0xe486, 0xe645, 0xe647, 0xd6fa, 0xd6ff, 
0xe585, 0xe58a, 0x07bf, 0x07c1, 0xf793, 0xf792, 0x0e65, 0x0e60, 
0xf32d, 0xf327, 0x04a6, 0x04a3, 0x2312, 0x2311, 0xd099, 0xd09b, 
0xc846, 0xc84b, 0xd345, 0xd349, 0xdb66, 0xdb68, 0xeb46, 0xeb49, 
0xd5f5, 0xd5fb, 0xe348, 0xe34b, 0x0cf1, 0x0ced, 0x0bbd, 0x0bb5, 
0x34d0, 0x34c9, 0x45b4, 0x45b1, 0x4ae1, 0x4ae2, 0x79ab, 0x79ab, 
0x3b9f, 0x3b9b, 0x14cd, 0x14ca, 0x237d, 0x237d, 0x0f3a, 0x0f3b, 
0x0c0f, 0x0c0d, 0xf815, 0xf814, 0xd68a, 0xd68b, 0xef20, 0xef1c, 
0xeb72, 0xeb6c, 0xfaac, 0xfaa9, 0x0971, 0x096f, 0xcc87, 0xcc84, 
0xe61d, 0xe620, 0xeddf, 0xede7, 0xc51d, 0xc524, 0xe518, 0xe51a, 
0xf5ef, 0xf5ed, 0xedaf, 0xedac, 0xf7f5, 0xf7f5, 0xbc88, 0xbc8d, 
0xb308, 0xb30a, 0xe163, 0xe15f, 0xea37, 0xea34, 0x1e1c, 0x1e1e, 
0x06d3, 0x06d5, 0x147a, 0x147c, 0x48b7, 0x48bb, 0x0e34, 0x0e36, 
0xfab4, 0xfab7, 0x0dd8, 0x0ddd, 0x0240, 0x0244, 0x0c71, 0x0c73, 
0xf8ac, 0xf8ad, 0xea02, 0xea05, 0x2464, 0x2466, 0x225d, 0x225c, 
0x3a03, 0x3a00, 0x43c5, 0x43c4, 0x2315, 0x2313, 0x4e24, 0x4e23, 
0x3561, 0x3563, 0x0abd, 0x0abf, 0x1524, 0x1520, 0xf61e, 0xf616, 
0xe4ca, 0xe4c3, 0xe476, 0xe474, 0xb1b8, 0xb1b9, 0xa6d0, 0xa6cf, 
0x9bdc, 0x9bdb, 0xabb5, 0xabb7, 0xebe6, 0xebec, 0xf815, 0xf81b, 
0x2412, 0x2411, 0x4623, 0x461d, 0x1ebb, 0x1eb8, 0x00c3, 0x00c7, 
0xfcca, 0xfccd, 0xf8ee, 0xf8eb, 0x077f, 0x077a, 0xdc3c, 0xdc37, 
0xc6fe, 0xc6fc, 0xde3f, 0xde3c, 0xe024, 0xe023, 0x0e31, 0x0e31, 
0x1173, 0x1175, 0x1e74, 0x1e74, 0x4aa3, 0x4a9f, 0x2e2b, 0x2e22, 
0x03f4, 0x03ed, 0x173f, 0x173a, 0x1244, 0x123f, 0x13a8, 0x13a4, 
0x069a, 0x0699, 0xdbd9, 0xdbd8, 0xf3d8, 0xf3d8, 0xe1fb, 0xe1fa, 
0xfe42, 0xfe40, 0x28f7, 0x28f5, 0x1fc8, 0x1fc3, 0x4156, 0x4151, 
0x49ae, 0x49ac, 0x280f, 0x2812, 0x0f9d, 0x0fa0, 0xe7d5, 0xe7d7, 
0xc565, 0xc567, 0xc209, 0xc20d, 0xa4b6, 0xa4b6, 0xacff, 0xacfc, 
0xbd66, 0xbd62, 0xdcf0, 0xdcea, 0x0766, 0x0761, 0xf1ea, 0xf1ed, 
0xf9ad, 0xf9b6, 0x32c0, 0x32c9, 0x2b06, 0x2b0b, 0x0194, 0x0193, 
0x004c, 0x0048, 0xfa13, 0xfa0d, 0x0f01, 0x0efd, 0xfff0, 0xfff0, 
0xe573, 0xe578, 0xf501, 0xf503, 0xf47f, 0xf481, 0xf97c, 0xf981, 
0x08df, 0x08e5, 0x17e8, 0x17e8, 0x48a0, 0x4897, 0x5fea, 0x5fe3, 
0x2787, 0x2783, 0x219b, 0x2198, 0x124d, 0x124d, 0x05ad, 0x05ad, 
0x0fce, 0x0fd1, 0xfb36, 0xfb39, 0xf8db, 0xf8db, 0xe374, 0xe373, 
0xf262, 0xf266, 0x0d3a, 0x0d3c, 0xfcd1, 0xfccd, 0xf39c, 0xf396, 
0xf721, 0xf71d, 0xe369, 0xe368, 0xd846, 0xd848, 0xd369, 0xd36f, 
0xe395, 0xe398, 0xffcf, 0xffcc, 0xe51d, 0xe519, 0xc523, 0xc521, 
0xb35f, 0xb362, 0xd0a5, 0xd0ab, 0xf795, 0xf79e, 0xfb63, 0xfb6c, 
0x0bd3, 0x0bd4, 0x35e9, 0x35e5, 0x3f78, 0x3f72, 0x263b, 0x2638, 
0x0ec4, 0x0ec4, 0x0e93, 0x0e96, 0x1bc6, 0x1bcc, 0xf82c, 0xf835, 
0xe73e, 0xe744, 0xe7b8, 0xe7bb, 0xf173, 0xf176, 0x1085, 0x1088, 
0x1db2, 0x1db6, 0x1c8b, 0x1c8b, 0x2fc8, 0x2fc6, 0x3b47, 0x3b48, 
0x332e, 0x332f, 0x351b, 0x351a, 0x020a, 0x0208, 0xf9ce, 0xf9cd, 
0xf55e, 0xf55d, 0xd77a, 0xd77a, 0xdade, 0xdae1, 0xad2b, 0xad2d, 
0xa621, 0xa623, 0xcef7, 0xcefa, 0xd40a, 0xd40d, 0xf701, 0xf6ff, 
0x30c5, 0x30c3, 0x3cbe, 0x3cbc, 0x36cb, 0x36c8, 0x0141, 0x013b, 
0xf891, 0xf88c, 0x1720, 0x171d, 0xf239, 0xf23b, 0xdf8e, 0xdf94, 
0xd08c, 0xd091, 0xcd87, 0xcd8a, 0xf243, 0xf248, 0xfc85, 0xfc86, 
0x0069, 0x0068, 0x2e1e, 0x2e22, 0x327a, 0x327e, 0x1c17, 0x1c1a, 
0xfe77, 0xfe7d, 0xeeac, 0xeeb5, 0x0d3a, 0x0d42, 0x0ada, 0x0add, 
0x0646, 0x0646, 0xffa3, 0xffa5, 0xe684, 0xe688, 0xe419, 0xe418, 
0x15e4, 0x15df, 0x2633, 0x262e, 0x2d7a, 0x2d77, 0x416f, 0x416c, 
0x39ed, 0x39ec, 0x3dcd, 0x3dce, 0x0fc4, 0x0fc6, 0xf254, 0xf258, 
0xe102, 0xe105, 0xc504, 0xc505, 0xc17c, 0xc17e, 0xba26, 0xba23, 
0xcf3e, 0xcf37, 0xff65, 0xff5e, 0xf9f9, 0xf9f9, 0xee12, 0xee18, 
0x10d8, 0x10de, 0x232f, 0x2335, 0x2842, 0x2849, 0xfd12, 0xfd18, 
0xf42e, 0xf42d, 0x0527, 0x0524, 0xec13, 0xec14, 0xdff8, 0xdff9, 
0xd819, 0xd815, 0xd4ee, 0xd4e7, 0xe76b, 0xe764, 0xe9aa, 0xe9a5, 
0xecdb, 0xecdd, 0x1869, 0x1870, 0x2b7f, 0x2b81, 0x3d60, 0x3d5c, 
0x3091, 0x308a, 0x1369, 0x1363, 0x0f40, 0x0f3d, 0x0b05, 0x0b02, 
0x1759, 0x1757, 0x14b3, 0x14b4, 0xfb54, 0xfb56, 0xeb4c, 0xeb47, 
0x0ea8, 0x0e9f, 0x17a7, 0x17a4, 0x1906, 0x1905, 0x1e2d, 0x1e2d, 
0x0ec2, 0x0ebe, 0x09e5, 0x09e0, 0xdd84, 0xdd81, 0xcce4, 0xcce2, 
0xe88a, 0xe888, 0xebdf, 0xebe2, 0xdb02, 0xdb07, 0xca81, 0xca84, 
0xbe19, 0xbe1a, 0xdd8c, 0xdd89, 0xeae5, 0xeae2, 0xe742, 0xe743, 
0x1519, 0x151e, 0x2884, 0x2887, 0x2dd1, 0x2dd0, 0x18fe, 0x18fe, 
0xff62, 0xff63, 0x0fbb, 0x0fb8, 0x088b, 0x0885, 0xed2b, 0xed26, 
0xe46f, 0xe46b, 0xd6c6, 0xd6c7, 0xe61b, 0xe61d, 0x0877, 0x0877, 
0x0ece, 0x0ecf, 0x1b3e, 0x1b42, 0x2310, 0x2316, 0x3813, 0x3817, 
0x406b, 0x406c, 0x2bbd, 0x2bbf, 0x151f, 0x1524, 0x0f65, 0x0f68, 
0x144f, 0x1453, 0x0c75, 0x0c7b, 0xf23f, 0xf242, 0xcbfc, 0xcbff, 
0xd47c, 0xd47f, 0xd78e, 0xd790, 0xd923, 0xd924, 0xf65f, 0xf661, 
0x1b1a, 0x1b1e, 0x2be8, 0x2bed, 0x10ce, 0x10d0, 0xfc92, 0xfc95, 
0xf83c, 0xf83d, 0xf2dd, 0xf2dd, 0xe165, 0xe166, 0xd85b, 0xd858, 
0xcc78, 0xcc71, 0xe0ea, 0xe0e4, 0xeedc, 0xeed7, 0xe7d5, 0xe7d5, 
0x045d, 0x0462, 0x17fb, 0x1800, 0x2aee, 0x2aef, 0x1dc3, 0x1dbd, 
0x05ca, 0x05c3, 0x0389, 0x0381, 0xfb26, 0xfb22, 0xffa2, 0xff9f, 
0x0a4b, 0x0a45, 0xe6b3, 0xe6b3, 0xdd05, 0xdd09, 0xf7fd, 0xf7fb, 
0x028a, 0x0282, 0x22d3, 0x22ca, 0x2978, 0x2974, 0x3e02, 0x3e03, 
0x524e, 0x524e, 0x3ece, 0x3ecb, 0x2884, 0x287f, 0x0c6a, 0x0c65, 
0xf1ed, 0xf1ed, 0xeac8, 0xeacc, 0xcde2, 0xcde6, 0xb794, 0xb794, 
0xdd27, 0xdd24, 0xdb38, 0xdb36, 0xe197, 0xe195, 0xf479, 0xf474, 
0x0413, 0x040d, 0x1f34, 0x1f30, 0x0f2b, 0x0f29, 0xf8d1, 0xf8ce, 
0xf59a, 0xf596, 0xecba, 0xecb7, 0xe830, 0xe830, 0xeeff, 0xef02, 
0xd7f8, 0xd7f9, 0xe678, 0xe676, 0xe6d6, 0xe6d4, 0xdda6, 0xdda6, 
0xfeaf, 0xfeaf, 0x086c, 0x086d, 0x247e, 0x247d, 0x3d5d, 0x3d5a, 
0x3936, 0x3936, 0x313f, 0x3140, 0x1f3b, 0x1f39, 0x0d63, 0x0d5d, 
0x1e1e, 0x1e1c, 0x0a4b, 0x0a4b, 0xf4f8, 0xf4f8, 0xfb9b, 0xfb9d, 
0xf70f, 0xf717, 0x110b, 0x1116, 0x0d68, 0x0d71, 0x0779, 0x077b, 
0x1436, 0x1435, 0xfe10, 0xfe13, 0xe173, 0xe177, 0xdfc4, 0xdfc6, 
0xda79, 0xda7a, 0xe79f, 0xe7a0, 0xe447, 0xe446, 0xca61, 0xca5f, 
0xe054, 0xe054, 0xdc49, 0xdc48, 0xe125, 0xe124, 0xf377, 0xf374, 
0x04f5, 0x04f0, 0x2c3a, 0x2c37, 0x33eb, 0x33eb, 0x22d5, 0x22d6, 
0x24d7, 0x24d8, 0x158c, 0x158e, 0x0213, 0x0216, 0x0a52, 0x0a53, 
0xeba2, 0xeba2, 0xe3a0, 0xe3a4, 0xe472, 0xe477, 0xe945, 0xe949, 
0x0987, 0x0987, 0x0f52, 0x0f49, 0x2057, 0x204d, 0x3666, 0x3662, 
0x3380, 0x3382, 0x2b51, 0x2b53, 0x166c, 0x166d, 0xfde7, 0xfde7, 
0x12d5, 0x12d7, 0x05e2, 0x05e1, 0xe20f, 0xe209, 0xdb08, 0xdb05, 
0xcbab, 0xcbaa, 0xc7b4, 0xc7b3, 0xc680, 0xc67e, 0xdaba, 0xdab9, 
0x0523, 0x0524, 0x0ed7, 0x0eda, 0x09cc, 0x09cf, 0x0f08, 0x0f0a, 
0x00ff, 0x00ff, 0x0835, 0x0832, 0x0585, 0x0585, 0xe920, 0xe927, 
0xeaf8, 0xeafe, 0xe722, 0xe728, 0xe5f3, 0xe5fa, 0xf41e, 0xf427, 
0x0e3b, 0x0e44, 0x2d2a, 0x2d33, 0x3792, 0x3797, 0x2e2e, 0x2e32, 
0x2365, 0x236a, 0xffcc, 0xffd3, 0xeea9, 0xeeae, 0x0859, 0x085c, 
0xfddc, 0xfddf, 0xebc2, 0xebc4, 0xdf2d, 0xdf2a, 0xe0a6, 0xe0a0, 
0xf670, 0xf671, 0xff0f, 0xff19, 0x133b, 0x1341, 0x2eec, 0x2eed, 
0x3e70, 0x3e6e, 0x4152, 0x414f, 0x28b4, 0x28b3, 0x095e, 0x095d, 
0x01d0, 0x01ce, 0xe267, 0xe264, 0xb95b, 0xb957, 0xb595, 0xb592, 
0xbb12, 0xbb11, 0xc755, 0xc754, 0xd1ca, 0xd1cb, 0xea1c, 0xea1c, 
0x19e7, 0x19e4, 0x2807, 0x2803, 0x2718, 0x2715, 0x23f0, 0x23f0, 
0x0aee, 0x0af2, 0x03ff, 0x03fd, 0x0119, 0x0110, 0xf801, 0xf7fc, 
0xf60b, 0xf60f, 0xe8d9, 0xe8da, 0xe199, 0xe192, 0xe6c0, 0xe6ba, 
0xeaae, 0xeaa8, 0x03f1, 0x03ed, 0x280b, 0x280d, 0x3b63, 0x3b67, 
0x4af4, 0x4af5, 0x298f, 0x298f, 0x000c, 0x000c, 0x092a, 0x092a, 
0x092f, 0x092e, 0xfffd, 0xfff9, 0xe82c, 0xe826, 0xddaa, 0xdda2, 
0xeea1, 0xee99, 0xf189, 0xf186, 0x033d, 0x033e, 0x2895, 0x2895, 
0x2978, 0x2978, 0x1368, 0x1367, 0xffab, 0xffa8, 0xe118, 0xe117, 
0xeb7d, 0xeb7f, 0xf275, 0xf27a, 0xde65, 0xde66, 0xda50, 0xda4f, 
0xd0e1, 0xd0e0, 0xd5bb, 0xd5b8, 0xd719, 0xd714, 0xdaf3, 0xdaf3, 
0x0b3a, 0x0b3e, 0x2885, 0x288a, 0x2a13, 0x2a17, 0x3dfb, 0x3dfe, 
0x2c60, 0x2c65, 0x12f4, 0x12fb, 0x103d, 0x1040, 0xfdf6, 0xfdf6, 
0xedf1, 0xedf2, 0xdc6b, 0xdc6c, 0xd6d2, 0xd6d2, 0xf0bf, 0xf0c3, 
0xf8f6, 0xf8fb, 0x038f, 0x0391, 0x1ed4, 0x1ed2, 0x2449, 0x2443, 
0x429f, 0x429c, 0x39f6, 0x39f5, 0x09f5, 0x09f0, 0x0826, 0x0820, 
0x0654, 0x0651, 0xfea8, 0xfea9, 0xf5c3, 0xf5c6, 0xe938, 0xe93a, 
0xe1a3, 0xe1a2, 0xc952, 0xc954, 0xb957, 0xb95b, 0xe47f, 0xe481, 
0x09a1, 0x09a2, 0x1665, 0x1662, 0x2027, 0x2024, 0x0649, 0x064a, 
0x051f, 0x0521, 0x05df, 0x05de, 0xf051, 0xf04d, 0xf186, 0xf186, 
0xe997, 0xe99c, 0xe240, 0xe245, 0xe32e, 0xe32f, 0xe4da, 0xe4d9, 
0x069f, 0x069c, 0x2414, 0x2410, 0x2453, 0x244e, 0x2c21, 0x2c1f, 
0x19f9, 0x19fa, 0xf572, 0xf576, 0xf3f1, 0xf3f5, 0xfbdb, 0xfbda, 
0x01c7, 0x01c6, 0xf443, 0xf444, 0xdad2, 0xdacf, 0xea3c, 0xea39, 
0xf570, 0xf572, 0xf8ca, 0xf8ca, 0x17a5, 0x179e, 0x2b06, 0x2b02, 
0x3fdc, 0x3fe0, 0x4460, 0x4463, 0x2a82, 0x2a82, 0x1bed, 0x1bec, 
0x09bd, 0x09b9, 0xe62d, 0xe62a, 0xca48, 0xca49, 0xc345, 0xc346, 
0xcd48, 0xcd47, 0xd36f, 0xd36e, 0xc87e, 0xc87c, 0xecc5, 0xecc0, 
0x1710, 0x170b, 0x1b1c, 0x1b19, 0x27ae, 0x27ad, 0x20fa, 0x20f8, 
0x10fa, 0x10fa, 0xffcf, 0xffd0, 0xefc7, 0xefca, 0xec2a, 0xec2d, 
0xe892, 0xe88f, 0xe0c6, 0xe0bf, 0xe324, 0xe320, 0xdf56, 0xdf55, 
0xe128, 0xe123, 0xf92c, 0xf922, 0x04f6, 0x04ee, 0x29a1, 0x299b, 
0x4024, 0x4020, 0x24c6, 0x24c4, 0x0fbc, 0x0fbc, 0x1217, 0x1218, 
0x164d, 0x164d, 0x0f0b, 0x0f0a, 0xfffb, 0xfffd, 0x03b1, 0x03b2, 
0x0602, 0x0601, 0xf85d, 0xf85d, 0x1380, 0x1383, 0x27bf, 0x27c3, 
0x2a4e, 0x2a50, 0x1e01, 0x1e01, 0xfa4a, 0xfa4b, 0xe3fb, 0xe3ff, 
0xdba0, 0xdba2, 0xcff7, 0xcff2, 0xccb4, 0xccb0, 0xd777, 0xd776, 
0xdd9d, 0xdd96, 0xe5b5, 0xe5ae, 0xd48d, 0xd48e, 0xe9b4, 0xe9b9, 
0x099b, 0x09a1, 0x0dcf, 0x0dd3, 0x2211, 0x2210, 0x2751, 0x274e, 
0x2163, 0x2161, 0x148b, 0x148d, 0x0d0a, 0x0d0a, 0x0747, 0x0740, 
0xf4d6, 0xf4cf, 0xd179, 0xd175, 0xd864, 0xd863, 0xe703, 0xe706, 
0xf2cc, 0xf2d3, 0x0e6c, 0x0e74, 0x10c7, 0x10cd, 0x2de6, 0x2de8, 
0x4039, 0x403b, 0x3380, 0x3385, 0x221f, 0x2224, 0x16d5, 0x16d8, 
0x12aa, 0x12aa, 0x0f4e, 0x0f4c, 0xfb51, 0xfb4e, 0xfae4, 0xfae2, 
0xf43e, 0xf43e, 0xc9ca, 0xc9ce, 0xd135, 0xd139, 0xdd5d, 0xdd61, 
0xecee, 0xecef, 0xff62, 0xff63, 0x01a3, 0x01a4, 0x0927, 0x092a, 
0x08b0, 0x08b1, 0xf962, 0xf95e, 0xf475, 0xf46d, 0xecdc, 0xecd4, 
0xe0c7, 0xe0c2, 0xf00a, 0xf00a, 0xde16, 0xde1a, 0xe4d3, 0xe4d7, 
0xfe67, 0xfe6a, 0x072f, 0x072e, 0x2412, 0x240b, 0x32c5, 0x32bc, 
0x23c2, 0x23be, 0x0670, 0x0672, 0xef9a, 0xef9e, 0xf4c2, 0xf4c3, 
0x02bb, 0x02bc, 0xe732, 0xe733, 0xeb6f, 0xeb71, 0xf39c, 0xf39e, 
0xef51, 0xef4f, 0x0732, 0x0730, 0x110d, 0x110e, 0x26ab, 0x26ad, 
0x3e1a, 0x3e1b, 0x3c2b, 0x3c2c, 0x3421, 0x3421, 0x29f1, 0x29f2, 
0x111d, 0x1123, 0x02ad, 0x02b4, 0xdd09, 0xdd0d, 0xc88e, 0xc88d, 
0xceab, 0xceac, 0xb2cf, 0xb2d6, 0xbb3a, 0xbb3e, 0xddf2, 0xddee, 
0xfbc8, 0xfbc4, 0x186a, 0x1866, 0x1d70, 0x1d6e, 0x162b, 0x162d, 
0x1356, 0x1358, 0xfed5, 0xfed6, 0xfd68, 0xfd6b, 0xfc98, 0xfc9b, 
0xe661, 0xe661, 0xf397, 0xf395, 0xf1ee, 0xf1f1, 0xed63, 0xed66, 
0xf6d7, 0xf6d7, 0xecb4, 0xecaf, 0xf947, 0xf93e, 0x1be2, 0x1bde, 
0x2918, 0x291a, 0x2ad7, 0x2ad7, 0x1796, 0x1795, 0x0aaf, 0x0ab0, 
0x1628, 0x162a, 0x01fc, 0x0200, 0x01f7, 0x01f9, 0x0da4, 0x0da7, 
0xff7d, 0xff81, 0x0882, 0x0881, 0x1454, 0x144f, 0x1f1e, 0x1f18, 
0x3283, 0x3280, 0x220e, 0x220f, 0x08f0, 0x08ef, 0xf7b9, 0xf7b2, 
0xd9a6, 0xd99d, 0xd4e3, 0xd4de, 0xc99a, 0xc99b, 0xc44f, 0xc453, 
0xdef4, 0xdef7, 0xd8e4, 0xd8e4, 0xd602, 0xd604, 0xe95a, 0xe95f, 
0xf153, 0xf157, 0x0dcd, 0x0dd2, 0x2633, 0x2635, 0x24c9, 0x24ca, 
0x25ed, 0x25ee, 0x10c9, 0x10c9, 0x098c, 0x098d, 0x0e7b, 0x0e7e, 
0xf2ec, 0xf2ea, 0xed09, 0xed06, 0xe92c, 0xe92d, 0xdfa0, 0xdfa2, 
0xf204, 0xf205, 0xf2ff, 0xf300, 0xfa1b, 0xfa1b, 0x211a, 0x211b, 
0x303f, 0x303e, 0x37e6, 0x37e4, 0x318f, 0x3190, 0x178c, 0x1790, 
0x12bb, 0x12be, 0xfe5b, 0xfe5d, 0xfe10, 0xfe0f, 0x14f0, 0x14eb, 
0x0037, 0x0033, 0xe9c0, 0xe9bc, 0xdc47, 0xdc48, 0xcc58, 0xcc5b, 
0xe457, 0xe457, 0xf961, 0xf95d, 0xf9ab, 0xf9a8, 0x0412, 0x0412, 
0xf5fc, 0xf5ff, 0xf6a0, 0xf6a2, 0xfb60, 0xfb60, 0xf2e3, 0xf2e3, 
0x00ef, 0x00ec, 0xf54c, 0xf54a, 0xe03d, 0xe03f, 0xeb46, 0xeb4a, 
0xec9d, 0xec9c, 0xfc21, 0xfc1c, 0x29eb, 0x29e6, 0x318a, 0x3188, 
0x2a96, 0x2a97, 0x0f2a, 0x0f2e, 0xf762, 0xf767, 0x004a, 0x0050, 
0xf359, 0xf35b, 0xf2d2, 0xf2cd, 0xf7fb, 0xf7f5, 0xe6d9, 0xe6d7, 
0xed8e, 0xed8d, 0xf929, 0xf925, 0xfab6, 0xfab2, 0x1e32, 0x1e30, 
0x2ed7, 0x2ed9, 0x30c1, 0x30c4, 0x3939, 0x393a, 0x2e57, 0x2e57, 
0x2a92, 0x2a92, 0x0810, 0x0811, 0xe4ee, 0xe4f0, 0xe761, 0xe761, 
0xd4d2, 0xd4d0, 0xc21f, 0xc220, 0xc84b, 0xc84a, 0xc4d3, 0xc4d0, 
0xdbfb, 0xdbfd, 0xff40, 0xff42, 0x118b, 0x118a, 0x2832, 0x2831, 
0x1c3c, 0x1c3f, 0x1034, 0x1038, 0x0660, 0x0662, 0xee20, 0xee21, 
0xf77d, 0xf77f, 0xfb1d, 0xfb1f, 0xede6, 0xedec, 0xf8bc, 0xf8c5, 
0xefb6, 0xefbe, 0xe435, 0xe436, 0xfeaf, 0xfeaf, 0x1478, 0x147b, 
0x2ac7, 0x2ac8, 0x21ad, 0x21aa, 0x0d3d, 0x0d35, 0x13f2, 0x13e7, 
0x0212, 0x020a, 0xfcd7, 0xfcd3, 0x0b5e, 0x0b5c, 0xf912, 0xf90f, 
0xef2d, 0xef29, 0xf00d, 0xf00d, 0xed61, 0xed62, 0x118b, 0x1185, 
0x274c, 0x2742, 0x2c51, 0x2c4e, 0x2c16, 0x2c18, 0x0f4b, 0x0f4b, 
0x050d, 0x050c, 0xebff, 0xebfe, 0xcc7f, 0xcc7f, 0xdddd, 0xdddd, 
0xe088, 0xe08a, 0xd2d3, 0xd2d6, 0xe2d8, 0xe2d9, 0xe0b3, 0xe0b2, 
0xe955, 0xe953, 0xfeec, 0xfeef, 0x090a, 0x090f, 0x2307, 0x2308, 
0x1880, 0x187d, 0x0e17, 0x0e14, 0x1c54, 0x1c54, 0x0ae1, 0x0ae4, 
0xfff2, 0xfff2, 0xfb78, 0xfb75, 0xdd78, 0xdd75, 0xe416, 0xe418, 
0xee3b, 0xee3f, 0xe724, 0xe725, 0x0162, 0x015f, 0x0ebf, 0x0ebb, 
0x21dc, 0x21da, 0x2b7d, 0x2b7c, 0x1d6b, 0x1d6c, 0x2712, 0x2714, 
0x16a2, 0x16a1, 0xf71e, 0xf718, 0x07fc, 0x07f5, 0x0b48, 0x0b46, 
0xfd61, 0xfd63, 0x017b, 0x0180, 0xed48, 0xed4e, 0xee52, 0xee55, 
0xf197, 0xf197, 0xefda, 0xefd8, 0x081b, 0x0817, 0x0646, 0x0640, 
0x03a5, 0x03a2, 0x0513, 0x0517, 0xec2d, 0xec33, 0xe951, 0xe958, 
0xf2c9, 0xf2c8, 0xe0ea, 0xe0e5, 0xed3c, 0xed37, 0xef18, 0xef17, 
0xe07d, 0xe07d, 0xef80, 0xef83, 0x06a2, 0x06aa, 0x30b0, 0x30b8, 
0x35cf, 0x35d0, 0x1a73, 0x1a6e, 0x14ef, 0x14ef, 0x078e, 0x0792, 
0xf2a1, 0xf2a5, 0xf959, 0xf958, 0xf0a1, 0xf09e, 0xe44a, 0xe44b, 
0xe483, 0xe487, 0xdc3b, 0xdc3e, 0xf50d, 0xf510, 0x0a6d, 0x0a6e, 
0x1d26, 0x1d26, 0x2db8, 0x2db9, 0x3039, 0x303b, 0x3e60, 0x3e60, 
0x395e, 0x395d, 0x175d, 0x175c, 0x052c, 0x052d, 0xf86d, 0xf86c, 
0xd8fe, 0xd8f9, 0xce59, 0xce55, 0xc804, 0xc805, 0xce28, 0xce2c, 
0xd5cd, 0xd5ce, 0xe5a8, 0xe5a6, 0x0c07, 0x0c03, 0x1894, 0x1892, 
0x1be6, 0x1be7, 0x1f2a, 0x1f29, 0x169c, 0x1699, 0x0079, 0x007a, 
0xf16a, 0xf16d, 0xdf8f, 0xdf93, 0xe65c, 0xe661, 0xf3ad, 0xf3b1, 
0xeafa, 0xeafd, 0xe092, 0xe094, 0xdfb5, 0xdfb4, 0x0287, 0x0287, 
0x17c0, 0x17c3, 0x20b8, 0x20ba, 0x2802, 0x27ff, 0x1fe4, 0x1fe2, 
0x04ae, 0x04b1, 0xfd95, 0xfd9b, 0x07b0, 0x07b4, 0x0434, 0x0434, 
0xf9d5, 0xf9d6, 0xe95c, 0xe95e, 0xf383, 0xf38b, 0x0057, 0x0063, 
0x1d23, 0x1d2c, 0x353c, 0x353e, 0x3752, 0x3750, 0x2f55, 0x2f57, 
0x161b, 0x161e, 0xf5ec, 0xf5ea, 0xe483, 0xe481, 0xe66a, 0xe669, 
0xd6ca, 0xd6c7, 0xce93, 0xce90, 0xcae7, 0xcae7, 0xd496, 0xd499, 
0xd61d, 0xd61f, 0xe262, 0xe267, 0x0df8, 0x0dfe, 0x1f61, 0x1f63, 
0x1cab, 0x1caf, 0x1a3e, 0x1a45, 0x1e18, 0x1e1a, 0x1a1d, 0x1a1e, 
0x13bd, 0x13be, 0xf92b, 0xf929, 0xe7a5, 0xe7a0, 0xdceb, 0xdce8, 
0xd7f8, 0xd7f7, 0xe0f1, 0xe0ee, 0xe1d7, 0xe1d1, 0xfce5, 0xfce0, 
0x1194, 0x1192, 0x1b33, 0x1b31, 0x3166, 0x3161, 0x3cd9, 0x3cd2, 
0x241d, 0x2417, 0x1545, 0x1544, 0x110f, 0x110f, 0x0e46, 0x0e45, 
0x0c0a, 0x0c08, 0xfa2b, 0xfa27, 0xfd03, 0xfd02, 0xec20, 0xec22, 
0xdbe0, 0xdbe0, 0xeb8c, 0xeb8d, 0xf85f, 0xf860, 0x01b6, 0x01b5, 
0x0c5b, 0x0c5b, 0xff15, 0xff13, 0xfcce, 0xfccc, 0x062d, 0x062c, 
0xf6cc, 0xf6ca, 0xf6f1, 0xf6ee, 0xef32, 0xef2d, 0xea29, 0xea27, 
0xde19, 0xde19, 0xc7ec, 0xc7e8, 0xe764, 0xe75f, 0x15b0, 0x15ae, 
0x1c80, 0x1c83, 0x225c, 0x2264, 0x1a83, 0x1a87, 0x00ac, 0x00a9, 
0x0166, 0x0166, 0xf8f5, 0xf8f9, 0xff8f, 0xff90, 0x02b6, 0x02b4, 
0xef65, 0xef65, 0xf105, 0xf107, 0xedfe, 0xedfc, 0xf20d, 0xf208, 
0x0f2c, 0x0f29, 0x1639, 0x1637, 0x2443, 0x243f, 0x4190, 0x418d, 
0x3048, 0x3048, 0x29a0, 0x299e, 0x25ea, 0x25e4, 0x0f7f, 0x0f79, 
0xfad9, 0xfad1, 0xd803, 0xd7fc, 0xcc7b, 0xcc75, 0xcd93, 0xcd91, 
0xbd10, 0xbd13, 0xd2b3, 0xd2b5, 0xfa9b, 0xfa99, 0x03a9, 0x03aa, 
0x1a5a, 0x1a5c, 0x1963, 0x1960, 0x0fea, 0x0fe9, 0x12a9, 0x12ab, 
0xf9ec, 0xf9e8, 0xeeac, 0xeea5, 0xf5bf, 0xf5bb, 0xf895, 0xf895, 
0xf646, 0xf64b, 0xdbad, 0xdbb5, 0xcc66, 0xcc6a, 0xeec2, 0xeec3, 
0xfd12, 0xfd14, 0x1373, 0x1378, 0x30ee, 0x30f6, 0x2152, 0x215a, 
0x1114, 0x1118, 0x04e4, 0x04e7, 0x0643, 0x0648, 0x11f8, 0x11fa, 
0x09ca, 0x09ca, 0x00d3, 0x00d2, 0xfcdc, 0xfcd9, 0xedbb, 0xedb8, 
0x0091, 0x008f, 0x1bf6, 0x1bf1, 0x295d, 0x2956, 0x3bfd, 0x3bf3, 
0x22ac, 0x22a2, 0xfeeb, 0xfee3, 0xef39, 0xef37, 0xe1f1, 0xe1f5, 
0xd904, 0xd909, 0xd55b, 0xd561, 0xd88f, 0xd894, 0xdd81, 0xdd82, 
0xcf51, 0xcf52, 0xd61b, 0xd61e, 0x02cc, 0x02cb, 0x1173, 0x1172, 
0x1806, 0x1806, 0x1b5c, 0x1b5d, 0x17d2, 0x17ce, 0x1dc9, 0x1dc3, 
0x15a9, 0x15a6, 0x072e, 0x072c, 0xfb4a, 0xfb46, 0xef48, 0xef46, 
0xeb58, 0xeb5a, 0xe195, 0xe193, 0xd568, 0xd563, 0xe99e, 0xe99e, 
0xf7c2, 0xf7c2, 0x0de4, 0x0de2, 0x310e, 0x3110, 0x3511, 0x3515, 
0x2b05, 0x2b06, 0x19af, 0x19ac, 0x137f, 0x137e, 0x0e0d, 0x0e0f, 
0x046f, 0x0473, 0x0c8b, 0x0c8f, 0x0dbd, 0x0dbd, 0xef97, 0xef95, 
0xdc4a, 0xdc43, 0xdbff, 0xdbf4, 0xe50c, 0xe504, 0xf9b2, 0xf9b2, 
0x0000, 0x0007, 0x0587, 0x058d, 0x03a7, 0x03a9, 0xff1a, 0xff1a, 
0xf997, 0xf995, 0xf52b, 0xf52a, 0xfe1a, 0xfe18, 0xfe8e, 0xfe8c, 
0xe175, 0xe171, 0xc9c8, 0xc9c5, 0xdf9a, 0xdf9d, 0xfb96, 0xfb96, 
0x1859, 0x1852, 0x29ce, 0x29ca, 0x2632, 0x2632, 0x1962, 0x1964, 
0x09b2, 0x09b3, 0x0649, 0x064b, 0x0260, 0x0261, 0xf1b5, 0xf1b2, 
0xecad, 0xeca9, 0xed91, 0xed92, 0xdc15, 0xdc18, 0xe603, 0xe603, 
0xf30d, 0xf307, 0x0940, 0x093d, 0x2e3b, 0x2e3e, 0x37c4, 0x37c5, 
0x4048, 0x4043, 0x3d33, 0x3d2d, 0x3481, 0x347e, 0x2527, 0x2529, 
0xfc57, 0xfc5d, 0xe1f0, 0xe1f0, 0xdeac, 0xdea5, 0xbf4a, 0xbf46, 
0xaf25, 0xaf28, 0xba79, 0xba7a, 0xcdba, 0xcdba, 0xf5ee, 0xf5ec, 
0x0e3f, 0x0e3d, 0x292f, 0x292d, 0x32fa, 0x32f7, 0x2177, 0x2178, 
0x0bce, 0x0bd2, 0xf4ee, 0xf4ee, 0xe96a, 0xe968, 0xf827, 0xf828, 
0xf9e6, 0xf9e6, 0xddad, 0xddab, 0xd52c, 0xd52c, 0xd1f0, 0xd1f0, 
0xe8b9, 0xe8b8, 0x0fdf, 0x0fdb, 0x26bc, 0x26b7, 0x2bfd, 0x2bfb, 
0x1f5e, 0x1f5d, 0x1438, 0x1434, 0x1862, 0x185c, 0x0d1e, 0x0d1b, 
0x002a, 0x002b, 0x0b52, 0x0b57, 0xef63, 0xef68, 0xe4ad, 0xe4ae, 
0xef60, 0xef60, 0x03f6, 0x03f5, 0x3464, 0x3460, 0x404a, 0x4045, 
0x3811, 0x380f, 0x238d, 0x238e, 0x0150, 0x0153, 0xf387, 0xf389, 
0xe33b, 0xe33e, 0xc8a3, 0xc8a6, 0xd78f, 0xd78e, 0xcfc9, 0xcfc6, 
0xc10d, 0xc10f, 0xd195, 0xd19b, 0xdec2, 0xdec6, 0x0007, 0x000b, 
0x108c, 0x108f, 0x1baa, 0x1baa, 0x2a6d, 0x2a6e, 0x2b08, 0x2b0a, 
0x23f5, 0x23f6, 0x1b23, 0x1b24, 0xfa96, 0xfa98, 0xe4a5, 0xe4a3, 
0xe4f2, 0xe4eb, 0xd422, 0xd41c, 0xd31c, 0xd318, 0xd534, 0xd533, 
0xe131, 0xe132, 0x0238, 0x023e, 0x25be, 0x25c5, 0x37e7, 0x37eb, 
0x3e3f, 0x3e3e, 0x3062, 0x305c, 0x2407, 0x2400, 0x18e5, 0x18e1, 
0xfdfa, 0xfdf7, 0x0ff0, 0x0feb, 0x1356, 0x1353, 0xff1b, 0xff1c, 
0xef76, 0xef78, 0xdb38, 0xdb3c, 0xe1a7, 0xe1ac, 0xf64f, 0xf64e, 
0x01d3, 0x01ce, 0x0df5, 0x0df0, 0x083a, 0x0836, 0xf506, 0xf500, 
0xf794, 0xf788, 0xed61, 0xed55, 0xf8fc, 0xf8f5, 0xfdf1, 0xfdec, 
0xe1fa, 0xe1f4, 0xd5fa, 0xd5f7, 0xd5d4, 0xd5d5, 0xebb8, 0xebbc, 
0x0a5d, 0x0a60, 0x21a1, 0x21a0, 0x2517, 0x2513, 0x1ae8, 0x1ae6, 
0x06a3, 0x06a1, 0x03e7, 0x03e4, 0xfff4, 0xfff5, 0xefe1, 0xefe3, 
0xee99, 0xee9a, 0xe7c9, 0xe7cc, 0xe46a, 0xe46b, 0xe752, 0xe750, 
0xf357, 0xf35a, 0x0585, 0x058d, 0x216b, 0x2172, 0x2b81, 0x2b88, 
0x326c, 0x3274, 0x3b7c, 0x3b85, 0x3b6f, 0x3b77, 0x3a99, 0x3aa2, 
0x184a, 0x1852, 0xfec4, 0xfec8, 0xeae8, 0xeaeb, 0xd173, 0xd177, 
0xc69e, 0xc69e, 0xc806, 0xc803, 0xce8f, 0xce8c, 0xe20f, 0xe209, 
0xf8f0, 0xf8ea, 0x0fe2, 0x0fe1, 0x235f, 0x2361, 0x1794, 0x1793, 
0x0d5e, 0x0d5b, 0xf694, 0xf695, 0xecf4, 0xecfd, 0xf3f7, 0xf401, 
0xf127, 0xf127, 0xee08, 0xedff, 0xe290, 0xe288, 0xd9e6, 0xd9e1, 
0xdfd8, 0xdfd2, 0xfc91, 0xfc93, 0x13ca, 0x13d0, 0x1f7d, 0x1f83, 
0x1711, 0x1716, 0x14d7, 0x14da, 0x12c6, 0x12c9, 0x0a4a, 0x0a50, 
0x0d81, 0x0d8a, 0x0791, 0x0797, 0xfca4, 0xfca6, 0xeece, 0xeecb, 
0xf1d5, 0xf1d0, 0x044a, 0x0446, 0x28c9, 0x28c4, 0x3ec5, 0x3ebd, 
0x40e3, 0x40df, 0x3117, 0x3118, 0x168b, 0x168a, 0x03b8, 0x03b5, 
0xe734, 0xe733, 0xdd3a, 0xdd3f, 0xd649, 0xd652, 0xc86f, 0xc874, 
0xc125, 0xc124, 0xca18, 0xca15, 0xd64f, 0xd652, 0xe9ae, 0xe9b5, 
0xfb21, 0xfb26, 0x099a, 0x099c, 0x1b95, 0x1b95, 0x20c6, 0x20c4, 
0x2f43, 0x2f3d, 0x248c, 0x2485, 0x0be6, 0x0be3, 0xfa2a, 0xfa2a, 
0xe832, 0xe832, 0xdf02, 0xdefc, 0xdee2, 0xdede, 0xd742, 0xd743, 
0xd593, 0xd591, 0xea6d, 0xea66, 0x063f, 0x0639, 0x2af8, 0x2af7, 
0x3605, 0x3605, 0x3b5e, 0x3b59, 0x3115, 0x310d, 0x1141, 0x113b, 
0x0b63, 0x0b61, 0x1407, 0x1406, 0x148a, 0x148b, 0x0d5a, 0x0d5c, 
0xfc16, 0xfc15, 0xe4a9, 0xe4a8, 0xe270, 0xe274, 0xe6ff, 0xe700, 
0xff0c, 0xff06, 0x0b8a, 0x0b86, 0x089b, 0x0899, 0x0966, 0x0965, 
0xf27a, 0xf27b, 0xea0a, 0xea0b, 0xf643, 0xf643, 0xf2f1, 0xf2f0, 
0xe2e0, 0xe2dd, 0xdb83, 0xdb82, 0xd1d9, 0xd1d6, 0xdd8d, 0xdd88, 
0xf480, 0xf47b, 0x146b, 0x1467, 0x2c00, 0x2bfd, 0x1e2e, 0x1e2d, 
0x1f9b, 0x1f9d, 0x1ab2, 0x1ab3, 0x0241, 0x023c, 0xf7e5, 0xf7df, 
0xf3eb, 0xf3e7, 0xe7d7, 0xe7d6, 0xea26, 0xea2a, 0xe68e, 0xe697, 
0xe3a4, 0xe3aa, 0xeea7, 0xeea7, 0xfdc3, 0xfdc2, 0x22ce, 0x22ce, 
0x331e, 0x331d, 0x420b, 0x4211, 0x54e3, 0x54ea, 0x3d5c, 0x3d61, 
0x1c7f, 0x1c82, 0x128b, 0x1289, 0xf9db, 0xf9da, 0xdec7, 0xdecd, 
0xd019, 0xd020, 0xbee0, 0xbedf, 0xbe0f, 0xbe09, 0xbecd, 0xbeca, 
0xe0a7, 0xe0a8, 0x0db0, 0x0db3, 0x1c58, 0x1c5b, 0x2c71, 0x2c75, 
0x2728, 0x272b, 0x044e, 0x0451, 0xfc04, 0xfc07, 0xfeef, 0xfef2, 
0xf2e2, 0xf2e1, 0xf0fa, 0xf0fb, 0xde17, 0xde1c, 0xcdc3, 0xcdc5, 
0xcb92, 0xcb92, 0xde1a, 0xde1c, 0x0c93, 0x0c96, 0x18f0, 0x18f1, 
0x1af0, 0x1af3, 0x2f69, 0x2f6c, 0x2424, 0x2425, 0x10d7, 0x10da, 
0x18ee, 0x18f2, 0x0de1, 0x0de1, 0xfe41, 0xfe3b, 0xef5b, 0xef57, 
0xe31e, 0xe320, 0xef26, 0xef28, 0xf9f2, 0xf9ef, 0x1d16, 0x1d11, 
0x3cae, 0x3cab, 0x35fa, 0x35fa, 0x35b0, 0x35b5, 0x2861, 0x2869, 
0xfd13, 0xfd1b, 0xef3a, 0xef40, 0xe562, 0xe568, 0xcb63, 0xcb68, 
0xc587, 0xc589, 0xc42d, 0xc42f, 0xd0bb, 0xd0b9, 0xd427, 0xd421, 
0xdd11, 0xdd0b, 0x053d, 0x053a, 0x1485, 0x1484, 0x1cef, 0x1cf0, 
0x3802, 0x3801, 0x2e0c, 0x2e08, 0x11d2, 0x11cf, 0x08c6, 0x08c3, 
0xf517, 0xf512, 0xeab9, 0xeaba, 0xdc8d, 0xdc94, 0xcd9d, 0xcda7, 
0xcbfd, 0xcc05, 0xcdc8, 0xcdc9, 0xf755, 0xf752, 0x23f9, 0x23f6, 
0x319f, 0x31a0, 0x4424, 0x4423, 0x4437, 0x4435, 0x1df3, 0x1df3, 
0x125c, 0x1261, 0x1571, 0x1576, 0x11eb, 0x11ef, 0x0a72, 0x0a79, 
0xf8e4, 0xf8e8, 0xef75, 0xef72, 0xd861, 0xd85a, 0xd478, 0xd477, 
0xf565, 0xf569, 0x0744, 0x0740, 0x08bc, 0x08b5, 0x10f6, 0x10f2, 
0x03e0, 0x03df, 0xf9bb, 0xf9be, 0x03c7, 0x03cd, 0xff91, 0xff94, 
0xf360, 0xf362, 0xdbfc, 0xdc01, 0xd104, 0xd109, 0xcc5e, 0xcc62, 
0xd0a1, 0xd0a8, 0xfaeb, 0xfaf3, 0x1e1b, 0x1e21, 0x20c4, 0x20ca, 
0x2b1c, 0x2b1c, 0x2cc6, 0x2cc3, 0x1311, 0x130c, 0x052f, 0x052d, 
0xfcb0, 0xfcb3, 0xf835, 0xf83b, 0xeb22, 0xeb25, 0xe266, 0xe265, 
0xe86a, 0xe86c, 0xe03e, 0xe042, 0xeb3d, 0xeb3e, 0x0809, 0x080a, 
0x1442, 0x1447, 0x2833, 0x2834, 0x43aa, 0x43a8, 0x414e, 0x414d, 
0x382b, 0x382a, 0x2c01, 0x2bff, 0x17d6, 0x17d4, 0xfa15, 0xfa12, 
0xd8e9, 0xd8e9, 0xd3f8, 0xd3fd, 0xc26b, 0xc270, 0xb344, 0xb349, 
0xd06b, 0xd06d, 0xed9a, 0xed99, 0x0232, 0x0231, 0x20b0, 0x20ae, 
0x277a, 0x2776, 0x19b6, 0x19b2, 0x079b, 0x079b, 0xf980, 0xf985, 
0xfd7d, 0xfd83, 0xf3f1, 0xf3f4, 0xf1c4, 0xf1c2, 0xeada, 0xead8, 
0xcce6, 0xcce7, 0xd7a3, 0xd7a7, 0xf4e5, 0xf4ed, 0xfd17, 0xfd1f, 
0x1401, 0x1402, 0x26b1, 0x26b1, 0x2107, 0x210a, 0x1ab8, 0x1aba, 
0x118c, 0x118c, 0x17c8, 0x17c7, 0x0d10, 0x0d0f, 0xf3fd, 0xf400, 
0xf682, 0xf686, 0xe729, 0xe729, 0xe2fb, 0xe2fa, 0x0ad0, 0x0ad4, 
0x2262, 0x2267, 0x31e6, 0x31e9, 0x40e1, 0x40e3, 0x2c6d, 0x2c74, 
0x169b, 0x16a2, 0xfff5, 0xfff7, 0xee39, 0xee3a, 0xe5fd, 0xe602, 
0xca31, 0xca37, 0xcb7e, 0xcb81, 0xd2b4, 0xd2b9, 0xc0fa, 0xc0fe, 
0xd79c, 0xd79d, 0xf54e, 0xf54f, 0xf7a8, 0xf7ac, 0x120a, 0x1210, 
0x279e, 0x27a1, 0x2cb8, 0x2cb8, 0x25bf, 0x25bf, 0x0789, 0x078b, 
0xff84, 0xff87, 0xf3cb, 0xf3d0, 0xe712, 0xe716, 0xf0bc, 0xf0bb, 
0xd9d8, 0xd9d7, 0xcc70, 0xcc70, 0xece2, 0xece1, 0xfbfb, 0xfbfa, 
0x16cd, 0x16cb, 0x3c2e, 0x3c2a, 0x3a5c, 0x3a5e, 0x2dd4, 0x2dd9, 
0x1240, 0x123f, 0x0542, 0x053e, 0x0a37, 0x0a36, 0x00a1, 0x00a3, 
0x1234, 0x1234, 0x15fc, 0x15fa, 0xec59, 0xec56, 0xe604, 0xe601, 
0xef63, 0xef5f, 0xf3bc, 0xf3b8, 0x1243, 0x123e, 0x1414, 0x1410, 
0x0493, 0x0490, 0xf362, 0xf363, 0xe1ae, 0xe1b5, 0xee80, 0xee82, 
0xed7c, 0xed7a, 0xe8f5, 0xe8f5, 0xf0e5, 0xf0e7, 0xd605, 0xd602, 
0xd403, 0xd3fd, 0xffea, 0xffe7, 0x0bdb, 0x0bd9, 0x193d, 0x1938, 
0x2669, 0x2664, 0x2090, 0x2090, 0x1ac7, 0x1acb, 0xff98, 0xff9c, 
0xf5bf, 0xf5bf, 0xf257, 0xf256, 0xe1ad, 0xe1ad, 0xf270, 0xf26f, 
0xf9fe, 0xf9fb, 0xe9a9, 0xe9a5, 0xfdf6, 0xfdf7, 0x08c3, 0x08c6, 
0x0b7e, 0x0b7e, 0x261c, 0x2619, 0x2fb6, 0x2fb5, 0x3665, 0x3664, 
0x2f5b, 0x2f59, 0x20b9, 0x20b7, 0x1629, 0x1629, 0xf2db, 0xf2d8, 
0xe3c4, 0xe3c2, 0xef86, 0xef83, 0xd781, 0xd780, 0xca59, 0xca5b, 
0xd73c, 0xd73b, 0xd62a, 0xd628, 0xf017, 0xf016, 0x0e32, 0x0e2e, 
0x1f82, 0x1f7d, 0x1c0e, 0x1c0d, 0xfd2a, 0xfd29, 0xf35f, 0xf35d, 
0xf00a, 0xf00b, 0xf08e, 0xf08b, 0x04a5, 0x049d, 0xf9f2, 0xf9ee, 
0xdcd5, 0xdcd6, 0xe685, 0xe683, 0xf041, 0xf03b, 0xf89a, 0xf897, 
0x0fc7, 0x0fc9, 0x1e50, 0x1e52, 0x22f3, 0x22f2, 0x1634, 0x162e, 
0x0ff0, 0x0fe3, 0x12b2, 0x12a5, 0x0308, 0x0306, 0x00ee, 0x00f4, 
0x0783, 0x0786, 0xebb9, 0xebb8, 0xe8e2, 0xe8e3, 0xfea1, 0xfea3, 
0x0d18, 0x0d19, 0x2703, 0x2706, 0x31c5, 0x31c6, 0x32c1, 0x32bd, 
0x1f32, 0x1f2e, 0x0647, 0x0641, 0xfe89, 0xfe83, 0xe7cc, 0xe7c9, 
0xd6a3, 0xd6a3, 0xde25, 0xde27, 0xd509, 0xd50b, 0xc77c, 0xc77b, 
0xd8ac, 0xd8a9, 0xe5b4, 0xe5b4, 0xf07d, 0xf07a, 0x0372, 0x0369, 
0x151a, 0x1512, 0x1f21, 0x1f1f, 0x1635, 0x1635, 0x0fd1, 0x0fd0, 
0x0742, 0x0740, 0xecca, 0xecc4, 0xf0c0, 0xf0bc, 0xfd3f, 0xfd3f, 
0xe8d3, 0xe8d2, 0xe9a7, 0xe9a4, 0xedbf, 0xedc1, 0xf5dc, 0xf5e0, 
0x1056, 0x1058, 0x2a21, 0x2a1d, 0x40ab, 0x40a3, 0x2e17, 0x2e15, 
0x145d, 0x1463, 0x0af2, 0x0af6, 0xfa0f, 0xfa0e, 0xfab8, 0xfaba, 
0x0e5d, 0x0e5e, 0x0577, 0x0576, 0xf3c7, 0xf3c9, 0xf6d9, 0xf6dc, 
0xf6a2, 0xf6a1, 0xfff1, 0xffea, 0x1014, 0x100e, 0x1aca, 0x1acc, 
0x126b, 0x1270, 0xf171, 0xf175, 0xe5ac, 0xe5b0, 0xe61f, 0xe625, 
0xdc25, 0xdc29, 0xf0aa, 0xf0ae, 0xf040, 0xf04a, 0xcfce, 0xcfd8, 
0xd106, 0xd108, 0xdce6, 0xdce3, 0xf661, 0xf660, 0x0902, 0x0903, 
0x15b8, 0x15b5, 0x2508, 0x2501, 0x16d8, 0x16d4, 0x0ead, 0x0ead, 
0x0ce6, 0x0ce7, 0xfb12, 0xfb11, 0xf81f, 0xf81e, 0x07c3, 0x07c1, 
0xff39, 0xff3b, 0xfa75, 0xfa77, 0x071a, 0x071c, 0x07d2, 0x07d3, 
0x0bac, 0x0bab, 0x1460, 0x145f, 0x26d4, 0x26d0, 0x30c5, 0x30bf, 
0x23cf, 0x23cb, 0x2464, 0x2462, 0x17cd, 0x17cf, 0xfbfe, 0xfc04, 
0x07e3, 0x07ea, 0x015b, 0x0163, 0xe2fe, 0xe304, 0xd133, 0xd135, 
0xc1f7, 0xc1f9, 0xc4b9, 0xc4bc, 0xcace, 0xcace, 0xe604, 0xe605, 
0x0523, 0x0527, 0x0667, 0x066d, 0x01b5, 0x01b9, 0xfa6f, 0xfa72, 
0xee62, 0xee61, 0x0027, 0x0024, 0x1df3, 0x1df3, 0x1031, 0x1032, 
0x00e2, 0x00e4, 0xfcbc, 0xfcbd, 0xf343, 0xf340, 0xf989, 0xf981, 
0x0f75, 0x0f6f, 0x266f, 0x266e, 0x272d, 0x272e, 0x0db3, 0x0db6, 
0x00ea, 0x00ee, 0xfa66, 0xfa66, 0xf75b, 0xf759, 0x0e8a, 0x0e8a, 
0x0b97, 0x0b99, 0xf37a, 0xf37b, 0xe1fa, 0xe1fd, 0xe923, 0xe923, 
0x004d, 0x004d, 0x06ac, 0x06ab, 0x1a39, 0x1a38, 0x2ba8, 0x2baa, 
0x196c, 0x196f, 0x13b2, 0x13b4, 0x0c58, 0x0c59, 0xe72f, 0xe730, 
0xeaaa, 0xeaad, 0xf7ec, 0xf7f0, 0xe1de, 0xe1e3, 0xdd1a, 0xdd1f, 
0xe2e0, 0xe2e7, 0xe986, 0xe98e, 0xf308, 0xf30e, 0x0159, 0x015c, 
0x1af8, 0x1afa, 0x24df, 0x24e5, 0x1b83, 0x1b8b, 0x0c65, 0x0c69, 
0xf6ef, 0xf6f0, 0xeb52, 0xeb54, 0xfa51, 0xfa52, 0x00b4, 0x00b4, 
0xf039, 0xf03b, 0xe2cd, 0xe2d0, 0xe555, 0xe559, 0xe0a5, 0xe0a5, 
0xea2a, 0xea24, 0x022b, 0x0227, 0x1430, 0x142f, 0x1644, 0x163f, 
0x1a09, 0x1a03, 0x172a, 0x1729, 0xf871, 0xf875, 0x035c, 0x035e, 
0x179e, 0x179b, 0x13bd, 0x13b9, 0x0b65, 0x0b66, 0x01bf, 0x01c3, 
0x0998, 0x0999, 0x0cb7, 0x0cb9, 0x0ff9, 0x0ffd, 0x25e1, 0x25e5, 
0x1815, 0x1817, 0x0497, 0x0499, 0xf36a, 0xf368, 0xd7a0, 0xd799, 
0xda37, 0xda33, 0xf16a, 0xf16e, 0xfab5, 0xfab8, 0xe683, 0xe687, 
0xe432, 0xe438, 0xeb8d, 0xeb95, 0xe415, 0xe41f, 0xf4e3, 0xf4e9, 
0x0698, 0x0699, 0x18b2, 0x18b0, 0x2304, 0x2306, 0x1939, 0x193c, 
0x17bc, 0x17bd, 0xf8d2, 0xf8d4, 0xee79, 0xee79, 0xfe7a, 0xfe75, 
0xf903, 0xf8fe, 0xe501, 0xe503, 0xe788, 0xe78c, 0x0803, 0x0800, 
0x0e0f, 0x0e07, 0x1eea, 0x1ee6, 0x4084, 0x4085, 0x2f04, 0x2f06, 
0x39e2, 0x39e1, 0x2ada, 0x2ad8, 0xe31b, 0xe31c, 0xe599, 0xe59b, 
0xf265, 0xf264, 0xe769, 0xe762, 0xd85c, 0xd853, 0xc84f, 0xc851, 
0xb57e, 0xb588, 0xb901, 0xb909, 0xe15d, 0xe163, 0x00a0, 0x00a7, 
0x24c6, 0x24cc, 0x3b98, 0x3b9c, 0x2dfe, 0x2e01, 0x3788, 0x3789, 
0x0e47, 0x0e48, 0xdd41, 0xdd44, 0xf9ad, 0xf9ae, 0x0231, 0x022e, 
0xebfe, 0xebfd, 0xe9c8, 0xe9cc, 0xf2c2, 0xf2c6, 0xd3f6, 0xd3f4, 
0xe583, 0xe581, 0x2822, 0x2823, 0x261b, 0x261d, 0x3b18, 0x3b18, 
0x3ac5, 0x3ac4, 0xfa18, 0xfa14, 0x1914, 0x1910, 0x197f, 0x197f, 
0xe6e2, 0xe6e6, 0xe158, 0xe15b, 0xdfe1, 0xdfe4, 0xde92, 0xde95, 
0xdccd, 0xdcce, 0xe9e8, 0xe9e3, 0xedf0, 0xedeb, 0xfaa1, 0xfaa1, 
0x24fb, 0x24fe, 0x2f76, 0x2f73, 0x38e7, 0x38e0, 0x2414, 0x240e, 
0x0345, 0x0343, 0x1fdf, 0x1fdd, 0x02c1, 0x02be, 0xc8f6, 0xc8f0, 
0xc8bd, 0xc8b7, 0xe7b4, 0xe7b4, 0xe4b5, 0xe4b6, 0xdfda, 0xdfdb, 
0x03bb, 0x03bb, 0xf701, 0xf6ff, 0xf8ed, 0xf8e8, 0x10ba, 0x10b3, 
0xf0ca, 0xf0c4, 0x113b, 0x1138, 0x233c, 0x233a, 0x0afb, 0x0af7, 
0x169b, 0x1698, 0xf707, 0xf70a, 0xd724, 0xd729, 0xce06, 0xce08, 
0xdd5c, 0xdd5c, 0xf5f8, 0xf5fa, 0xfa7a, 0xfa7a, 0x0d8d, 0x0d8a, 
0x0831, 0x0831, 0xfedb, 0xfee1, 0x018b, 0x018f, 0x063a, 0x0634, 
0x3b8f, 0x3b84, 0x3d6b, 0x3d63, 0x2c68, 0x2c63, 0x3fe1, 0x3fdd, 
0x35e2, 0x35dd, 0x0b86, 0x0b80, 0xef72, 0xef70, 0x0751, 0x0754, 
0x047f, 0x0484, 0xf43b, 0xf443, 0xeed7, 0xeede, 0xb6c6, 0xb6c9, 
0xbd3f, 0xbd40, 0xdabd, 0xdaba, 0xd8c4, 0xd8bd, 0xffc3, 0xffbc, 
0xf82c, 0xf82a, 0xfc25, 0xfc26, 0x1c24, 0x1c25, 0x1622, 0x1623, 
0x02c1, 0x02bd, 0xf9f3, 0xf9eb, 0x0e1b, 0x0e18, 0x0e93, 0x0e96, 
0x0167, 0x0169, 0xf6bd, 0xf6bb, 0xd044, 0xd044, 0xdda8, 0xddab, 
0xe29b, 0xe29d, 0xe027, 0xe029, 0x1517, 0x151b, 0x2531, 0x2539, 
0x23e3, 0x23ee, 0x388d, 0x3898, 0x4c55, 0x4c5b, 0x2e6c, 0x2e6c, 
0x1391, 0x138f, 0x1de9, 0x1de3, 0xfdd3, 0xfdcd, 0xf619, 0xf617, 
0xfe02, 0xfe02, 0xd083, 0xd083, 0xd712, 0xd715, 0xd27a, 0xd27b, 
0xd16b, 0xd166, 0xf49d, 0xf497, 0xeb95, 0xeb90, 0xeda3, 0xed9e, 
0x136e, 0x136e, 0x3215, 0x3219, 0x1bc1, 0x1bc4, 0xf5e6, 0xf5ea, 
0xf12a, 0xf12f, 0xe77f, 0xe782, 0xfb42, 0xfb42, 0x032d, 0x032d, 
0xdb25, 0xdb27, 0xe8c8, 0xe8c8, 0xe914, 0xe914, 0xec09, 0xec0d, 
0x17f4, 0x17f8, 0x3047, 0x3047, 0x30ae, 0x30a9, 0x33b2, 0x33ad, 
0x3259, 0x3255, 0x04dd, 0x04db, 0xe634, 0xe632, 0xf3b0, 0xf3af, 
0xe82c, 0xe82c, 0xf350, 0xf34c, 0xef4a, 0xef46, 0xc99a, 0xc99a, 
0xdb6e, 0xdb6b, 0xde14, 0xde10, 0xf24c, 0xf24c, 0x2381, 0x2380, 
0x2f3a, 0x2f38, 0x2f3a, 0x2f3b, 0x3981, 0x3980, 0x38f0, 0x38f0, 
0x19d5, 0x19d8, 0xfe8c, 0xfe8d, 0xebc5, 0xebc0, 0xca67, 0xca63, 
0xe851, 0xe851, 0xf385, 0xf384, 0xce6c, 0xce6b, 0xe1da, 0xe1db, 
0xe203, 0xe203, 0xed28, 0xed2a, 0x1922, 0x1929, 0x1ad2, 0x1ad5, 
0x0dfc, 0x0dfc, 0x1e0a, 0x1e0f, 0x2ea7, 0x2eae, 0x1789, 0x1790, 
0x03ca, 0x03d0, 0xfe1e, 0xfe21, 0xdc76, 0xdc76, 0xe62b, 0xe62c, 
0xdf0b, 0xdf0f, 0xc718, 0xc71b, 0xe5a0, 0xe5a2, 0xe847, 0xe849, 
0xf625, 0xf627, 0x19e2, 0x19e3, 0x10b8, 0x10b8, 0x09e0, 0x09e0, 
0x32a5, 0x32a5, 0x5057, 0x5055, 0x383e, 0x383d, 0x2924, 0x2927, 
0x16f1, 0x16f6, 0xee76, 0xee7b, 0x0b3c, 0x0b42, 0x0b86, 0x0b8b, 
0xf456, 0xf458, 0xf955, 0xf953, 0xcab0, 0xcaaa, 0xb401, 0xb3fb, 
0xd583, 0xd57d, 0xed60, 0xed58, 0xf53c, 0xf537, 0x060b, 0x060b, 
0x1e90, 0x1e8f, 0x0bcf, 0x0bce, 0xfc90, 0xfc8f, 0xf68b, 0xf68c, 
0xdde0, 0xdde0, 0x0429, 0x042a, 0x08a4, 0x08a5, 0xf3a3, 0xf3a0, 
0x0377, 0x0373, 0xe598, 0xe593, 0xd4c1, 0xd4b9, 0x0034, 0x002d, 
0x106f, 0x1067, 0x0668, 0x0661, 0x211c, 0x2116, 0x3d5b, 0x3d56, 
0x2539, 0x2535, 0x207e, 0x207c, 0x1376, 0x1373, 0xf759, 0xf751, 
0x18cb, 0x18c5, 0x0aef, 0x0aef, 0xeca0, 0xeca0, 0xf214, 0xf212, 
0xe30c, 0xe30a, 0xe010, 0xe00f, 0xf8e9, 0xf8e6, 0x0c87, 0x0c86, 
0x0476, 0x047b, 0x05f8, 0x05fb, 0x1a05, 0x1a01, 0xfb66, 0xfb62, 
0xfccb, 0xfcce, 0x00e2, 0x00e6, 0xe332, 0xe331, 0xfd98, 0xfd95, 
0xedf3, 0xedf0, 0xd28e, 0xd289, 0xedc8, 0xedc0, 0xe59c, 0xe596, 
0xd690, 0xd691, 0xf998, 0xf99d, 0x144d, 0x1455, 0x0d12, 0x0d1c, 
0x1fb0, 0x1fb6, 0x40da, 0x40d8, 0x2eae, 0x2ea6, 0x2c67, 0x2c5f, 
0x0fe2, 0x0fde, 0xe3a2, 0xe39f, 0xf33b, 0xf338, 0xecf2, 0xecf2, 
0xe46d, 0xe46c, 0xef18, 0xef16, 0xe1ee, 0xe1ec, 0xd316, 0xd319, 
0xe378, 0xe37d, 0x0537, 0x0539, 0x040e, 0x040f, 0x18a5, 0x18a8, 
0x49c9, 0x49cf, 0x3ba6, 0x3baa, 0x3b40, 0x3b45, 0x1af9, 0x1b04, 
0xea65, 0xea71, 0x0135, 0x013b, 0xf456, 0xf455, 0xd560, 0xd55b, 
0xdf8e, 0xdf8a, 0xda12, 0xda11, 0xcd58, 0xcd58, 0xde76, 0xde78, 
0xfe8f, 0xfe91, 0x048c, 0x048b, 0x1c43, 0x1c40, 0x371c, 0x371c, 
0x1fb4, 0x1fb3, 0x2005, 0x2002, 0x03dd, 0x03da, 0xe4dd, 0xe4e1, 
0xf80a, 0xf811, 0xf201, 0xf204, 0xe225, 0xe227, 0xdfb7, 0xdfb9, 
0xd741, 0xd743, 0xcc8c, 0xcc8e, 0xd77d, 0xd77d, 0x04cb, 0x04cd, 
0x0f11, 0x0f17, 0x24f1, 0x24f5, 0x3f3f, 0x3f3d, 0x25b9, 0x25b5, 
0x3237, 0x3233, 0x24b9, 0x24b2, 0x01ea, 0x01e6, 0x0f17, 0x0f17, 
0x0b70, 0x0b71, 0xfdd3, 0xfdd3, 0x0190, 0x0193, 0xfb26, 0xfb2b, 
0xef03, 0xef07, 0xf535, 0xf539, 0x0227, 0x022a, 0xe61f, 0xe61e, 
0xf24e, 0xf24c, 0x0a6d, 0x0a68, 0x0006, 0xffff, 0x1402, 0x13f9, 
0xfeaf, 0xfea9, 0xe13e, 0xe13d, 0xebb3, 0xebb4, 0xe3dc, 0xe3d7, 
0xdf04, 0xdefe, 0xe84f, 0xe84d, 0xeb7b, 0xeb76, 0xe3bd, 0xe3b8, 
0xec17, 0xec17, 0x07ef, 0x07f3, 0xf853, 0xf857, 0x0dca, 0x0dcf, 
0x27dc, 0x27e1, 0x1b9d, 0x1ba4, 0x2ffe, 0x3003, 0x2340, 0x2342, 
0x0bbb, 0x0bba, 0x161e, 0x161c, 0x0ab5, 0x0ab5, 0xfe9f, 0xfe9c, 
0x0627, 0x0622, 0x0129, 0x0126, 0xe15e, 0xe15b, 0xe2b4, 0xe2b3, 
0xff4d, 0xff4d, 0xf10d, 0xf10b, 0x0bd4, 0x0bd4, 0x1e02, 0x1e07, 
0x1775, 0x1779, 0x2e5d, 0x2e5d, 0x0ddf, 0x0dde, 0xe76b, 0xe767, 
0xeac6, 0xeabf, 0xe0b1, 0xe0ab, 0xdfcc, 0xdfc8, 0xe8b5, 0xe8b0, 
0xe7d1, 0xe7c9, 0xd184, 0xd17c, 0xd87c, 0xd879, 0xf855, 0xf855, 
0xf00e, 0xf00e, 0x0ab2, 0x0ab2, 0x1f7f, 0x1f7e, 0x2406, 0x2403, 
0x4194, 0x4193, 0x343d, 0x343f, 0x1bc0, 0x1bc4, 0x19bc, 0x19bc, 
0x047a, 0x0475, 0xe8e5, 0xe8dc, 0xe182, 0xe17a, 0xe7fb, 0xe7f5, 
0xcf8f, 0xcf8e, 0xda68, 0xda6a, 0xf459, 0xf45b, 0xe06b, 0xe06e, 
0xfc50, 0xfc55, 0x09e7, 0x09ea, 0x0e60, 0x0e61, 0x38b4, 0x38b2, 
0x3122, 0x3122, 0x1f47, 0x1f4b, 0x1e99, 0x1e9e, 0x092c, 0x0930, 
0xfe8e, 0xfe90, 0x013d, 0x013e, 0xfc78, 0xfc79, 0xd2ab, 0xd2ac, 
0xce8b, 0xce8b, 0xe4b1, 0xe4b0, 0xdff5, 0xdff5, 0xfca0, 0xfca3, 
0x0b8d, 0x0b90, 0x1687, 0x1686, 0x351c, 0x351a, 0x2878, 0x287a, 
0x0efa, 0x0f01, 0x010b, 0x0112, 0xf18f, 0xf193, 0xe360, 0xe365, 
0xeb3c, 0xeb3f, 0xfb36, 0xfb34, 0xd650, 0xd649, 0xd9d4, 0xd9cd, 
0xe633, 0xe631, 0xceec, 0xcef0, 0xec45, 0xec4c, 0xff10, 0xff13, 
0x14b0, 0x14af, 0x3fb7, 0x3fb6, 0x2f2d, 0x2f2c, 0x19c0, 0x19c0, 
0x1199, 0x119e, 0x00ab, 0x00ad, 0xfa84, 0xfa82, 0x0c3b, 0x0c3a, 
0x1dcc, 0x1dcc, 0xfdfb, 0xfdfa, 0xfcd0, 0xfcd1, 0x0772, 0x0774, 
0x0210, 0x0210, 0x169b, 0x169a, 0x0eda, 0x0eda, 0x05fe, 0x05fc, 
0x113a, 0x1138, 0x03cf, 0x03d0, 0xf974, 0xf977, 0xee3d, 0xee3d, 
0xdf54, 0xdf50, 0xcbaa, 0xcba3, 0xd877, 0xd86e, 0xedc9, 0xedc3, 
0xcee9, 0xcee7, 0xdc71, 0xdc72, 0xee68, 0xee66, 0xea77, 0xea72, 
0x0827, 0x0826, 0x0a62, 0x0a61, 0x18d6, 0x18d8, 0x3a72, 0x3a79, 
0x2d20, 0x2d25, 0x1e4f, 0x1e49, 0x0d61, 0x0d59, 0xfec8, 0xfec4, 
0xf37a, 0xf37b, 0x03ec, 0x03ef, 0x177b, 0x1780, 0xf741, 0xf748, 
0xf571, 0xf576, 0xf839, 0xf83d, 0xec45, 0xec48, 0xfecf, 0xfed0, 
0x01d7, 0x01d6, 0x0ce3, 0x0ce1, 0x25d3, 0x25d2, 0x28e8, 0x28e9, 
0x25be, 0x25be, 0x153b, 0x1538, 0xff8c, 0xff88, 0xd393, 0xd390, 
0xd774, 0xd772, 0xf0fd, 0xf0fe, 0xd567, 0xd569, 0xddcc, 0xddcc, 
0xe03f, 0xe03f, 0xd469, 0xd46a, 0xf236, 0xf233, 0xf9b2, 0xf9ad, 
0x0d99, 0x0d97, 0x2e66, 0x2e63, 0x33df, 0x33da, 0x32bb, 0x32b5, 
0x211f, 0x2120, 0x154d, 0x1551, 0xfcb4, 0xfcb5, 0x04b8, 0x04b7, 
0x110e, 0x110c, 0xe27c, 0xe27b, 0xd410, 0xd415, 0xd2eb, 0xd2f1, 
0xca9d, 0xca9d, 0xe4ab, 0xe4a7, 0xf0d4, 0xf0cf, 0x012e, 0x012d, 
0x1843, 0x1846, 0x243e, 0x2444, 0x22e4, 0x22e8, 0x19f2, 0x19f0, 
0x186d, 0x1869, 0xf62f, 0xf62d, 0xfe3d, 0xfe3a, 0x14a7, 0x14a4, 
0xf9fe, 0xf9ff, 0xfff9, 0xfffb, 0xf820, 0xf81f, 0xdd88, 0xdd88, 
0xe974, 0xe973, 0xee4e, 0xee52, 0x0313, 0x031a, 0x1906, 0x190c, 
0x26ab, 0x26a9, 0x294e, 0x294a, 0x1c1a, 0x1c19, 0x11e4, 0x11e6, 
0xe6c2, 0xe6c3, 0xe37e, 0xe37d, 0xf62e, 0xf62f, 0xda60, 0xda67, 
0xdca0, 0xdca9, 0xe413, 0xe415, 0xdf47, 0xdf46, 0xf41f, 0xf420, 
0xfb0e, 0xfb0f, 0x01ba, 0x01b9, 0x0c06, 0x0c01, 0x205c, 0x2058, 
0x22f7, 0x22f2, 0x1cdb, 0x1cda, 0x18e8, 0x18ea, 0xed8f, 0xed92, 
0xee11, 0xee16, 0x015e, 0x0167, 0xeb56, 0xeb5f, 0xf671, 0xf677, 
0xff78, 0xff78, 0xfb31, 0xfb31, 0x09c0, 0x09c0, 0x138b, 0x138a, 
0x27c0, 0x27c3, 0x331b, 0x331f, 0x39c6, 0x39c9, 0x207a, 0x2079, 
0x02e9, 0x02e6, 0xf6d5, 0xf6d3, 0xca5e, 0xca59, 0xc859, 0xc857, 
0xe219, 0xe21b, 0xd503, 0xd502, 0xddb7, 0xddb8, 0xe3b3, 0xe3b4, 
0xdf0d, 0xdf0d, 0xea13, 0xea11, 0xf484, 0xf482, 0x01ab, 0x01ac, 
0x0f5a, 0x0f5f, 0x2d30, 0x2d36, 0x2df9, 0x2dfc, 0x2a25, 0x2a28, 
0x2572, 0x2578, 0xf0a5, 0xf0aa, 0xe5cd, 0xe5cd, 0xfeec, 0xfeea, 
0xf96c, 0xf96c, 0x0079, 0x007c, 0x00af, 0x00af, 0xfb57, 0xfb55, 
0xfb46, 0xfb44, 0xf9f6, 0xf9f4, 0xfa3e, 0xfa3b, 0x02c8, 0x02c7, 
0x21ba, 0x21bd, 0x1c87, 0x1c8d, 0x199d, 0x199e, 0x267b, 0x2679, 
0x0808, 0x0808, 0x00e2, 0x00e5, 0x0ada, 0x0adf, 0xf03d, 0xf043, 
0xe055, 0xe05b, 0xd890, 0xd890, 0xd7f3, 0xd7ef, 0xd723, 0xd720, 
0xdca6, 0xdca7, 0xe1bf, 0xe1be, 0xed18, 0xed14, 0x15e0, 0x15de, 
0x1914, 0x1912, 0x1f46, 0x1f44, 0x340e, 0x340e, 0x1090, 0x108e, 
0x007d, 0x0076, 0x10f1, 0x10e8, 0x0e6d, 0x0e68, 0x0ae5, 0x0ae4, 
0xfb0d, 0xfb0d, 0xe7c9, 0xe7c7, 0xd624, 0xd623, 0xda59, 0xda5e, 
0xdeed, 0xdef2, 0xec47, 0xec46, 0x1a47, 0x1a45, 0x2225, 0x2221, 
0x23ae, 0x23a9, 0x30bf, 0x30be, 0x0ed0, 0x0ed1, 0xff73, 0xff70, 
0x0854, 0x084f, 0xffb0, 0xffad, 0xf37b, 0xf376, 0xee3f, 0xee39, 
0xf488, 0xf484, 0xedb5, 0xedb0, 0xf7ae, 0xf7ad, 0xf223, 0xf22a, 
0xf1d0, 0xf1d8, 0x1b8f, 0x1b92, 0x1e26, 0x1e26, 0x1d7d, 0x1d7f, 
0x2f68, 0x2f6d, 0x0f33, 0x0f33, 0xfb14, 0xfb12, 0xfc09, 0xfc08, 
0xed77, 0xed73, 0xdf21, 0xdf1f, 0xd55c, 0xd560, 0xd135, 0xd139, 
0xc96b, 0xc96e, 0xdf9e, 0xdfa0, 0xec8b, 0xec87, 0xfe6e, 0xfe6a, 
0x27ed, 0x27eb, 0x21b8, 0x21b8, 0x1fe9, 0x1fec, 0x30aa, 0x30ad, 
0x17cf, 0x17d3, 0x0167, 0x016c, 0xfbae, 0xfbaf, 0xf92c, 0xf92c, 
0xec98, 0xec9a, 0xe3a4, 0xe3a5, 0xe319, 0xe31b, 0xe024, 0xe026, 
0xfb6e, 0xfb6d, 0xfc6d, 0xfc6c, 0xfc98, 0xfc99, 0x30c6, 0x30c8, 
0x3f39, 0x3f3b, 0x4784, 0x4787, 0x5405, 0x5405, 0x267e, 0x267b, 
0xfd96, 0xfd92, 0xe8f6, 0xe8f1, 0xdbe1, 0xdbd8, 0xcfd9, 0xcfcf, 
0xd0f2, 0xd0ec, 0xcbaf, 0xcbab, 0xc967, 0xc962, 0xe352, 0xe34b, 
0xdd68, 0xdd5f, 0xe187, 0xe17e, 0x0e75, 0x0e6b, 0x176a, 0x1761, 
0x20cc, 0x20c6, 0x2eab, 0x2ea7, 0x18b2, 0x18ac, 0x0ab5, 0x0ab4, 
0xfe1e, 0xfe24, 0xf5b5, 0xf5bd, 0xe5d5, 0xe5db, 0xeab1, 0xeab7, 
0xed5a, 0xed5c, 0xe47f, 0xe480, 0x0173, 0x017a, 0x02f7, 0x02fd, 
0x0661, 0x0660, 0x2c06, 0x2c03, 0x26db, 0x26d9, 0x2a27, 0x2a25, 
0x3e28, 0x3e29, 0x2172, 0x2172, 0x00af, 0x00ac, 0xf998, 0xf994, 
0xfd4d, 0xfd4d, 0xfb0d, 0xfb11, 0xfef3, 0xfef8, 0xe9f1, 0xe9f2, 
0xd67c, 0xd679, 0xe92a, 0xe92d, 0xd653, 0xd658, 0xd569, 0xd569, 
0xfc70, 0xfc6b, 0xfc37, 0xfc32, 0x0e81, 0x0e7e, 0x248a, 0x2486, 
0x180d, 0x180b, 0x00ab, 0x00a7, 0xf747, 0xf73e, 0xfc3d, 0xfc36, 
0xf2c2, 0xf2bf, 0xf5a5, 0xf5a4, 0xf191, 0xf192, 0xf1d4, 0xf1d8, 
0x109a, 0x10a0, 0xfb9e, 0xfba0, 0xe428, 0xe426, 0x04d4, 0x04d3, 
0x049a, 0x049c, 0x0dec, 0x0dec, 0x2707, 0x2704, 0x2892, 0x2893, 
0x16fd, 0x16ff, 0x08e9, 0x08e8, 0xfc6e, 0xfc6f, 0xec7f, 0xec85, 
0xfce3, 0xfce7, 0xeeb6, 0xeeba, 0xdd75, 0xdd79, 0xf7b1, 0xf7b1, 
0xef59, 0xef58, 0xf296, 0xf299, 0x1623, 0x1625, 0x144f, 0x144f, 
0x1e3b, 0x1e3f, 0x2991, 0x2996, 0x24f2, 0x24f8, 0x109a, 0x109c, 
0xff1c, 0xff16, 0xfd49, 0xfd41, 0xeb55, 0xeb53, 0xf323, 0xf326, 
0xe789, 0xe78e, 0xcca8, 0xcca7, 0xe4d0, 0xe4ca, 0xdaf2, 0xdaeb, 
0xcf7c, 0xcf79, 0xe9a8, 0xe9a5, 0xf26f, 0xf26a, 0x0d52, 0x0d4d, 
0x311e, 0x311e, 0x36d8, 0x36df, 0x1c1a, 0x1c22, 0x0fec, 0x0fee, 
0x08e4, 0x08e6, 0xf18a, 0xf190, 0xf84b, 0xf84e, 0xedfa, 0xedf8, 
0xdd69, 0xdd67, 0xf5f3, 0xf5f0, 0xe19f, 0xe19d, 0xdf6a, 0xdf6d, 
0x006b, 0x006f, 0x09bc, 0x09c0, 0x1cc7, 0x1cc9, 0x3250, 0x3250, 
0x4c71, 0x4c70, 0x49a8, 0x49a5, 0x41af, 0x41ad, 0x36af, 0x36ac, 
0x0ae5, 0x0ae3, 0xf700, 0xf703, 0xd968, 0xd96c, 0xb521, 0xb526, 
0xc895, 0xc898, 0xba5b, 0xba5c, 0xb1b3, 0xb1b1, 0xd42c, 0xd429, 
0xe49c, 0xe498, 0xf67b, 0xf679, 0x14c0, 0x14be, 0x31ff, 0x31ff, 
0x28ac, 0x28ab, 0x1c6a, 0x1c66, 0x0f4c, 0x0f46, 0xf9ca, 0xf9c5, 
0x08ee, 0x08eb, 0xf43a, 0xf438, 0xd626, 0xd625, 0xed25, 0xed27, 
0xe19a, 0xe19e, 0xddb7, 0xddb9, 0xf674, 0xf674, 0x0d36, 0x0d3b, 
0x270b, 0x270f, 0x390d, 0x390d, 0x49fe, 0x49fb, 0x3ab7, 0x3ab6, 
0x279b, 0x279f, 0x1574, 0x1577, 0xea50, 0xea4e, 0xed45, 0xed45, 
0xe7a4, 0xe7a4, 0xd85c, 0xd85c, 0xfda0, 0xfda3, 0xf9c3, 0xf9c9, 
0xe76f, 0xe771, 0xef2e, 0xef29, 0xf60d, 0xf607, 0xf858, 0xf857, 
0x063d, 0x0642, 0x1447, 0x1447, 0x0731, 0x072b, 0x048a, 0x0483, 
0xf94f, 0xf94b, 0xdc4c, 0xdc48, 0xf128, 0xf11f, 0xeeea, 0xeede, 
0xe02e, 0xe027, 0xfadc, 0xfadb, 0xf91d, 0xf91d, 0xff42, 0xff44, 
0x1511, 0x1513, 0x1f89, 0x1f8a, 0x16f3, 0x16f5, 0x1332, 0x1335, 
0x205d, 0x205e, 0x0fad, 0x0faf, 0x05d2, 0x05d3, 0x020f, 0x020f, 
0xe602, 0xe603, 0xf535, 0xf536, 0xf058, 0xf059, 0xdcef, 0xdcf3, 
0xfcb7, 0xfcbc, 0x0107, 0x010e, 0xeecd, 0xeed3, 0xf46b, 0xf46d, 
0x00c0, 0x00bf, 0x004a, 0x0044, 0x147d, 0x1476, 0x3228, 0x3221, 
0x2d16, 0x2d0d, 0x2d46, 0x2d3c, 0x1984, 0x197d, 0xee40, 0xee3f, 
0xf788, 0xf789, 0xec82, 0xec80, 0xe041, 0xe03d, 0xf93f, 0xf93e, 
0xfb01, 0xfb04, 0xec01, 0xec01, 0xdf83, 0xdf83, 0xe4ac, 0xe4ac, 
0xe275, 0xe271, 0xe829, 0xe823, 0x0821, 0x081d, 0x130b, 0x130c, 
0x2803, 0x2804, 0x2682, 0x2683, 0xfe52, 0xfe59, 0x061d, 0x0622, 
0xff78, 0xff7a, 0xe53f, 0xe53f, 0xe7ef, 0xe7ec, 0xeea5, 0xee9c, 
0xea77, 0xea6d, 0xe526, 0xe524, 0xeba2, 0xeba5, 0xec2e, 0xec31, 
0x06c5, 0x06c5, 0x293c, 0x293b, 0x2611, 0x260f, 0x3b63, 0x3b5e, 
0x3c6c, 0x3c68, 0x21f8, 0x21f8, 0x30e4, 0x30e7, 0x2592, 0x2596, 
0x0caa, 0x0cae, 0xfb22, 0xfb25, 0xe3c9, 0xe3cd, 0xd0a6, 0xd0a9, 
0xbfbf, 0xbfc4, 0xc295, 0xc299, 0xc809, 0xc80e, 0xe4c2, 0xe4c7, 
0x0bea, 0x0bec, 0x0a5c, 0x0a5b, 0x1be0, 0x1be3, 0x2355, 0x235b, 
0x09f2, 0x09f7, 0x0826, 0x0829, 0xf8d8, 0xf8db, 0xebd0, 0xebd2, 
0xf147, 0xf147, 0xf31a, 0xf317, 0xea55, 0xea4f, 0xeb4e, 0xeb4a, 
0xf5c1, 0xf5c2, 0xe5b3, 0xe5b8, 0xf46e, 0xf474, 0x1f91, 0x1f92, 
0x2e2f, 0x2e2e, 0x4a22, 0x4a20, 0x42e6, 0x42e1, 0x206e, 0x2064, 
0x1d94, 0x1d89, 0xfe1f, 0xfe1a, 0xdfbb, 0xdfb8, 0xded6, 0xded4, 
0xe4a7, 0xe4a6, 0xe69a, 0xe699, 0xeff1, 0xefee, 0x0027, 0x0026, 
0xf20d, 0xf20e, 0xf043, 0xf046, 0x094f, 0x0951, 0x0ead, 0x0eaf, 
0x202d, 0x2030, 0x12f8, 0x12f9, 0xf308, 0xf306, 0xfd05, 0xfd03, 
0xf334, 0xf336, 0xdcae, 0xdcb1, 0xe364, 0xe366, 0xf4d3, 0xf4d4, 
0xec33, 0xec32, 0xe686, 0xe67e, 0xf734, 0xf728, 0xf783, 0xf77a, 
0x0a42, 0x0a3c, 0x29b2, 0x29ac, 0x2838, 0x2838, 0x3ac3, 0x3ac7, 
0x25c6, 0x25c8, 0xf436, 0xf436, 0xf777, 0xf775, 0xf527, 0xf523, 
0xe5f2, 0xe5f0, 0xeb5d, 0xeb5e, 0xf458, 0xf456, 0xeb47, 0xeb44, 
0xea53, 0xea50, 0xf90f, 0xf908, 0xead4, 0xeacb, 0xeb57, 0xeb4f, 
0x08d9, 0x08d3, 0x1388, 0x1388, 0x3bce, 0x3bcf, 0x3ebc, 0x3eb9, 
0x1669, 0x1665, 0x131f, 0x131b, 0x0ba4, 0x0b9e, 0xf2a7, 0xf2a4, 
0xf125, 0xf124, 0xf8e5, 0xf8e3, 0xebe4, 0xebdf, 0xe90c, 0xe907, 
0xfd42, 0xfd43, 0xe9c0, 0xe9c5, 0xe43c, 0xe443, 0xfdc4, 0xfdcd, 
0xf8f8, 0xf8fd, 0x106d, 0x106b, 0x1070, 0x106d, 0xf512, 0xf512, 
0x048f, 0x0492, 0x0aaf, 0x0ab1, 0xf204, 0xf200, 0xf111, 0xf107, 
0xffe2, 0xffdd, 0xf0f7, 0xf0f9, 0xe658, 0xe65b, 0x0100, 0x00ff, 
0xf064, 0xf062, 0xe611, 0xe613, 0xf987, 0xf98c, 0xffe8, 0xffea, 
0x2c5f, 0x2c5f, 0x3691, 0x3691, 0x13c0, 0x13c2, 0x1326, 0x132a, 
0x198c, 0x198a, 0x0add, 0x0ad5, 0x14be, 0x14b4, 0x31ce, 0x31c7, 
0x22d1, 0x22cf, 0x0271, 0x026e, 0x06d7, 0x06d5, 0xe72f, 0xe730, 
0xd1c9, 0xd1c8, 0xd57d, 0xd57f, 0xd19e, 0xd1a1, 0xf8c4, 0xf8c5, 
0x0b7e, 0x0b80, 0xf03c, 0xf041, 0xf487, 0xf48b, 0x08e4, 0x08e8, 
0xf58a, 0xf58e, 0xe422, 0xe425, 0xf225, 0xf223, 0xea39, 0xea37, 
0xe21d, 0xe21e, 0xfacd, 0xface, 0xe9b7, 0xe9b8, 0xeb07, 0xeb08, 
0xfa93, 0xfa95, 0xf6e9, 0xf6ea, 0x1829, 0x1827, 0x3486, 0x3485, 
0x29c4, 0x29c7, 0x2a69, 0x2a6c, 0x36c9, 0x36ca, 0x2891, 0x2890, 
0x126f, 0x126d, 0x125e, 0x1260, 0xf16d, 0xf170, 0xd216, 0xd218, 
0xe6c6, 0xe6c4, 0xd979, 0xd974, 0xe027, 0xe024, 0xfd15, 0xfd13, 
0xfdeb, 0xfde9, 0x17c8, 0x17c8, 0x3545, 0x3548, 0x262a, 0x262a, 
0x177d, 0x177e, 0x0dcf, 0x0dd5, 0xf0d9, 0xf0e2, 0xde15, 0xde1c, 
0xe83b, 0xe83f, 0xd02d, 0xd02f, 0xc395, 0xc394, 0xe792, 0xe78f, 
0xe106, 0xe105, 0xd883, 0xd886, 0xe785, 0xe787, 0xf6de, 0xf6e0, 
0x1f12, 0x1f14, 0x4897, 0x4898, 0x4990, 0x498f, 0x3e2f, 0x3e31, 
0x340c, 0x340f, 0x078d, 0x078f, 0xdc8e, 0xdc8e, 0xeea3, 0xeea3, 
0xe1cc, 0xe1cd, 0xd35a, 0xd358, 0xf285, 0xf27f, 0xe7e1, 0xe7de, 
0xe311, 0xe311, 0xf2a8, 0xf2a7, 0xf2f3, 0xf2f1, 0x0d82, 0x0d80, 
0x2937, 0x2934, 0x25ee, 0x25ef, 0x2655, 0x265e, 0x3156, 0x315b, 
0x1d3a, 0x1d38, 0xfac7, 0xfac6, 0x08b0, 0x08b3, 0xfbae, 0xfbb2, 
0xe069, 0xe068, 0xeed5, 0xeed1, 0xe86a, 0xe868, 0xe58c, 0xe589, 
0xf3f4, 0xf3f0, 0xee6d, 0xee6c, 0xfe14, 0xfe14, 0x20e7, 0x20e8, 
0x1bb2, 0x1bb9, 0x01a1, 0x01af, 0x0776, 0x0781, 0xfb02, 0xfb03, 
0xe508, 0xe503, 0xff6a, 0xff6a, 0xf601, 0xf606, 0xe7a8, 0xe7ac, 
0xf8a0, 0xf8a4, 0xe4e2, 0xe4e3, 0xdc07, 0xdc04, 0xe65e, 0xe65e, 
0xe75b, 0xe760, 0xfa9f, 0xfaa3, 0x1975, 0x1975, 0x249d, 0x249a, 
0x17fb, 0x17f4, 0x2806, 0x2800, 0x25ea, 0x25e9, 0x0397, 0x0399, 
0x1191, 0x1191, 0x0a9f, 0x0aa1, 0x018a, 0x018c, 0x26a4, 0x26a4, 
0x23a2, 0x23a0, 0x1327, 0x1325, 0x0a59, 0x0a56, 0xebf1, 0xebf1, 
0xe150, 0xe155, 0xfb4f, 0xfb53, 0x05bf, 0x05c2, 0xfc10, 0xfc13, 
0x0966, 0x0967, 0xf2f7, 0xf2f9, 0xcf8e, 0xcf8d, 0xe8f8, 0xe8f2, 
0xe856, 0xe84e, 0xd81a, 0xd813, 0xe48d, 0xe48a, 0xe42f, 0xe432, 
0xe80c, 0xe811, 0xed91, 0xed96, 0xe8eb, 0xe8f1, 0xf3f6, 0xf3f9, 
0x1e71, 0x1e71, 0x2b5a, 0x2b59, 0x1485, 0x1482, 0x2c99, 0x2c92, 
0x28ba, 0x28b3, 0x03b8, 0x03b3, 0x1922, 0x191f, 0x148c, 0x1488, 
0x0581, 0x057b, 0x0fc9, 0x0fc4, 0xfa85, 0xfa82, 0xead3, 0xeacf, 
0xe498, 0xe497, 0xd1f2, 0xd1f5, 0xe086, 0xe087, 0x1941, 0x1940, 
0x3108, 0x3109, 0x231d, 0x231f, 0x3531, 0x352e, 0x2803, 0x27ff, 
0xf6dc, 0xf6de, 0xf393, 0xf398, 0xe73d, 0xe740, 0xd7ef, 0xd7f2, 
0xda89, 0xda8e, 0xcc2e, 0xcc2f, 0xcbc9, 0xcbc8, 0xe192, 0xe195, 
0xdf63, 0xdf66, 0xdccd, 0xdcce, 0x0926, 0x0925, 0x2264, 0x2265, 
0x1c4a, 0x1c4b, 0x4417, 0x4417, 0x4974, 0x4973, 0x2a48, 0x2a4a, 
0x27f0, 0x27f3, 0x02de, 0x02de, 0xe2ec, 0xe2ec, 0xe103, 0xe101, 
0xd693, 0xd692, 0xdcbe, 0xdcbc, 0xe78e, 0xe789, 0xda33, 0xda2f, 
0xd9a0, 0xd99d, 0x090d, 0x090e, 0x274f, 0x2750, 0x1491, 0x1492, 
0x22f7, 0x22f9, 0x1ed0, 0x1ed3, 0x0435, 0x0436, 0x0fc5, 0x0fc5, 
0x0837, 0x0839, 0xffef, 0xfff3, 0x0a8a, 0x0a8f, 0xfdce, 0xfdd5, 
0xf40a, 0xf410, 0xf47f, 0xf483, 0xdfe7, 0xdfe6, 0xd5e6, 0xd5e2, 
0x0260, 0x025c, 0x2038, 0x203b, 0x15d0, 0x15d6, 0x2d11, 0x2d18, 
0x2349, 0x234e, 0xfcc9, 0xfcc6, 0xf1a5, 0xf19b, 0xe1ec, 0xe1e2, 
0xe369, 0xe367, 0xef25, 0xef29, 0xe8e4, 0xe8e7, 0xf027, 0xf024, 
0xfad1, 0xfaca, 0xe8be, 0xe8b7, 0xcaa8, 0xcaa0, 0xe759, 0xe753, 
0x0bab, 0x0ba7, 0x0779, 0x0776, 0x218b, 0x2187, 0x23be, 0x23ba, 
0x1250, 0x124c, 0x1a4e, 0x1a4b, 0x133d, 0x133b, 0x0d0a, 0x0d08, 
0x0324, 0x0320, 0xeac5, 0xeabe, 0xf41a, 0xf413, 0x1241, 0x123e, 
0x1730, 0x1730, 0xffc0, 0xffbe, 0x1738, 0x1737, 0x2d19, 0x2d17, 
0x13f2, 0x13f0, 0x1536, 0x1535, 0x12cc, 0x12ca, 0x07f2, 0x07f0, 
0xff8d, 0xff8a, 0xe39d, 0xe39a, 0xdcea, 0xdce6, 0xe010, 0xe011, 
0xd660, 0xd664, 0xd483, 0xd483, 0xdd38, 0xdd34, 0xd972, 0xd971, 
0xb723, 0xb726, 0xcecd, 0xced2, 0xfde6, 0xfdee, 0x10ce, 0x10d5, 
0x3240, 0x3240, 0x3a6c, 0x3a68, 0x2aea, 0x2ae6, 0x1a1f, 0x1a1c, 
0x00e9, 0x00e6, 0x0652, 0x0650, 0x1203, 0x1201, 0x0efe, 0x0efc, 
0x0a32, 0x0a2d, 0x121c, 0x1216, 0x1046, 0x1042, 0xdf31, 0xdf30, 
0xd549, 0xd54b, 0xe84c, 0xe84f, 0xf586, 0xf585, 0x1cdd, 0x1cda, 
0x2fa0, 0x2f9d, 0x2d68, 0x2d66, 0x2be0, 0x2be0, 0x1624, 0x1626, 
0x0540, 0x0543, 0xf43b, 0xf440, 0xe8b5, 0xe8b6, 0xdc9c, 0xdc9b, 
0xdbce, 0xdbca, 0xd7b2, 0xd7ac, 0xb643, 0xb63d, 0xc994, 0xc991, 
0xee02, 0xee00, 0xf5a1, 0xf59e, 0x118c, 0x118a, 0x1fba, 0x1fbb, 
0x21f5, 0x21f9, 0x2b35, 0x2b33, 0x265c, 0x2652, 0x27d8, 0x27d5, 
0x1d95, 0x1d9b, 0x078d, 0x0791, 0xe807, 0xe80a, 0xde96, 0xde9b, 
0xde3a, 0xde3d, 0xc5b3, 0xc5b6, 0xd388, 0xd389, 0xed18, 0xed1a, 
0xf216, 0xf217, 0x1270, 0x126d, 0x2d77, 0x2d72, 0x32b6, 0x32b3, 
0x2649, 0x2647, 0x1174, 0x1172, 0x0a43, 0x0a41, 0x0244, 0x0243, 
0xfe7d, 0xfe79, 0xf07e, 0xf07b, 0x005b, 0x0057, 0x1125, 0x111f, 
0xe9b3, 0xe9ae, 0xe085, 0xe084, 0xf021, 0xf024, 0xf40b, 0xf412, 
0x14f6, 0x14fa, 0x28ba, 0x28b8, 0x2e3b, 0x2e3b, 0x29eb, 0x29ef, 
0x1335, 0x1338, 0xfd07, 0xfd06, 0xe892, 0xe891, 0xdbc8, 0xdbca, 
0xca8d, 0xca94, 0xd884, 0xd88a, 0xed9a, 0xed9b, 0xd9b7, 0xd9b6, 
0xdd5d, 0xdd5e, 0xec4d, 0xec4c, 0xeb73, 0xeb70, 0xff70, 0xff72, 
0x1501, 0x1505, 0x27d8, 0x27d6, 0x2407, 0x2402, 0x1485, 0x1481, 
0x06cc, 0x06cb, 0x0066, 0x0069, 0x0bac, 0x0bb2, 0xfb21, 0xfb26, 
0xf88e, 0xf88d, 0x053b, 0x0536, 0xeb83, 0xeb83, 0xf8b8, 0xf8bd, 
0x16f6, 0x16f9, 0x1bfa, 0x1bfa, 0x332d, 0x332a, 0x3dbd, 0x3db9, 
0x3523, 0x351f, 0x1ded, 0x1dec, 0x0667, 0x0668, 0xf947, 0xf94a, 
0xed94, 0xed96, 0xdf22, 0xdf22, 0xc35b, 0xc35c, 0xccef, 0xccef, 
0xe59a, 0xe59a, 0xce62, 0xce63, 0xcae2, 0xcae5, 0xd9bc, 0xd9c0, 
0xdf96, 0xdf9a, 0xefa3, 0xefa4, 0x04f1, 0x04f3, 0x2147, 0x214c, 
0x2a08, 0x2a0d, 0x284e, 0x284d, 0x1d54, 0x1d52, 0x0a26, 0x0a26, 
0x06b0, 0x06b2, 0xf2ec, 0xf2eb, 0xfcf1, 0xfcf0, 0x1c28, 0x1c2b, 
0xffd5, 0xffd9, 0xf5a8, 0xf5ad, 0x05a7, 0x05a9, 0xfeac, 0xfeaa, 
0xfcce, 0xfccd, 0x00da, 0x00da, 0x0d9c, 0x0d9c, 0x198d, 0x198b, 
0x1839, 0x1835, 0x11f1, 0x11ed, 0x16a7, 0x16a3, 0x1b7f, 0x1b7e, 
0xfaec, 0xfaeb, 0xedd2, 0xedce, 0xfec4, 0xfec2, 0xebbc, 0xebc3, 
0xd6be, 0xd6c7, 0xcb67, 0xcb68, 0xc5ba, 0xc5b9, 0xd8fb, 0xd8fe, 
0xf5fc, 0xf5fd, 0x1341, 0x133c, 0x1a8f, 0x1a8e, 0x194a, 0x1950, 
0x1238, 0x123f, 0x0ac6, 0x0ac7, 0x1d8b, 0x1d88, 0x113c, 0x1139, 
0x0b6e, 0x0b6a, 0x223d, 0x2237, 0x00e2, 0x00df, 0xdef6, 0xdef7, 
0xd6dc, 0xd6de, 0xd158, 0xd15b, 0xe5af, 0xe5b0, 0xf892, 0xf894, 
0x07e0, 0x07e2, 0x1978, 0x1977, 0x265a, 0x265f, 0x203d, 0x2043, 
0x0eba, 0x0eb9, 0x0e05, 0x0e01, 0xf768, 0xf764, 0xea8b, 0xea89, 
0xfa8e, 0xfa8f, 0xef08, 0xef0b, 0xece2, 0xece3, 0xf625, 0xf624, 
0xf5d6, 0xf5d3, 0xf9f9, 0xf9f4, 0x0546, 0x0540, 0x1dfd, 0x1df6, 
0x286a, 0x2863, 0x2fcf, 0x2fcd, 0x29f1, 0x29f1, 0x1646, 0x1645, 
0x1d60, 0x1d5f, 0xfd90, 0xfd92, 0xd95a, 0xd960, 0xdedb, 0xdee1, 
0xc866, 0xc869, 0xc0dd, 0xc0e0, 0xd0ee, 0xd0f3, 0xdae0, 0xdae6, 
0xf1b7, 0xf1b9, 0x045e, 0x045c, 0x10da, 0x10d9, 0x15b5, 0x15b3, 
0x1f57, 0x1f52, 0x2287, 0x2285, 0x16f5, 0x16f5, 0x1243, 0x1241, 
0xf034, 0xf034, 0xde91, 0xde94, 0xf825, 0xf826, 0xf60f, 0xf60d, 
0xe77b, 0xe779, 0xe157, 0xe156, 0xe85a, 0xe856, 0xf8fc, 0xf8f9, 
0x10a4, 0x10a7, 0x368d, 0x3694, 0x4b56, 0x4b57, 0x5b90, 0x5b8e, 
0x4b4e, 0x4b50, 0x1f62, 0x1f69, 0x16b8, 0x16be, 0xf4e1, 0xf4e2, 
0xd6d0, 0xd6cb, 0xe2ba, 0xe2b9, 0xd522, 0xd528, 0xca29, 0xca2f, 
0xcb19, 0xcb1a, 0xcbc2, 0xcbbf, 0xd4a2, 0xd4a0, 0xe000, 0xe003, 
0xf519, 0xf51e, 0x0505, 0x0508, 0x1721, 0x1720, 0x1882, 0x1882, 
0x11ad, 0x11af, 0x233f, 0x2343, 0x0fe3, 0x0fe6, 0xf035, 0xf035, 
0xf078, 0xf077, 0xf2c0, 0xf2bd, 0xf6ec, 0xf6e7, 0xf5e3, 0xf5df, 
0xfbbb, 0xfbb9, 0x04d0, 0x04d1, 0x1564, 0x1567, 0x28ba, 0x28bb, 
0x1b01, 0x1b00, 0x1aa4, 0x1aa5, 0x128b, 0x128c, 0xfe78, 0xfe74, 
0x10d4, 0x10d2, 0x04a9, 0x04ad, 0xf5bb, 0xf5c3, 0x0549, 0x054c, 
0xfd59, 0xfd59, 0xf501, 0xf4fe, 0xf0cb, 0xf0c8, 0xef63, 0xef64, 
0xea74, 0xea74, 0xe104, 0xe0fe, 0xe565, 0xe55c, 0xeb72, 0xeb6c, 
0x05e7, 0x05e3, 0x1322, 0x131f, 0x0bc8, 0x0bc6, 0x141e, 0x141c, 
0xfdc4, 0xfdc1, 0xe8d1, 0xe8cd, 0xf912, 0xf90c, 0x0f06, 0x0f01, 
0x1e7f, 0x1e7b, 0x1c7c, 0x1c76, 0x164d, 0x1644, 0xf93b, 0xf933, 
0xdf72, 0xdf72, 0xe7a6, 0xe7ab, 0xefde, 0xefdf, 0x0bbf, 0x0bc2, 
0x09be, 0x09c4, 0xf5df, 0xf5e1, 0x1345, 0x1341, 0x115b, 0x1156, 
0xf8df, 0xf8dd, 0xf650, 0xf652, 0xf813, 0xf818, 0xf648, 0xf64e, 
0xe6bc, 0xe6c3, 0xe32a, 0xe331, 0xea21, 0xea27, 0xf890, 0xf892, 
0x0884, 0x0883, 0x142c, 0x142d, 0x3150, 0x3151, 0x3449, 0x3447, 
0x22ea, 0x22eb, 0x2a57, 0x2a5d, 0x2592, 0x2598, 0x1219, 0x1218, 
0x062c, 0x0628, 0x0892, 0x088f, 0xfd77, 0xfd76, 0xd7ef, 0xd7ee, 
0xc606, 0xc603, 0xb8d9, 0xb8d8, 0xc046, 0xc044, 0xd5b0, 0xd5ac, 
0xe08d, 0xe08c, 0x0f6c, 0x0f73, 0x25c8, 0x25cf, 0x166b, 0x166e, 
0x1a6a, 0x1a6c, 0x19ce, 0x19d2, 0x0aaa, 0x0aaa, 0xf503, 0xf501, 
0xe482, 0xe47f, 0xdcf4, 0xdcef, 0xe35b, 0xe355, 0xf555, 0xf551, 
0xf39b, 0xf399, 0xf046, 0xf048, 0xf401, 0xf408, 0xfa5d, 0xfa62, 
0x1f5e, 0x1f5c, 0x3b0d, 0x3b0d, 0x45d2, 0x45d8, 0x5744, 0x5749, 
0x52b1, 0x52af, 0x32a7, 0x32a4, 0x0787, 0x0783, 0xf7d1, 0xf7cb, 
0xed3f, 0xed3a, 0xd8c2, 0xd8c1, 0xd66f, 0xd670, 0xc322, 0xc322, 
0xbd68, 0xbd6a, 0xd08d, 0xd091, 0xda17, 0xda16, 0xfb9c, 0xfb9b, 
0x0dbf, 0x0dc0, 0x036f, 0x036e, 0x0bd4, 0x0bcf, 0x0c6f, 0x0c69, 
0xfb73, 0xfb70, 0xef47, 0xef46, 0xfcf9, 0xfcfd, 0x03a8, 0x03ad, 
0xf557, 0xf559, 0xf84d, 0xf84e, 0xf497, 0xf49a, 0xf3fa, 0xf3fc, 
0xf673, 0xf677, 0xf81b, 0xf81f, 0x26fd, 0x26fd, 0x4a49, 0x4a45, 
0x390f, 0x390d, 0x24ad, 0x24ac, 0x18bc, 0x18bb, 0x0799, 0x0799, 
0xe9bb, 0xe9bd, 0xe551, 0xe552, 0xf43d, 0xf441, 0xf343, 0xf344, 
0x01e7, 0x01e3, 0xf8db, 0xf8d8, 0xf07c, 0xf07d, 0xfa7d, 0xfa7d, 
0xeb29, 0xeb24, 0x04c0, 0x04b9, 0x198f, 0x198a, 0x0369, 0x0368, 
0xf964, 0xf967, 0x0643, 0x0645, 0x1029, 0x1028, 0xf696, 0xf697, 
0xe5b2, 0xe5b2, 0xe517, 0xe514, 0xea9f, 0xea99, 0x0080, 0x007c, 
0xffa5, 0xffa7, 0x0289, 0x028d, 0x12ae, 0x12b2, 0xfa8e, 0xfa91, 
0xfd03, 0xfd05, 0x162a, 0x162d, 0x1271, 0x1274, 0x10e5, 0x10e6, 
0x087c, 0x087b, 0x06bc, 0x06b9, 0xf3dc, 0xf3d6, 0xf0f9, 0xf0f4, 
0xf78c, 0xf790, 0xeddf, 0xede6, 0x040f, 0x0412, 0xf338, 0xf336, 
0xe58f, 0xe58b, 0xe96d, 0xe972, 0xd997, 0xd99a, 0xf61b, 0xf614, 
0x21e8, 0x21e1, 0x3019, 0x3017, 0x2c1e, 0x2c1d, 0x2bf7, 0x2bf3, 
0x2576, 0x2570, 0x1123, 0x111e, 0x0e62, 0x0e5e, 0x0f55, 0x0f55, 
0x005d, 0x005f, 0x07bc, 0x07bf, 0xf2d6, 0xf2db, 0xd856, 0xd85b, 
0xdb3e, 0xdb41, 0xc20c, 0xc20d, 0xcfa4, 0xcfa7, 0xec1b, 0xec25, 
0xfc1b, 0xfc25, 0x109d, 0x10a2, 0x1e9f, 0x1ea1, 0x2569, 0x2566, 
0x03f2, 0x03eb, 0xfe21, 0xfe1e, 0x05de, 0x05e1, 0xf794, 0xf794, 
0xf635, 0xf632, 0xdc2b, 0xdc28, 0xcec2, 0xcec0, 0xe458, 0xe454, 
0xe154, 0xe151, 0xec9d, 0xec9d, 0x0dcd, 0x0dcc, 0x169c, 0x169d, 
0x1fa3, 0x1faa, 0x325b, 0x3260, 0x4056, 0x4056, 0x368c, 0x368d, 
0x34fb, 0x34fe, 0x29f8, 0x29f9, 0x0e5e, 0x0e5d, 0x0da6, 0x0da5, 
0xf47d, 0xf47e, 0xe459, 0xe45d, 0xe2be, 0xe2c2, 0xca3f, 0xca41, 
0xc1dd, 0xc1db, 0xdb6f, 0xdb6b, 0xf69d, 0xf69a, 0xf931, 0xf92f, 
0x0f6c, 0x0f68, 0x1b40, 0x1b3e, 0xfca3, 0xfca6, 0xeda1, 0xeda0, 
0xe63b, 0xe637, 0xdfbe, 0xdfbb, 0x045a, 0x0457, 0x056b, 0x0567, 
0xee4d, 0xee4d, 0xfc65, 0xfc64, 0xf2b1, 0xf2b1, 0xf122, 0xf121, 
0xf9a8, 0xf9a9, 0x0f34, 0x0f3a, 0x1f6a, 0x1f71, 0x3333, 0x3332, 
0x4dc2, 0x4dbc, 0x27c0, 0x27ba, 0x141c, 0x1419, 0x01b8, 0x01b6, 
0xe717, 0xe715, 0xf03d, 0xf03d, 0xf1e4, 0xf1e1, 0xe7e7, 0xe7e0, 
0xf157, 0xf151, 0x069c, 0x069e, 0x0227, 0x022a, 0x0437, 0x043a, 
0xf8d4, 0xf8d8, 0xf3d6, 0xf3da, 0x052e, 0x0530, 0x0f7a, 0x0f7b, 
0xfee8, 0xfee7, 0xea60, 0xea5b, 0xf64a, 0xf647, 0xecc9, 0xeccd, 
0xf0ec, 0xf0ef, 0xee87, 0xee87, 0xea16, 0xea14, 0xead6, 0xead2, 
0xed94, 0xed90, 0x0f38, 0x0f35, 0x26ce, 0x26ca, 0x30a7, 0x30a4, 
0xfe38, 0xfe32, 0xffc7, 0xffc0, 0x2015, 0x200e, 0x12ab, 0x12a4, 
0x1265, 0x125f, 0xf3a4, 0xf3a4, 0xf140, 0xf147, 0xf7f2, 0xf7f7, 
0xee80, 0xee7e, 0xf38f, 0xf38b, 0x0146, 0x0145, 0xef9f, 0xefa1, 
0xdce6, 0xdce9, 0xfd21, 0xfd26, 0x14fa, 0x14fc, 0x0b2b, 0x0b26, 
0xf30d, 0xf305, 0x19cb, 0x19c7, 0x27bc, 0x27b7, 0x2455, 0x2452, 
0x2343, 0x2344, 0xf5c2, 0xf5c2, 0x03de, 0x03de, 0xfb1f, 0xfb21, 
0xe8c5, 0xe8cc, 0x002f, 0x0034, 0x0a55, 0x0a56, 0xe32e, 0xe331, 
0xd7f1, 0xd7f5, 0x05f2, 0x05f6, 0x05ff, 0x0601, 0x0252, 0x0254, 
0xebbc, 0xebbe, 0xe9dc, 0xe9de, 0xfa7d, 0xfa7e, 0x01b0, 0x01b2, 
0x042f, 0x042f, 0xeee7, 0xeee7, 0x0137, 0x0135, 0xf7ce, 0xf7cb, 
0xe55f, 0xe55d, 0xef01, 0xeeff, 0xea29, 0xea26, 0xd9dc, 0xd9d9, 
0xf52b, 0xf529, 0x1edb, 0x1edb, 0x3021, 0x3020, 0x40ac, 0x40ab, 
0x0a74, 0x0a78, 0xfec0, 0xfec4, 0x0da8, 0x0dab, 0x17df, 0x17e1, 
0x2ff2, 0x2ff3, 0x117b, 0x1179, 0x1410, 0x1410, 0x0c1a, 0x0c1f, 
0xf495, 0xf49a, 0xe8da, 0xe8da, 0xeaee, 0xeaea, 0xdf73, 0xdf72, 
0xd543, 0xd543, 0xfaa8, 0xfaab, 0x18ee, 0x18f2, 0x239e, 0x239f, 
0xfb6a, 0xfb66, 0xe985, 0xe983, 0xe586, 0xe588, 0xf00c, 0xf00f, 
0xf476, 0xf474, 0xd419, 0xd414, 0xee03, 0xee00, 0xf559, 0xf558, 
0xdc82, 0xdc82, 0xe6ce, 0xe6cd, 0x1421, 0x1423, 0x00f2, 0x00f5, 
0xfe50, 0xfe52, 0x2b5e, 0x2b61, 0x38c3, 0x38c7, 0x5479, 0x547a, 
0x23c2, 0x23c2, 0x0067, 0x006b, 0x009c, 0x00a1, 0x00bc, 0x00be, 
0xfbe8, 0xfbea, 0xdfea, 0xdff0, 0xf0c9, 0xf0cc, 0xddb3, 0xddb1, 
0xcf8c, 0xcf8a, 0xf1b8, 0xf1ba, 0x119e, 0x119f, 0x0a96, 0x0a97, 
0x1351, 0x1350, 0x3034, 0x3031, 0x4293, 0x4290, 0x40c6, 0x40c9, 
0xf1fd, 0xf207, 0xd369, 0xd36f, 0xd0d6, 0xd0d6, 0xdc85, 0xdc87, 
0xecbf, 0xecc3, 0xdb83, 0xdb84, 0xda75, 0xda75, 0xcea0, 0xcea0, 
0xdc60, 0xdc5f, 0xf454, 0xf454, 0x28f0, 0x28f0, 0x2bfb, 0x2bfd, 
0x1be9, 0x1bf1, 0x3b6d, 0x3b75, 0x3ed5, 0x3ed9, 0x3839, 0x383b, 
0xfcf4, 0xfcf5, 0xd807, 0xd80a, 0xcd91, 0xcd96, 0xe074, 0xe07c, 
0xf78c, 0xf78f, 0xd954, 0xd950, 0xe5f6, 0xe5f1, 0xf21b, 0xf218, 
0xe7d9, 0xe7d7, 0xfb8e, 0xfb8f, 0x21ef, 0x21f4, 0x0f2c, 0x0f30, 
0x1459, 0x1457, 0x2edd, 0x2ed8, 0x3347, 0x3341, 0x40bd, 0x40b5, 
0x07b2, 0x07af, 0xe73d, 0xe73e, 0xe944, 0xe943, 0x00e5, 0x00dc, 
0xfe0c, 0xfdfe, 0xe12f, 0xe125, 0xf78e, 0xf78b, 0xe832, 0xe834, 
0xe60b, 0xe60e, 0xfb8f, 0xfb8f, 0x1233, 0x1230, 0x0caf, 0x0cad, 
0xfcf4, 0xfcf0, 0x0133, 0x0130, 0x12b7, 0x12b2, 0x24e0, 0x24d7, 
0xeec3, 0xeebd, 0xdbe7, 0xdbe7, 0xea64, 0xea68, 0xed4e, 0xed53, 
0xeae3, 0xeae7, 0xdb9c, 0xdb9e, 0xd937, 0xd936, 0xe4f5, 0xe4f2, 
0xf998, 0xf993, 0x0a14, 0x0a10, 0x368b, 0x368b, 0x2cdb, 0x2cdb, 
0x160e, 0x1609, 0x13b3, 0x13ae, 0x1ae7, 0x1ae3, 0x2b57, 0x2b4f, 
0x0f11, 0x0f0c, 0x1724, 0x1725, 0x04ae, 0x04af, 0xf7e6, 0xf7e3, 
0xfd61, 0xfd5b, 0xe34c, 0xe342, 0xee2a, 0xee21, 0xfd57, 0xfd52, 
0xf738, 0xf73a, 0xfe56, 0xfe56, 0x17c8, 0x17c2, 0x0165, 0x015e, 
0xf5f2, 0xf5f2, 0xf9ff, 0xfa00, 0x0082, 0x007e, 0x0f4b, 0x0f47, 
0xf987, 0xf989, 0xda70, 0xda76, 0xc51e, 0xc522, 0xdd6b, 0xdd6e, 
0xe3b1, 0xe3b5, 0xe55d, 0xe560, 0xfdaf, 0xfdb2, 0x0c5b, 0x0c5f, 
0x0d79, 0x0d7c, 0x10cb, 0x10c9, 0x2e3d, 0x2e3c, 0x274e, 0x274f, 
0x243a, 0x243b, 0x0fb2, 0x0fb0, 0x156d, 0x156b, 0x3c83, 0x3c84, 
0x11e4, 0x11e8, 0xe2d7, 0xe2da, 0xcbf7, 0xcbfa, 0xcbd5, 0xcbd6, 
0xda06, 0xda03, 0xe64c, 0xe647, 0xf63c, 0xf638, 0x0b42, 0x0b3f, 
0x0f9f, 0x0f9c, 0x1aa8, 0x1aa5, 0x38ed, 0x38e6, 0x28fa, 0x28f1, 
0xfc20, 0xfc15, 0xdb89, 0xdb80, 0x0530, 0x052d, 0x19a5, 0x19a3, 
0xfc16, 0xfc13, 0xe5cd, 0xe5cc, 0xc0aa, 0xc0ab, 0xca3b, 0xca3c, 
0xdaef, 0xdaed, 0xf370, 0xf36f, 0x12f2, 0x12f1, 0x25ea, 0x25e8, 
0x1aea, 0x1aea, 0x1370, 0x1371, 0x3559, 0x3559, 0x1837, 0x1838, 
0xf044, 0xf045, 0xecf8, 0xecf6, 0xfba1, 0xfb9c, 0x05f0, 0x05ed, 
0x00ab, 0x00ac, 0xe794, 0xe796, 0xcf24, 0xcf27, 0xea86, 0xea8c, 
0x048a, 0x0495, 0x15bb, 0x15c8, 0x15c1, 0x15c7, 0x07f1, 0x07f3, 
0xf42e, 0xf42f, 0x0676, 0x0676, 0x194a, 0x1949, 0x020b, 0x020a, 
0x0c30, 0x0c32, 0x01eb, 0x01ed, 0x136e, 0x1370, 0x255d, 0x255e, 
0x14de, 0x14db, 0x0379, 0x0372, 0xe362, 0xe35e, 0xf5bc, 0xf5be, 
0x08f7, 0x08fc, 0x0eaf, 0x0eb0, 0xfc5c, 0xfc5e, 0xde88, 0xde8b, 
0xd828, 0xd826, 0xd8be, 0xd8b7, 0xe7ca, 0xe7c2, 0xfc80, 0xfc7e, 
0xf97a, 0xf97c, 0xe084, 0xe087, 0xfe82, 0xfe83, 0x18ad, 0x18ae, 
0x1e79, 0x1e78, 0x08f2, 0x08ef, 0xd87e, 0xd87c, 0xe3f6, 0xe3f5, 
0x03f2, 0x03f5, 0x122a, 0x1230, 0x064e, 0x0656, 0x1883, 0x1888, 
0x097b, 0x097c, 0xef28, 0xef29, 0x1242, 0x1247, 0x1953, 0x1955, 
0x1cbe, 0x1cbc, 0x0d0c, 0x0d0a, 0x133e, 0x1340, 0x2a0a, 0x2a0c, 
0x27af, 0x27ad, 0x15ca, 0x15c6, 0xf17d, 0xf178, 0xfdc0, 0xfdb8, 
0x06de, 0x06d7, 0xf149, 0xf147, 0xef1e, 0xef1c, 0xf066, 0xf067, 
0xcc7a, 0xcc80, 0xd292, 0xd299, 0xf627, 0xf629, 0xf77e, 0xf781, 
0xf0a6, 0xf0ab, 0xc7d8, 0xc7da, 0xd34a, 0xd347, 0xf598, 0xf596, 
0x058a, 0x058c, 0x0619, 0x061d, 0xfdd9, 0xfddd, 0x100b, 0x100f, 
0x067b, 0x067d, 0x1a01, 0x1a00, 0x1875, 0x1877, 0x0bed, 0x0bf0, 
0x0d81, 0x0d84, 0x04ac, 0x04ae, 0x2348, 0x234b, 0x236a, 0x2372, 
0x11b0, 0x11b9, 0xf078, 0xf07d, 0xe7d6, 0xe7d9, 0xfc61, 0xfc62, 
0x09e8, 0x09ea, 0x1987, 0x198c, 0x0775, 0x077a, 0xf3c5, 0xf3ca, 
0x05df, 0x05e6, 0x22c6, 0x22cd, 0x11c7, 0x11cc, 0x115d, 0x1159, 
0xf52b, 0xf522, 0xd4e7, 0xd4e4, 0xe765, 0xe764, 0xe146, 0xe142, 
0xe79a, 0xe798, 0xd9a7, 0xd9aa, 0xe0af, 0xe0b0, 0xed00, 0xecfb, 
0x09de, 0x09d8, 0x23ee, 0x23e8, 0xfdba, 0xfdb7, 0x0ed3, 0x0ed7, 
0x1d82, 0x1d87, 0x1915, 0x1917, 0x1504, 0x1506, 0x0f20, 0x0f26, 
0xf92d, 0xf934, 0xe2cd, 0xe2d5, 0xee7f, 0xee86, 0xe613, 0xe615, 
0xe8f4, 0xe8f4, 0xdd53, 0xdd53, 0xdfa5, 0xdfa3, 0x08c2, 0x08bd, 
0x39be, 0x39b7, 0x3854, 0x384e, 0x0f75, 0x0f72, 0xffc0, 0xffc2, 
0xebe7, 0xebeb, 0xfb06, 0xfb07, 0x02b4, 0x02b3, 0x0a5e, 0x0a5d, 
0xfe7d, 0xfe7c, 0xf2ec, 0xf2ec, 0x05dc, 0x05dc, 0xfcc0, 0xfcbe, 
0x0b40, 0x0b3a, 0xf592, 0xf58d, 0x04ce, 0x04cc, 0x2fd9, 0x2fd7, 
0x304c, 0x304e, 0x38c6, 0x38c9, 0x1336, 0x1334, 0xe8d8, 0xe8d5, 
0xdf06, 0xdf08, 0xe34a, 0xe34e, 0xe233, 0xe237, 0xe950, 0xe953, 
0xd4a6, 0xd4a7, 0xc587, 0xc586, 0xdf20, 0xdf1d, 0xf06c, 0xf066, 
0x0027, 0x0026, 0xf297, 0xf29b, 0xffe3, 0xffe6, 0x0aed, 0x0aec, 
0x1f66, 0x1f64, 0x38f3, 0x38ef, 0x0c35, 0x0c35, 0xf16f, 0xf175, 
0xfa3c, 0xfa41, 0x0559, 0x0557, 0xf66e, 0xf66e, 0xf85d, 0xf85f, 
0xebf7, 0xebf9, 0xe8a5, 0xe8a6, 0x10c3, 0x10c2, 0x0be7, 0x0be7, 
0x1da6, 0x1da8, 0x235e, 0x2361, 0x18ba, 0x18bb, 0x2fcb, 0x2fc9, 
0x4697, 0x4693, 0x460f, 0x460e, 0x10f3, 0x10f5, 0xdf38, 0xdf3c, 
0xde06, 0xde08, 0xe630, 0xe62f, 0xe125, 0xe124, 0xe511, 0xe510, 
0xc634, 0xc633, 0xb634, 0xb633, 0xc3c8, 0xc3cb, 0xd2e7, 0xd2f0, 
0xfe51, 0xfe5d, 0xf7e8, 0xf7f3, 0x06a4, 0x06ab, 0x2f50, 0x2f52, 
0x3861, 0x3865, 0x3349, 0x334f, 0x0bee, 0x0bf4, 0xf798, 0xf79a, 
0x0254, 0x0254, 0x0d72, 0x0d72, 0x0359, 0x0358, 0x02e3, 0x02e2, 
0xf225, 0xf224, 0xd10c, 0xd10e, 0xe35d, 0xe35f, 0x0043, 0x0045, 
0x0a0e, 0x0a0e, 0x0136, 0x0130, 0x0f6e, 0x0f69, 0x281c, 0x281b, 
0x2d8a, 0x2d8c, 0x3a61, 0x3a63, 0x2f99, 0x2f97, 0x10a7, 0x10a2, 
0x051a, 0x0519, 0xeb4f, 0xeb51, 0xccd6, 0xccd4, 0xd414, 0xd411, 
0xbd67, 0xbd65, 0xba54, 0xba54, 0xe493, 0xe492, 0xf33a, 0xf334, 
0xfe64, 0xfe60, 0xf81f, 0xf81f, 0x0874, 0x0878, 0x1dbf, 0x1dc2, 
0x29a4, 0x29a6, 0x456e, 0x456d, 0x3229, 0x3226, 0x1173, 0x1174, 
0xfd2a, 0xfd34, 0xec24, 0xec2e, 0xe280, 0xe283, 0xdbfa, 0xdbfa, 
0xce72, 0xce6f, 0xcc68, 0xcc63, 0xd958, 0xd954, 0xf135, 0xf136, 
0x19bd, 0x19c3, 0x2642, 0x2649, 0x2385, 0x238a, 0x15aa, 0x15ac, 
0x15fa, 0x15f6, 0x2b22, 0x2b1e, 0x1f55, 0x1f55, 0xf4bc, 0xf4be, 
0xe52e, 0xe532, 0xf0f3, 0xf0f4, 0xe728, 0xe728, 0xfb51, 0xfb53, 
0xffbd, 0xffc5, 0xf1ee, 0xf1f5, 0x002b, 0x002b, 0x1468, 0x1463, 
0x2fba, 0x2fb7, 0x1f4d, 0x1f4c, 0x113a, 0x1137, 0x0479, 0x0475, 
0xfda2, 0xfda1, 0x1970, 0x1972, 0x058b, 0x0591, 0xd8c8, 0xd8ce, 
0xc910, 0xc912, 0xbbde, 0xbbdd, 0xc321, 0xc320, 0xefca, 0xefca, 
0xf95f, 0xf964, 0xf81f, 0xf827, 0x002d, 0x0033, 0x0efd, 0x0eff, 
0x1a93, 0x1a94, 0x06e5, 0x06e9, 0x09ec, 0x09f1, 0x0f55, 0x0f56, 
0x245f, 0x245d, 0x2f96, 0x2f94, 0x141e, 0x141d, 0xefec, 0xefef, 
0xd357, 0xd35f, 0xe17d, 0xe181, 0xf38f, 0xf38f, 0x06f4, 0x06f4, 
0x0c63, 0x0c63, 0x11d0, 0x11d0, 0x1bc6, 0x1bc3, 0x1f66, 0x1f5e, 
0x2be3, 0x2bde, 0x1399, 0x1398, 0xfcf3, 0xfcf3, 0xfb68, 0xfb68, 
0xfe3a, 0xfe39, 0x0a95, 0x0a93, 0x05d6, 0x05d2, 0xd93d, 0xd93b, 
0xc609, 0xc60a, 0xcfc7, 0xcfc6, 0xcd4d, 0xcd47, 0xe3cb, 0xe3ca, 
0xf2e7, 0xf2eb, 0x03cb, 0x03ce, 0x08de, 0x08db, 0x127c, 0x1277, 
0x258f, 0x258b, 0x1b91, 0x1b91, 0x1fb5, 0x1fb9, 0x0c85, 0x0c88, 
0x0af8, 0x0af7, 0x20a5, 0x20a4, 0x0f9e, 0x0f9c, 0xf5c4, 0xf5c1, 
0xeea4, 0xeea2, 0xe820, 0xe822, 0xe2a2, 0xe2a9, 0xff18, 0xff1d, 
0x059b, 0x059a, 0xf92a, 0xf928, 0xf45d, 0xf45e, 0xeb6a, 0xeb6d, 
0xec2d, 0xec30, 0x03c3, 0x03c4, 0x168f, 0x168e, 0x126a, 0x126d, 
0x1c13, 0x1c1b, 0x18e0, 0x18e3, 0x0c40, 0x0c3c, 0xf90a, 0xf907, 
0xecae, 0xecb1, 0xe919, 0xe91e, 0xef3e, 0xef3e, 0x0fe2, 0x0fe1, 
0x0a01, 0x0a02, 0x00e0, 0x00e3, 0xf684, 0xf687, 0xf4ab, 0xf4a9, 
0x1506, 0x1504, 0x170b, 0x170a, 0x0ab4, 0x0ab2, 0x00f4, 0x00f2, 
0xfa50, 0xfa53, 0x039f, 0x03a0, 0x0f4f, 0x0f4d, 0xf8de, 0xf8d9, 
0xe1fb, 0xe1f6, 0xde0d, 0xde07, 0xd807, 0xd801, 0xe52b, 0xe52b, 
0xfd32, 0xfd36, 0x0564, 0x0563, 0xf15a, 0xf156, 0xf5fe, 0xf5ff, 
0x031c, 0x0323, 0xfdb2, 0xfdb5, 0xfd76, 0xfd6f, 0xef1c, 0xef14, 
0xeed3, 0xeed2, 0x0c59, 0x0c5a, 0x2bcb, 0x2bcb, 0x204b, 0x204b, 
0x19e6, 0x19e5, 0x1ca9, 0x1ca7, 0x0ba1, 0x0b9e, 0x22e8, 0x22e6, 
0x28f9, 0x28f9, 0x1e7b, 0x1e79, 0x18e9, 0x18e5, 0x051a, 0x0519, 
0xfa3a, 0xfa3b, 0xf318, 0xf317, 0xe4db, 0xe4d8, 0xcbaf, 0xcbab, 
0xce61, 0xce5d, 0xdfee, 0xdfe9, 0xe639, 0xe637, 0xef9a, 0xef9c, 
0xfe98, 0xfe96, 0xf6d2, 0xf6cf, 0xf544, 0xf547, 0x03ee, 0x03f1, 
0xf662, 0xf660, 0xfb67, 0xfb63, 0xf210, 0xf20f, 0xe7a0, 0xe7a3, 
0xfe7c, 0xfe80, 0x0e94, 0x0e98, 0x0961, 0x0966, 0xf428, 0xf42b, 
0xfc44, 0xfc45, 0x09de, 0x09db, 0x2a43, 0x2a3f, 0x3ab8, 0x3ab4, 
0x3073, 0x306e, 0x2f85, 0x2f81, 0x1793, 0x178f, 0x1477, 0x146f, 
0x2428, 0x2422, 0x2751, 0x274f, 0x03c5, 0x03c3, 0xe632, 0xe631, 
0xe0e7, 0xe0e6, 0xd335, 0xd332, 0xd470, 0xd46d, 0xd029, 0xd024, 
0xcf2c, 0xcf24, 0xedc0, 0xedb7, 0x13ef, 0x13ec, 0x018c, 0x018e, 
0xf6c4, 0xf6c5, 0xf579, 0xf574, 0xd918, 0xd915, 0xe7af, 0xe7b2, 
0xffe4, 0xffe4, 0x0f14, 0x0f10, 0xfb72, 0xfb6c, 0xeb23, 0xeb1d, 
0xee72, 0xee6d, 0xf959, 0xf956, 0x0eab, 0x0ea5, 0x0103, 0x00fd, 
0x0c36, 0x0c33, 0x2bbf, 0x2bbf, 0x489d, 0x489a, 0x4962, 0x495c, 
0x310b, 0x3105, 0x179d, 0x1798, 0x0093, 0x008f, 0xfad5, 0xfacf, 
0xeca3, 0xec9e, 0xf1b9, 0xf1b5, 0xe6b1, 0xe6ae, 0xdaec, 0xdaeb, 
0xed14, 0xed18, 0xfdd4, 0xfdd5, 0xf1b4, 0xf1b4, 0xddf9, 0xddfa, 
0xef2d, 0xef2b, 0xfbfc, 0xfbfa, 0x204b, 0x204c, 0x278e, 0x2790, 
0x0e82, 0x0e83, 0xfe2c, 0xfe30, 0xe627, 0xe62d, 0xe3a4, 0xe3a8, 
0xe87d, 0xe87f, 0xfecf, 0xfed1, 0xf268, 0xf26c, 0xe196, 0xe199, 
0xf01f, 0xf021, 0xff1d, 0xff1d, 0x06cc, 0x06cd, 0xfe1b, 0xfe1e, 
0x05b4, 0x05b7, 0x1bcd, 0x1bcc, 0x36e4, 0x36e6, 0x2309, 0x2310, 
0x12bc, 0x12c3, 0x112c, 0x1130, 0xfff7, 0xfffa, 0xfcb3, 0xfcb7, 
0xf042, 0xf047, 0xeebf, 0xeec2, 0xdb31, 0xdb33, 0xcf1f, 0xcf1f, 
0xd18b, 0xd18a, 0xea63, 0xea62, 0x0cf2, 0x0cef, 0x0c20, 0x0c1a, 
0x18ff, 0x18fb, 0x27d5, 0x27d6, 0x419b, 0x419f, 0x3e58, 0x3e5a, 
0x28a1, 0x28a4, 0x1a10, 0x1a12, 0x032e, 0x032a, 0xf7e6, 0xf7dd, 
0xe9da, 0xe9d3, 0xeabd, 0xeabb, 0xdb54, 0xdb53, 0xc919, 0xc91a, 
0xcd33, 0xcd37, 0xdfef, 0xdff1, 0xe5c7, 0xe5ca, 0xea39, 0xea3a, 
0xff54, 0xff52, 0x0dbf, 0x0dbc, 0x39f7, 0x39f4, 0x3ee2, 0x3ee0, 
0x27c6, 0x27c5, 0x1055, 0x1051, 0xeb54, 0xeb53, 0xd71d, 0xd71e, 
0xcfd2, 0xcfce, 0xee7a, 0xee74, 0xea99, 0xea95, 0xd81c, 0xd817, 
0xe393, 0xe390, 0xfaa5, 0xfaa4, 0x14f4, 0x14f1, 0x1c35, 0x1c33, 
0x20ef, 0x20ed, 0x1f45, 0x1f43, 0x31d8, 0x31d7, 0x37db, 0x37d9, 
0x2f3c, 0x2f3a, 0x23ed, 0x23f0, 0x0a0e, 0x0a10, 0xf094, 0xf08e, 
0xdc7f, 0xdc76, 0xe18c, 0xe186, 0xd68d, 0xd68a, 0xcc2f, 0xcc30, 
0xd16b, 0xd16d, 0xf2be, 0xf2c0, 0x0e20, 0x0e27, 0x067a, 0x0680, 
0x0764, 0x0762, 0x0052, 0x004b, 0x1312, 0x130f, 0x1adf, 0x1ae0, 
0x16df, 0x16e0, 0x0d19, 0x0d19, 0xef1a, 0xef1e, 0xe5ef, 0xe5f5, 
0xdfc3, 0xdfc7, 0xee7e, 0xee82, 0xf148, 0xf149, 0xe60f, 0xe611, 
0xeb39, 0xeb3a, 0x09b0, 0x09b0, 0x22be, 0x22ba, 0x1c15, 0x1c10, 
0x1245, 0x1242, 0x075c, 0x075a, 0x173f, 0x173c, 0x1a61, 0x1a5b, 
0x1048, 0x1040, 0xffb6, 0xffb4, 0xeca5, 0xeca4, 0xe914, 0xe914, 
0xecf4, 0xecf6, 0x06e5, 0x06e3, 0x0196, 0x0193, 0xf8bc, 0xf8bd, 
0xfacc, 0xface, 0x09b3, 0x09b1, 0x1a46, 0x1a45, 0x1854, 0x1858, 
0x187d, 0x187f, 0x07c1, 0x07c0, 0x12ec, 0x12ee, 0x0f6d, 0x0f6b, 
0xfe61, 0xfe5b, 0xfce9, 0xfce7, 0xead4, 0xead7, 0xd6de, 0xd6e1, 
0xd465, 0xd466, 0xe9a7, 0xe9aa, 0xeb29, 0xeb30, 0xeea0, 0xeea8, 
0xf690, 0xf696, 0x0782, 0x0785, 0x0e75, 0x0e77, 0xff89, 0xff8b, 
0xf3f0, 0xf3f0, 0xeab0, 0xeaaf, 0x0864, 0x0865, 0x1048, 0x104c, 
0x1092, 0x1096, 0x101c, 0x101f, 0xfa28, 0xfa25, 0xe71e, 0xe71a, 
0xd7a1, 0xd7a1, 0xec7c, 0xec81, 0x023a, 0x023f, 0x129a, 0x129f, 
0x1820, 0x1824, 0x2e27, 0x2e26, 0x3dc3, 0x3dc2, 0x345e, 0x345a, 
0x3236, 0x3231, 0x1a63, 0x1a62, 0x18a9, 0x18ad, 0x1466, 0x146b, 
0x0ac0, 0x0ac2, 0xfc9d, 0xfc9c, 0xe5e4, 0xe5e5, 0xcdc8, 0xcdcb, 
0xb868, 0xb868, 0xcde6, 0xcde5, 0xd897, 0xd894, 0xd69e, 0xd69d, 
0xd694, 0xd698, 0xee24, 0xee29, 0xfd0e, 0xfd16, 0x02fc, 0x0305, 
0x09ab, 0x09ae, 0xefbf, 0xefbd, 0xfb31, 0xfb32, 0xfaea, 0xfaea, 
0xf94d, 0xf949, 0x0bb2, 0x0bac, 0x0e23, 0x0e21, 0x0195, 0x0196, 
0xfbb0, 0xfbae, 0x146d, 0x146b, 0x19ad, 0x19af, 0x200d, 0x200f, 
0x1d88, 0x1d89, 0x26c8, 0x26cb, 0x3037, 0x303c, 0x27e1, 0x27e1, 
0x1aa0, 0x1a9e, 0x057c, 0x057b, 0x1420, 0x1421, 0x07bc, 0x07be, 
0xfffb, 0xfffc, 0xfd20, 0xfd20, 0xe70b, 0xe709, 0xdd54, 0xdd52, 
0xdccd, 0xdccf, 0xf08c, 0xf08f, 0xf942, 0xf945, 0xf2d9, 0xf2da, 
0xd0b7, 0xd0b7, 0xd283, 0xd285, 0xde03, 0xde05, 0xd9d0, 0xd9d0, 
0xe5d4, 0xe5d6, 0xe44b, 0xe44c, 0xfbdf, 0xfbe0, 0x065c, 0x0662, 
0x0f97, 0x0fa1, 0x1a58, 0x1a61, 0x204f, 0x2056, 0x2363, 0x2368, 
0x18bd, 0x18c3, 0x2605, 0x2609, 0x2ee8, 0x2ee7, 0x25a4, 0x25a0, 
0x0ea5, 0x0e9f, 0x0df6, 0x0df2, 0xff59, 0xff55, 0xf811, 0xf811, 
0xf836, 0xf838, 0xd492, 0xd493, 0xd922, 0xd921, 0xe0e4, 0xe0e0, 
0xf376, 0xf373, 0x108b, 0x108d, 0x2160, 0x2166, 0x1c1c, 0x1c21, 
0x06c4, 0x06c9, 0x073f, 0x0743, 0xfe48, 0xfe49, 0xfc89, 0xfc8a, 
0xf356, 0xf359, 0xf021, 0xf025, 0xec8f, 0xec8f, 0xe98e, 0xe990, 
0xe9b2, 0xe9b3, 0xdb2d, 0xdb2f, 0xe702, 0xe70b, 0xeca5, 0xecb3, 
0x00fa, 0x0105, 0x1b6b, 0x1b76, 0x2681, 0x268b, 0x2756, 0x275a, 
0x1cec, 0x1cec, 0x1acf, 0x1acf, 0x2296, 0x229a, 0x20e7, 0x20ee, 
0xf00c, 0xf012, 0xe133, 0xe137, 0xe6ac, 0xe6af, 0xe6d8, 0xe6da, 
0xebdc, 0xebd9, 0xd9c3, 0xd9bf, 0xdcd5, 0xdcd3, 0xe1fd, 0xe1f9, 
0xf6dc, 0xf6d6, 0x0812, 0x080d, 0x1532, 0x152f, 0x21c8, 0x21c7, 
0x0ed3, 0x0ed6, 0x117b, 0x117f, 0x22e8, 0x22ea, 0x1e5d, 0x1e5b, 
0x066a, 0x0667, 0x0268, 0x0266, 0x008d, 0x008d, 0x0551, 0x0553, 
0x070b, 0x070a, 0xec01, 0xebfd, 0xe91a, 0xe915, 0xf4bd, 0xf4be, 
0x084b, 0x084f, 0x1962, 0x1964, 0x24e9, 0x24ed, 0x0be0, 0x0be5, 
0xeaa2, 0xeaa7, 0xf543, 0xf547, 0xf77a, 0xf780, 0xf927, 0xf92d, 
0xf08e, 0xf090, 0xe57c, 0xe579, 0xd709, 0xd709, 0xd214, 0xd218, 
0xdc9e, 0xdca2, 0xd6f6, 0xd6f6, 0xef48, 0xef47, 0x0b17, 0x0b15, 
0x1f96, 0x1f94, 0x310d, 0x3109, 0x32de, 0x32d9, 0x28e2, 0x28dc, 
0x1310, 0x130a, 0x0918, 0x0916, 0x06f4, 0x06f4, 0x018f, 0x0190, 
0xf161, 0xf161, 0xf08c, 0xf08a, 0xf069, 0xf066, 0xf9a9, 0xf9a7, 
0x1016, 0x1013, 0x0816, 0x0811, 0xfc09, 0xfc05, 0x0565, 0x0560, 
0x2559, 0x2554, 0x250c, 0x2509, 0x2806, 0x2805, 0x2e45, 0x2e47, 
0xfc0b, 0xfc12, 0xd936, 0xd93e, 0xce24, 0xce2a, 0xc627, 0xc62d, 
0xb98d, 0xb992, 0xbf77, 0xbf7a, 0xca35, 0xca35, 0xd5fe, 0xd5fc, 
0xfe61, 0xfe62, 0x08ba, 0x08b8, 0x0ab6, 0x0aad, 0x28eb, 0x28e0, 
0x401a, 0x4011, 0x3b31, 0x3b27, 0x3f05, 0x3f00, 0x3692, 0x3691, 
0x0b72, 0x0b76, 0xed15, 0xed1a, 0xe8b6, 0xe8b8, 0xf1ec, 0xf1e8, 
0xe690, 0xe687, 0xd665, 0xd65e, 0xc59c, 0xc59a, 0xd058, 0xd05a, 
0xf1df, 0xf1e1, 0x095f, 0x0962, 0x2ba0, 0x2ba1, 0x35bf, 0x35c0, 
0x3b67, 0x3b67, 0x3bb1, 0x3bb5, 0x3477, 0x347e, 0x2a99, 0x2a9e, 
0x0c4e, 0x0c4c, 0xee98, 0xee91, 0xd7b8, 0xd7b0, 0xd741, 0xd73f, 
0xcc72, 0xcc75, 0xbc96, 0xbc9a, 0xc602, 0xc607, 0xdc48, 0xdc4b, 
0xf647, 0xf645, 0x0f03, 0x0f04, 0x190c, 0x1911, 0x19a5, 0x19a5, 
0x27db, 0x27d8, 0x2b5f, 0x2b62, 0x2f7b, 0x2f82, 0x23d8, 0x23df, 
0xfb62, 0xfb68, 0xd498, 0xd49b, 0xcc09, 0xcc05, 0xdc2f, 0xdc2a, 
0xda2c, 0xda2e, 0xe1ea, 0xe1ef, 0xdd5b, 0xdd5c, 0xe2e9, 0xe2ea, 
0x0a5b, 0x0a5d, 0x15be, 0x15bf, 0x114e, 0x114f, 0x1b5d, 0x1b5f, 
0x31cf, 0x31cc, 0x3166, 0x3160, 0x314c, 0x314a, 0x30da, 0x30dc, 
0x1429, 0x142d, 0xfd55, 0xfd57, 0xf53d, 0xf53b, 0xf358, 0xf35b, 
0xf954, 0xf957, 0xf89f, 0xf89b, 0xe4c6, 0xe4c4, 0xee42, 0xee42, 
0x0791, 0x0792, 0x0a5c, 0x0a5f, 0xfabf, 0xfac0, 0xee3c, 0xee3b, 
0xf25c, 0xf25a, 0xec0a, 0xec0b, 0xf1b1, 0xf1b4, 0xf9ba, 0xf9ba, 
0xff35, 0xff36, 0xf227, 0xf22a, 0xd89a, 0xd898, 0xe3ff, 0xe3fb, 
0xe357, 0xe356, 0xd92e, 0xd92d, 0xe4b7, 0xe4b0, 0x0378, 0x0374, 
0x1b2a, 0x1b29, 0x1fd2, 0x1fd2, 0x2094, 0x2093, 0x195a, 0x195b, 
0x1ec7, 0x1ec8, 0x229f, 0x22a0, 0x1bf6, 0x1bf9, 0x2051, 0x2054, 
0x201a, 0x201a, 0xffe4, 0xffde, 0xeddc, 0xedd5, 0xfe6b, 0xfe6c, 
0x0925, 0x0928, 0x0b1f, 0x0b1f, 0x0053, 0x0054, 0xfd23, 0xfd23, 
0xfe05, 0xfe01, 0x000a, 0x0005, 0xf9bc, 0xf9b5, 0xecdd, 0xecda, 
0xf2a8, 0xf2a9, 0xeb31, 0xeb32, 0xee2b, 0xee2f, 0xf167, 0xf16e, 
0xe3c5, 0xe3c9, 0xd8e2, 0xd8e6, 0xcaec, 0xcaf1, 0xd1cd, 0xd1cf, 
0xed20, 0xed21, 0x0b98, 0x0b99, 0x1094, 0x1094, 0x1378, 0x1378, 
0x2cf2, 0x2cf2, 0x3261, 0x325e, 0x2329, 0x2326, 0x1c8f, 0x1c90, 
0x1ca9, 0x1cae, 0x1751, 0x1757, 0x163a, 0x163d, 0x16a1, 0x16aa, 
0x10a9, 0x10b6, 0xf158, 0xf15d, 0xcd89, 0xcd83, 0xcba8, 0xcba1, 
0xdf0d, 0xdf0a, 0xf753, 0xf74d, 0xf9de, 0xf9d6, 0x05f7, 0x05f3, 
0x1bb5, 0x1bb5, 0x1ba5, 0x1baa, 0x0493, 0x049a, 0xe851, 0xe855, 
0xf8b0, 0xf8ae, 0x0675, 0x066e, 0x0146, 0x0140, 0x0950, 0x0951, 
0x0846, 0x0848, 0xee71, 0xee73, 0xd9c5, 0xd9c5, 0xe958, 0xe954, 
0xf8d5, 0xf8d1, 0x0561, 0x055f, 0x130d, 0x130d, 0x123b, 0x123d, 
0x1635, 0x1638, 0x231a, 0x231d, 0x1862, 0x1865, 0x03fa, 0x03ff, 
0xff01, 0xff08, 0xef67, 0xef66, 0xe69c, 0xe697, 0xec1d, 0xec1a, 
0xf440, 0xf43e, 0xee11, 0xee0f, 0xeaa6, 0xeaa4, 0xf9d2, 0xf9d4, 
0xfa04, 0xfa08, 0x0234, 0x0236, 0xfe11, 0xfe0e, 0xf148, 0xf147, 
0xf703, 0xf704, 0xfb36, 0xfb34, 0x025b, 0x0253, 0x0455, 0x044e, 
0x0c5f, 0x0c60, 0x19de, 0x19e4, 0x1e79, 0x1e7e, 0x1a3e, 0x1a3e, 
0x1f64, 0x1f64, 0x26c3, 0x26c7, 0x16ac, 0x16b3, 0x057e, 0x0584, 
0x0a1d, 0x0a20, 0x192a, 0x1929, 0x0d18, 0x0d16, 0xf1e7, 0xf1e5, 
0xde25, 0xde1e, 0xd97b, 0xd973, 0xd638, 0xd638, 0xcb75, 0xcb7e, 
0xd820, 0xd826, 0xeb3a, 0xeb3b, 0xf6f5, 0xf6f7, 0xfa48, 0xfa48, 
0x07e4, 0x07e2, 0x0a86, 0x0a88, 0xf3b7, 0xf3bd, 0xf403, 0xf407, 
0xfc18, 0xfc1a, 0x08f6, 0x08f7, 0x04a4, 0x04a5, 0xf009, 0xf00d, 
0xfd0e, 0xfd11, 0x11be, 0x11be, 0x0a7c, 0x0a7f, 0x0211, 0x0215, 
0x0ef3, 0x0ef4, 0x0f04, 0x0f05, 0x0b9d, 0x0ba1, 0x2117, 0x211d, 
0x3edc, 0x3edf, 0x3c1e, 0x3c1d, 0x25e0, 0x25e0, 0x1840, 0x183e, 
0x09f7, 0x09f6, 0x09bc, 0x09be, 0xf6f5, 0xf6f6, 0xdcac, 0xdcad, 
0xe00c, 0xe00d, 0xe530, 0xe530, 0xd8eb, 0xd8ec, 0xcba3, 0xcba5, 
0xcbba, 0xcbba, 0xc733, 0xc730, 0xd6ab, 0xd6a8, 0xf5c7, 0xf5c8, 
0x11ab, 0x11ad, 0x1eb5, 0x1eb5, 0x143e, 0x143c, 0x1195, 0x1192, 
0x0da5, 0x0da4, 0x08fc, 0x0902, 0x0162, 0x016a, 0xf966, 0xf966, 
0xfe8f, 0xfe8b, 0x060d, 0x0609, 0x0111, 0x010c, 0xf3a4, 0xf39c, 
0xf716, 0xf710, 0x02d0, 0x02cf, 0x0913, 0x0913, 0x0858, 0x0858, 
0x1dac, 0x1dad, 0x3007, 0x3009, 0x23ec, 0x23ed, 0x1e5b, 0x1e59, 
0x17a7, 0x17a7, 0x1721, 0x1725, 0x0818, 0x0819, 0xe0d6, 0xe0d3, 
0xd524, 0xd522, 0xeadf, 0xeade, 0xebcd, 0xebcb, 0xd735, 0xd735, 
0xe0ef, 0xe0f1, 0xf0ba, 0xf0be, 0xf7e5, 0xf7e7, 0x01f1, 0x01ef, 
0x1a2a, 0x1a26, 0x29b5, 0x29b2, 0x17d1, 0x17d1, 0xfdf2, 0xfdf4, 
0xeb2f, 0xeb32, 0xf57c, 0xf582, 0xf9d2, 0xf9dc, 0xeb37, 0xeb3e, 
0xeeb2, 0xeeb8, 0xf3cb, 0xf3d4, 0xde36, 0xde3d, 0xd3fe, 0xd3fe, 
0xeda0, 0xed9d, 0x00d1, 0x00d1, 0x13b3, 0x13b4, 0x25ea, 0x25ea, 
0x3b16, 0x3b14, 0x4205, 0x4200, 0x218d, 0x2188, 0x0362, 0x0360, 
0xf3b2, 0xf3b2, 0xeccb, 0xecc9, 0xe02e, 0xe027, 0xd72b, 0xd722, 
0xe047, 0xe042, 0xf07f, 0xf080, 0xfb4a, 0xfb4c, 0x0732, 0x0732, 
0x1dfb, 0x1dfb, 0x2c73, 0x2c73, 0x2d63, 0x2d60, 0x2633, 0x262d, 
0x3116, 0x3114, 0x308d, 0x308d, 0x1249, 0x1246, 0xf8e7, 0xf8e4, 
0xdf6e, 0xdf71, 0xcecc, 0xced0, 0xc5d3, 0xc5d8, 0xb859, 0xb861, 
0xae3c, 0xae47, 0xcc72, 0xcc79, 0xf034, 0xf035, 0xf9fc, 0xf9fb, 
0x100b, 0x1009, 0x1b7c, 0x1b7a, 0x1a21, 0x1a21, 0x1cba, 0x1cba, 
0x2f40, 0x2f3d, 0x35d0, 0x35cb, 0x1b59, 0x1b54, 0xff9d, 0xff9a, 
0xe977, 0xe97a, 0xe799, 0xe7a0, 0xed8e, 0xed93, 0xe2d7, 0xe2d9, 
0xdab5, 0xdab3, 0xf279, 0xf277, 0x06bd, 0x06be, 0x1108, 0x1109, 
0x2319, 0x2318, 0x2e59, 0x2e59, 0x381a, 0x381b, 0x2c97, 0x2c9b, 
0x29e2, 0x29e5, 0x2438, 0x2437, 0x0285, 0x0280, 0xe78a, 0xe782, 
0xe09d, 0xe097, 0xe67f, 0xe680, 0xd5a4, 0xd5ac, 0xc75c, 0xc762, 
0xbeff, 0xbf03, 0xc40a, 0xc40b, 0xe15f, 0xe15d, 0xf554, 0xf552, 
0x02db, 0x02db, 0x0e7c, 0x0e7c, 0x1d8b, 0x1d88, 0x2130, 0x212c, 
0x2cbd, 0x2cbb, 0x3256, 0x3254, 0x1480, 0x147e, 0xf9d2, 0xf9ce, 
0xf6f8, 0xf6f6, 0xf610, 0xf611, 0xec80, 0xec84, 0xf05d, 0xf062, 
0xedf9, 0xedfc, 0xfb60, 0xfb65, 0x0933, 0x0939, 0x03c4, 0x03ca, 
0x044a, 0x044f, 0xf98a, 0xf98f, 0xfcbc, 0xfcbf, 0x0284, 0x0282, 
0x15b3, 0x15b4, 0x2299, 0x229c, 0x14e6, 0x14e6, 0x0603, 0x0601, 
0xebd0, 0xebd3, 0xeb7d, 0xeb84, 0xf2bc, 0xf2c0, 0xeeca, 0xeeca, 
0xe972, 0xe975, 0xefff, 0xf002, 0x016b, 0x016f, 0x0e53, 0x0e5a, 
0x17fb, 0x1800, 0x1190, 0x1192, 0x0fef, 0x0ff1, 0x0cb3, 0x0cb3, 
0x0d62, 0x0d61, 0x1106, 0x1109, 0x13a6, 0x13ac, 0x0865, 0x086f, 
0xf033, 0xf039, 0xebf5, 0xebf3, 0xe16a, 0xe165, 0xe257, 0xe253, 
0xd97e, 0xd978, 0xda58, 0xda53, 0xf960, 0xf960, 0x07d7, 0x07d6, 
0x0cc1, 0x0cbd, 0x014f, 0x014c, 0xfb89, 0xfb86, 0xec30, 0xec2e, 
0xf3d5, 0xf3d6, 0x124d, 0x124e, 0x08af, 0x08b1, 0xfb3a, 0xfb3e, 
0xf855, 0xf857, 0xfdfa, 0xfdfb, 0x06fc, 0x06fe, 0x16f6, 0x16f8, 
0x1b04, 0x1b09, 0x2205, 0x2207, 0x37af, 0x37ae, 0x3cdd, 0x3cdd, 
0x323c, 0x323e, 0x1c96, 0x1c98, 0x0afb, 0x0afb, 0xf403, 0xf406, 
0xf9e3, 0xf9e9, 0xfd4d, 0xfd50, 0xe641, 0xe640, 0xcd48, 0xcd45, 
0xb7a7, 0xb7a4, 0xc65c, 0xc65a, 0xcfee, 0xcff0, 0xe89f, 0xe89f, 
0xfa36, 0xfa33, 0xf36e, 0xf36c, 0xf52f, 0xf52d, 0xfae1, 0xfadf, 
0x090b, 0x090d, 0xf81a, 0xf818, 0xf71d, 0xf717, 0x00b6, 0x00b4, 
0x06a0, 0x06a1, 0x1474, 0x1472, 0x13b6, 0x13b5, 0x1188, 0x118f, 
0x08a2, 0x08aa, 0x0a12, 0x0a15, 0x08ce, 0x08ca, 0x13da, 0x13d5, 
0x1f4a, 0x1f47, 0x1ec3, 0x1ec0, 0x2598, 0x2593, 0x2d08, 0x2d04, 
0x2848, 0x2845, 0x0724, 0x0722, 0xf937, 0xf936, 0xf0f2, 0xf0ef, 
0xf192, 0xf18b, 0xf211, 0xf20f, 0xedb0, 0xedb6, 0xf2ac, 0xf2b1, 
0xdbba, 0xdbba, 0xd346, 0xd347, 0xd37e, 0xd381, 0xe382, 0xe385, 
0xede6, 0xede8, 0xe9b6, 0xe9b5, 0xf643, 0xf640, 0xf332, 0xf32e, 
0xff4b, 0xff47, 0x0998, 0x0997, 0x0622, 0x0620, 0x0660, 0x065c, 
0x1088, 0x1086, 0x200c, 0x200b, 0x1df6, 0x1df3, 0x11be, 0x11b8, 
0x07bc, 0x07b7, 0x086d, 0x086e, 0x0a74, 0x0a7a, 0x1338, 0x133c, 
0x0df2, 0x0df1, 0xfe6a, 0xfe64, 0xec41, 0xec3b, 0xebcb, 0xebc9, 
0x0109, 0x010c, 0xfe11, 0xfe15, 0x0647, 0x0649, 0xff52, 0xff52, 
0xf4fe, 0xf4fa, 0x05a7, 0x05a3, 0x09b7, 0x09b1, 0x0a76, 0x0a74, 
0x07b4, 0x07b8, 0x0781, 0x0785, 0xfc74, 0xfc6f, 0xfb9f, 0xfb98, 
0x02b7, 0x02b1, 0xe8c1, 0xe8be, 0xe2c1, 0xe2c1, 0xfeab, 0xfeb0, 
0x0227, 0x022c, 0xf910, 0xf90f, 0xf4f3, 0xf4ed, 0xee1e, 0xee1c, 
0xf95d, 0xf95f, 0x05f7, 0x05fa, 0x15d8, 0x15d9, 0x14cc, 0x14ca, 
0x0583, 0x0583, 0xfded, 0xfdf0, 0xf85e, 0xf860, 0x0e6c, 0x0e6a, 
0x0c21, 0x0c1d, 0xfbf9, 0xfbf7, 0xeee7, 0xeee6, 0xef1a, 0xef18, 
0x0448, 0x0448, 0xf038, 0xf039, 0xe2aa, 0xe2ac, 0xe3de, 0xe3df, 
0xec19, 0xec1b, 0xff9d, 0xffa5, 0x1734, 0x173b, 0x2f70, 0x2f79, 
0x2745, 0x274c, 0x2576, 0x2575, 0x264f, 0x264e, 0x22a5, 0x22a6, 
0x1675, 0x1674, 0xf766, 0xf765, 0xef9f, 0xef9d, 0xf6ee, 0xf6ec, 
0xf7fd, 0xf7fd, 0xf12f, 0xf12b, 0xe591, 0xe58b, 0xd6a3, 0xd6a1, 
0xd1bb, 0xd1bc, 0xe61d, 0xe622, 0x01ac, 0x01b2, 0x119b, 0x119a, 
0x1e0a, 0x1e05, 0x1e21, 0x1e1f, 0x0c12, 0x0c10, 0x03ff, 0x03fc, 
0xfaec, 0xfaea, 0xec57, 0xec57, 0xe5a9, 0xe5a6, 0xeab6, 0xeab3, 
0xed54, 0xed55, 0xe606, 0xe608, 0xe783, 0xe786, 0xe8aa, 0xe8ad, 
0xfcdd, 0xfce1, 0x1f0b, 0x1f0c, 0x2844, 0x2842, 0x2956, 0x2955, 
0x33b8, 0x33ba, 0x2672, 0x2673, 0x0725, 0x0727, 0x0943, 0x0949, 
0x175f, 0x1768, 0x05f2, 0x05f8, 0xe990, 0xe993, 0xe6e3, 0xe6e4, 
0xefa4, 0xefa4, 0xe8e6, 0xe8e9, 0xed87, 0xed8d, 0xf534, 0xf532, 
0xfcd4, 0xfccd, 0xfc65, 0xfc62, 0x0136, 0x0132, 0x128a, 0x1283, 
0x15fb, 0x15f5, 0x14ed, 0x14e6, 0xffe1, 0xffde, 0xe86a, 0xe86c, 
0xfa20, 0xfa20, 0xfbd3, 0xfbd1, 0xd077, 0xd075, 0xdb9e, 0xdba0, 
0xfe71, 0xfe73, 0x0d05, 0x0d08, 0x0e0b, 0x0e0e, 0x0c9a, 0x0c9e, 
0x0cdc, 0x0cdc, 0x0544, 0x0545, 0x13db, 0x13df, 0xf845, 0xf84c, 
0xf844, 0xf84b, 0x184a, 0x184e, 0xda57, 0xda5a, 0xe075, 0xe079, 
0xff31, 0xff35, 0xf24b, 0xf24c, 0xfba2, 0xfba0, 0x0e01, 0x0dfc, 
0x2e0f, 0x2e0b, 0x148f, 0x148d, 0x1564, 0x1564, 0x17ea, 0x17eb, 
0x0d6a, 0x0d6a, 0x15c2, 0x15c3, 0xd825, 0xd828, 0xe94a, 0xe94e, 
0x2a11, 0x2a13, 0xfb72, 0xfb73, 0xefe0, 0xefdd, 0xedaf, 0xedad, 
0xdec1, 0xdec2, 0xe879, 0xe87a, 0xf4a4, 0xf4a5, 0x1427, 0x1428, 
0x1778, 0x1777, 0x33e6, 0x33eb, 0x2ae5, 0x2aed, 0x0ced, 0x0ced, 
0x10b2, 0x10ac, 0xbf24, 0xbf1f, 0xcad1, 0xcad0, 0x06bd, 0x06be, 
0xe4f1, 0xe4ef, 0xf186, 0xf185, 0xdbd9, 0xdbd9, 0xc689, 0xc68a, 
0xd719, 0xd719, 0x0682, 0x0684, 0x1ac1, 0x1ac4, 0x0bb0, 0x0bb2, 
0x2ea3, 0x2ea0, 0x164f, 0x1650, 0x11ab, 0x11b0, 0x2afb, 0x2af9, 
0xeb81, 0xeb76, 0xfd4d, 0xfd44, 0x3117, 0x3112, 0x13ec, 0x13eb, 
0x14eb, 0x14ec, 0x0a85, 0x0a86, 0xe820, 0xe81d, 0xdcb9, 0xdcb5, 
0x0a9c, 0x0a98, 0x18f1, 0x18ec, 0xfe1d, 0xfe17, 0x14e7, 0x14e4, 
0xfd5f, 0xfd5f, 0xf5a8, 0xf5a9, 0x04b5, 0x04b8, 0xbdc2, 0xbdc6, 
0xd0dd, 0xd0e1, 0xfb8d, 0xfb8e, 0xee6d, 0xee6f, 0xf01f, 0xf021, 
0xece0, 0xece2, 0xe6f8, 0xe6fb, 0xdf9e, 0xdfa0, 0x0783, 0x0781, 
0x10bb, 0x10b9, 0x1398, 0x1399, 0x2cbf, 0x2cc1, 0x0a01, 0x0a04, 
0x16fe, 0x1703, 0x325d, 0x3265, 0xece3, 0xeceb, 0xf476, 0xf47b, 
0x12e9, 0x12ed, 0xfcaa, 0xfcaa, 0xfd94, 0xfd93, 0x0045, 0x0048, 
0xfbbb, 0xfbc1, 0xfa05, 0xfa09, 0x18fe, 0x1901, 0x15fc, 0x1601, 
0x0b13, 0x0b15, 0x2d5e, 0x2d61, 0x0172, 0x0177, 0x0528, 0x052d, 
0x2152, 0x2157, 0xd911, 0xd91b, 0xd86c, 0xd875, 0xe3d4, 0xe3dd, 
0xdf52, 0xdf58, 0xdb60, 0xdb61, 0xd665, 0xd666, 0xd3d9, 0xd3db, 
0xd769, 0xd76a, 0x0c32, 0x0c32, 0x0fea, 0x0fe8, 0x1192, 0x1190, 
0x3e67, 0x3e6a, 0x217a, 0x2180, 0x2acb, 0x2ad1, 0x2a8a, 0x2a91, 
0xeb59, 0xeb63, 0xf7e2, 0xf7e8, 0x037a, 0x0374, 0x07e2, 0x07d5, 
0x0beb, 0x0be1, 0xff06, 0xff01, 0xdcf8, 0xdcf3, 0xcc21, 0xcc1f, 
0xfe25, 0xfe25, 0x01a8, 0x01a8, 0x08be, 0x08be, 0x264c, 0x264b, 
0xfe64, 0xfe61, 0x21c3, 0x21be, 0x201b, 0x2015, 0xdbba, 0xdbb9, 
0xe644, 0xe646, 0xf94f, 0xf951, 0xfbe3, 0xfbe5, 0xfd18, 0xfd1a, 
0x057f, 0x0584, 0xde04, 0xde09, 0xca10, 0xca0e, 0x0407, 0x0400, 
0x0a19, 0x0a15, 0x1eda, 0x1edb, 0x32c9, 0x32cc, 0xf98a, 0xf989, 
0x1b34, 0x1b34, 0x29e0, 0x29e2, 0xeba3, 0xeba6, 0xde09, 0xde0b, 
0xef99, 0xef99, 0xf2c9, 0xf2c7, 0xed8d, 0xed8f, 0xff4e, 0xff54, 
0xe50f, 0xe513, 0xcc1b, 0xcc1b, 0xf4fe, 0xf4fa, 0xf301, 0xf300, 
0x1932, 0x1934, 0x3eb3, 0x3eb6, 0x0d66, 0x0d66, 0x21be, 0x21c0, 
0x26b2, 0x26b3, 0xf882, 0xf882, 0xe4cd, 0xe4ca, 0xe2b6, 0xe2af, 
0xe804, 0xe7fe, 0xede1, 0xeddf, 0x0714, 0x0713, 0xf6cd, 0xf6ce, 
0xe869, 0xe86c, 0x0aec, 0x0aee, 0xf824, 0xf829, 0x1fe8, 0x1ff0, 
0x4162, 0x4168, 0x1b4d, 0x1b50, 0x3876, 0x3878, 0x2ff6, 0x2ffa, 
0x0264, 0x026b, 0xecfc, 0xecfb, 0xe01d, 0xe018, 0xd838, 0xd837, 
0xd971, 0xd970, 0xf7f8, 0xf7f6, 0xdb1d, 0xdb1d, 0xc953, 0xc952, 
0xea66, 0xea66, 0xd6d4, 0xd6da, 0x040a, 0x040e, 0x2519, 0x2515, 
0x1143, 0x113c, 0x3a36, 0x3a35, 0x396d, 0x396d, 0x0e63, 0x0e62, 
0xf441, 0xf441, 0xf7e3, 0xf7e7, 0xf9c0, 0xf9c3, 0xe82e, 0xe82c, 
0xfbb6, 0xfbb2, 0xe062, 0xe062, 0xd19a, 0xd19b, 0xf5b3, 0xf5ac, 
0xeff2, 0xefec, 0x1ef4, 0x1ef9, 0x32c7, 0x32d2, 0x1de6, 0x1dee, 
0x3d75, 0x3d77, 0x40e0, 0x40de, 0x27bd, 0x27bd, 0xffe5, 0xffe8, 
0xf4da, 0xf4db, 0xf62c, 0xf628, 0xde7a, 0xde71, 0xe7d3, 0xe7ca, 
0xcc31, 0xcc2c, 0xc03e, 0xc03f, 0xd16c, 0xd16f, 0xc020, 0xc022, 
0xf58b, 0xf58d, 0x1320, 0x1320, 0x0a09, 0x0a08, 0x2dd8, 0x2dd5, 
0x3926, 0x3923, 0x34d2, 0x34d0, 0x15f6, 0x15f4, 0x02c4, 0x02c3, 
0xf8d8, 0xf8dd, 0xe7ee, 0xe7f4, 0xf429, 0xf42e, 0xce71, 0xce74, 
0xd0be, 0xd0c0, 0xea22, 0xea22, 0xd08b, 0xd08d, 0xfe87, 0xfe8a, 
0x16fa, 0x16f8, 0x0eb1, 0x0eb0, 0x2d11, 0x2d18, 0x3a91, 0x3a98, 
0x3ba5, 0x3ba4, 0x1abb, 0x1abc, 0x0f88, 0x0f8f, 0x046d, 0x0474, 
0xf59f, 0xf5a2, 0x0ca1, 0x0ca0, 0xdf04, 0xdf02, 0xd7bc, 0xd7bd, 
0xe88a, 0xe88a, 0xca11, 0xca0e, 0xed10, 0xed0e, 0x0396, 0x0398, 
0x0df0, 0x0df2, 0x2860, 0x2863, 0x2bc1, 0x2bc3, 0x27a2, 0x27a4, 
0x040e, 0x0412, 0x0125, 0x0129, 0xf757, 0xf759, 0xef52, 0xef52, 
0x051f, 0x051e, 0xd7ef, 0xd7eb, 0xd7d9, 0xd7d8, 0xe0e4, 0xe0e7, 
0xc5f4, 0xc5f5, 0xf098, 0xf094, 0x00ed, 0x00ed, 0x03ca, 0x03cd, 
0x2310, 0x2312, 0x2f03, 0x2f05, 0x28f6, 0x28f8, 0x0671, 0x0670, 
0x0442, 0x0441, 0xef2a, 0xef29, 0xf43b, 0xf43a, 0x16fc, 0x16fe, 
0xe6b7, 0xe6b9, 0xf0f6, 0xf0f8, 0xfacf, 0xface, 0xdd12, 0xdd0e, 
0x09d5, 0x09cf, 0x1bcc, 0x1bc4, 0x1288, 0x1282, 0x2112, 0x2113, 
0x3820, 0x3826, 0x30df, 0x30dd, 0x0a13, 0x0a0d, 0x0836, 0x0836, 
0xe364, 0xe366, 0xe103, 0xe104, 0xf9c9, 0xf9c9, 0xc9e9, 0xc9e8, 
0xd5e2, 0xd5e1, 0xe1a6, 0xe1a4, 0xc4fd, 0xc4fb, 0xe6a2, 0xe6a1, 
0xfc35, 0xfc38, 0xfd89, 0xfd8f, 0x1050, 0x1055, 0x2f44, 0x2f46, 
0x32f4, 0x32f6, 0x1237, 0x1238, 0x0e90, 0x0e93, 0xe849, 0xe84b, 
0xf3b7, 0xf3b2, 0x19b9, 0x19b6, 0xf99c, 0xf99f, 0x0cc3, 0x0cc7, 
0x0657, 0x0655, 0xdac7, 0xdac3, 0xeeef, 0xeeeb, 0x01a9, 0x01a7, 
0x056f, 0x056c, 0x12e5, 0x12e3, 0x30fc, 0x30fc, 0x29be, 0x29bd, 
0x11e8, 0x11e7, 0x143c, 0x143e, 0xe632, 0xe633, 0xede3, 0xede2, 
0x07b8, 0x07b5, 0xe582, 0xe57a, 0xf51d, 0xf513, 0xf660, 0xf65b, 
0xce69, 0xce69, 0xdd85, 0xdd8c, 0xf297, 0xf29d, 0xf0ba, 0xf0be, 
0xfb42, 0xfb49, 0x1fa5, 0x1fad, 0x1a09, 0x1a0b, 0x04ca, 0x04c7, 
0x1452, 0x144f, 0xf261, 0xf262, 0x0083, 0x0084, 0x1c3c, 0x1c3d, 
0xfbd3, 0xfbd1, 0x08a1, 0x089f, 0x07ea, 0x07e9, 0xe5c9, 0xe5c9, 
0xefe3, 0xefe4, 0x090a, 0x090f, 0x073c, 0x0744, 0x04ad, 0x04b6, 
0x2459, 0x245f, 0x1359, 0x1359, 0xfd5b, 0xfd55, 0x093f, 0x0936, 
0xe84d, 0xe846, 0xf29f, 0xf299, 0x0488, 0x0483, 0xe3eb, 0xe3e5, 
0xebfa, 0xebf7, 0xf5a8, 0xf5ab, 0xdc7d, 0xdc81, 0xe9eb, 0xe9ec, 
0x0678, 0x0675, 0x01a9, 0x01a7, 0xfd34, 0xfd34, 0x28a7, 0x28a5, 
0x283b, 0x283d, 0x1c53, 0x1c53, 0x2720, 0x271a, 0xf419, 0xf416, 
0xf463, 0xf468, 0x075e, 0x0768, 0xecf5, 0xed00, 0xf76a, 0xf76e, 
0xfaa4, 0xfaa3, 0xe049, 0xe04f, 0xe765, 0xe770, 0x0ab9, 0x0abf, 
0x0595, 0x059b, 0xf743, 0xf749, 0x1dc8, 0x1dc9, 0x1473, 0x1470, 
0x0cdc, 0x0cda, 0x1897, 0x1892, 0xec62, 0xec58, 0xec3c, 0xec36, 
0xfb11, 0xfb13, 0xdff9, 0xdff7, 0xe560, 0xe55c, 0xead2, 0xead4, 
0xd2d5, 0xd2da, 0xdca8, 0xdcaa, 0x0b48, 0x0b4a, 0x1949, 0x1947, 
0x1407, 0x1406, 0x3c87, 0x3c89, 0x313b, 0x313c, 0x284f, 0x2850, 
0x33e2, 0x33e4, 0x010b, 0x010d, 0xf586, 0xf584, 0xf6ff, 0xf6f9, 
0xe374, 0xe370, 0xf1f8, 0xf1f9, 0xf916, 0xf919, 0xdc81, 0xdc85, 
0xce3c, 0xce3b, 0xf57a, 0xf573, 0x025a, 0x0256, 0x0016, 0x0015, 
0x27cd, 0x27cd, 0x1bdf, 0x1be0, 0x17a8, 0x17aa, 0x21a1, 0x21a1, 
0xf75c, 0xf75b, 0xe926, 0xe92a, 0xe563, 0xe567, 0xce48, 0xce47, 
0xd882, 0xd87d, 0xe587, 0xe580, 0xd75d, 0xd758, 0xcef8, 0xcef5, 
0xf1bf, 0xf1bc, 0xfb03, 0xfb03, 0xf8bb, 0xf8bc, 0x2f6e, 0x2f69, 
0x370c, 0x3705, 0x403a, 0x4039, 0x4b34, 0x4b38, 0x2577, 0x257b, 
0x21e2, 0x21e6, 0x1e10, 0x1e17, 0x07c8, 0x07ce, 0x02e2, 0x02e9, 
0x0506, 0x050e, 0xefd0, 0xefd8, 0xd457, 0xd45b, 0xe6ac, 0xe6ae, 
};
